ST_CASE,VEH_NO,PER_NO,YEAR,P1,P2,P3,P4,P5,P6,P7,P8,P9,P10
10597,1,1,1998,22,22,22,22,22,22,22,22,22,22
10598,1,1,1998,31,36,28,13,19,22,19,10,0,0
10599,1,1,1998,0,0,0,0,0,0,0,0,0,0
10600,1,1,1998,13,13,13,13,13,13,13,13,13,13
10601,1,1,1998,7,0,0,6,23,4,16,18,4,0
10602,1,1,1998,17,8,14,7,27,0,0,13,12,11
10602,2,1,1998,0,0,0,0,0,0,0,0,3,0
10603,1,1,1998,0,0,0,0,9,0,0,0,0,8
10603,2,1,1998,0,0,0,0,0,0,0,0,0,0
10604,1,1,1998,0,0,0,0,0,0,9,0,9,0
10605,1,1,1998,0,0,0,0,0,0,0,0,0,0
10605,2,1,1998,0,0,0,0,0,0,0,0,0,0
10605,3,1,1998,0,0,0,0,0,0,0,0,0,0
10606,1,1,1998,0,0,0,0,0,0,0,0,0,0
10606,2,1,1998,0,0,0,0,0,0,0,0,0,0
10607,1,1,1998,0,0,0,0,0,0,0,0,0,0
10607,2,1,1998,19,0,0,0,0,0,0,0,0,0
10608,1,1,1998,15,0,0,16,18,22,6,10,21,0
10609,1,1,1998,0,0,0,0,0,0,0,4,0,0
10610,1,1,1998,0,0,0,0,0,0,0,0,0,0
10610,2,1,1998,0,0,0,0,12,0,0,0,0,0
10611,1,1,1998,20,27,0,18,0,0,0,0,0,0
10612,1,1,1998,0,0,0,0,0,8,0,0,24,0
10613,1,1,1998,0,0,0,0,0,0,0,0,0,0
10613,2,1,1998,0,0,0,0,0,0,0,0,0,0
10613,3,1,1998,0,0,0,0,0,0,0,0,0,0
10614,1,1,1998,0,15,24,13,0,29,34,0,49,0
10615,1,1,1998,0,0,0,0,0,15,0,0,0,0
10615,2,1,1998,0,0,0,0,0,0,0,0,0,0
10616,0,1,1998,0,0,0,0,0,0,0,0,0,0
10616,1,1,1998,0,0,0,0,0,0,0,0,0,0
10617,1,1,1998,0,0,0,0,0,0,0,0,0,20
10618,1,1,1998,3,0,0,0,0,0,0,0,0,0
10619,1,1,1998,0,0,13,0,0,0,0,0,0,0
10619,2,1,1998,0,0,0,0,0,0,0,0,0,0
10620,1,1,1998,32,32,32,32,32,32,32,32,32,32
10621,1,1,1998,0,0,0,0,0,0,0,0,0,0
10622,0,1,1998,0,0,0,16,11,6,41,0,0,0
10622,1,1,1998,0,0,0,0,0,0,0,0,0,0
10622,2,1,1998,0,0,0,0,0,17,0,0,0,0
10623,1,1,1998,32,20,15,19,17,27,20,10,13,20
10624,1,1,1998,5,14,0,0,0,10,0,0,0,17
10625,1,1,1998,0,27,0,0,0,0,18,22,22,0
10626,1,1,1998,0,0,0,0,0,0,0,0,0,0
10626,2,1,1998,0,0,0,0,0,0,0,0,0,0
10627,1,1,1998,0,0,0,12,0,0,0,32,0,15
10628,1,1,1998,0,8,5,0,0,0,0,1,0,0
10628,2,1,1998,0,0,9,7,28,30,25,0,13,15
10629,1,1,1998,3,21,8,11,20,6,30,14,17,26
10630,1,1,1998,0,0,0,0,0,0,0,0,0,0
10631,1,1,1998,0,16,0,9,0,7,0,0,0,24
10632,1,1,1998,7,12,0,21,10,22,21,0,22,14
10633,1,1,1998,0,0,0,0,0,0,7,28,0,0
10634,1,1,1998,0,0,0,0,0,0,0,0,0,0
10634,2,1,1998,0,0,0,0,0,0,0,0,0,0
10635,1,1,1998,37,22,25,30,0,19,13,12,0,35
10635,2,1,1998,0,0,0,0,0,0,0,0,0,0
10636,1,1,1998,8,0,0,0,0,0,13,0,0,0
10636,2,1,1998,0,0,0,0,0,0,0,0,0,0
10637,1,1,1998,0,0,0,0,0,0,0,0,0,11
10637,2,1,1998,0,0,0,0,0,0,0,0,0,0
10637,3,1,1998,0,0,0,0,0,0,0,0,0,0
10638,1,1,1998,0,0,0,0,0,0,0,0,0,0
10638,2,1,1998,0,19,0,0,0,0,0,0,26,0
10639,1,1,1998,0,0,0,0,0,0,0,28,0,0
10640,1,1,1998,16,16,16,16,16,16,16,16,16,16
10641,1,1,1998,0,7,0,0,0,0,0,5,0,0
10641,2,1,1998,0,0,0,0,0,0,0,0,0,0
10641,3,1,1998,0,0,0,0,0,0,0,0,0,0
10641,4,1,1998,0,0,0,0,0,0,0,0,0,0
10641,5,1,1998,0,0,0,0,0,0,0,0,0,0
10642,1,1,1998,9,11,14,26,22,26,23,11,20,26
10643,0,1,1998,40,0,13,25,31,0,0,13,0,27
10643,1,1,1998,0,0,0,0,0,0,0,0,0,0
10644,1,1,1998,11,19,16,13,0,0,14,7,15,13
10644,2,1,1998,0,0,0,0,0,0,0,0,0,0
10645,1,1,1998,18,20,8,10,14,16,19,30,17,19
10646,1,1,1998,0,4,0,0,0,0,0,0,0,0
10646,2,1,1998,0,0,0,0,0,0,0,0,0,0
10646,3,1,1998,0,0,0,0,0,0,0,0,0,0
10647,1,1,1998,0,0,0,0,0,0,10,0,17,0
10648,1,1,1998,21,0,14,28,0,0,0,9,0,0
10649,1,1,1998,14,14,14,14,14,14,14,14,14,14
10650,1,1,1998,2,2,2,2,2,2,2,2,2,2
10650,2,1,1998,0,0,0,0,0,0,0,0,0,0
10651,1,1,1998,21,27,20,16,20,0,10,25,10,6
10651,2,1,1998,0,0,0,0,0,0,0,0,0,0
10652,1,1,1998,0,0,0,0,0,0,0,0,0,0
10652,2,1,1998,0,0,0,0,0,0,0,0,0,0
10652,3,1,1998,0,0,0,0,0,0,0,0,0,0
10653,1,1,1998,0,12,17,17,18,22,15,14,16,29
10653,2,1,1998,0,0,0,0,0,0,0,0,0,0
10654,1,1,1998,17,17,17,17,17,17,17,17,17,17
10654,2,1,1998,8,0,0,0,0,0,0,0,0,7
10655,1,1,1998,0,10,21,19,15,9,0,14,0,16
10656,1,1,1998,0,0,0,0,0,0,0,0,0,0
10656,2,1,1998,0,13,0,0,0,0,0,0,0,0
10657,1,1,1998,28,27,0,24,14,13,32,17,32,16
10658,1,1,1998,18,12,9,0,25,4,0,12,14,9
10659,1,1,1998,9,9,10,17,38,14,17,4,11,5
10660,1,1,1998,5,13,17,7,7,11,15,21,26,15
10660,2,1,1998,0,0,0,0,0,0,0,0,0,0
10661,1,1,1998,0,0,0,0,0,2,0,0,0,12
10662,0,1,1998,0,0,0,0,0,0,0,18,0,0
10662,1,1,1998,0,0,0,0,0,0,0,0,0,0
10663,1,1,1998,0,0,0,0,0,0,0,0,0,0
10664,1,1,1998,16,20,0,6,0,10,0,0,0,0
10665,0,1,1998,0,0,0,0,0,0,0,2,0,0
10665,1,1,1998,0,0,0,0,0,0,0,0,0,0
10666,1,1,1998,0,0,18,0,18,11,17,7,24,26
10667,1,1,1998,0,0,0,4,0,0,0,0,0,0
10667,2,1,1998,0,0,0,0,0,0,0,0,0,0
10668,1,1,1998,16,29,0,0,3,26,12,15,0,0
10668,2,1,1998,0,0,0,0,0,0,0,0,0,0
10669,1,1,1998,0,0,0,0,0,0,0,0,0,0
10670,1,1,1998,0,0,0,0,0,0,0,0,0,0
10670,2,1,1998,0,0,0,0,0,0,0,0,0,0
10671,1,1,1998,25,12,34,19,22,15,36,6,21,53
10672,1,1,1998,0,0,0,0,23,0,0,0,0,0
10673,1,1,1998,0,9,0,0,0,20,0,0,15,0
10673,2,1,1998,0,0,0,0,0,0,0,0,0,0
10674,0,1,1998,0,38,0,0,8,41,10,24,10,8
10674,1,1,1998,0,0,0,15,0,21,10,10,5,0
10675,1,1,1998,23,28,0,0,7,0,22,9,18,0
10675,2,1,1998,0,9,0,0,0,0,0,20,0,0
10676,1,1,1998,0,0,15,0,0,0,0,0,0,0
10676,2,1,1998,0,0,0,0,0,0,0,0,0,0
10677,1,1,1998,0,0,0,0,0,0,0,0,0,0
10677,2,1,1998,0,0,0,0,0,0,0,0,0,0
10678,1,1,1998,0,12,0,0,0,10,6,0,0,0
10679,1,1,1998,0,0,0,0,0,0,0,0,0,0
10680,1,1,1998,14,14,4,32,20,20,31,25,23,19
10681,1,1,1998,0,0,0,0,0,0,0,0,0,0
10681,2,1,1998,0,0,0,0,0,0,0,0,0,0
10682,1,1,1998,0,0,0,0,0,0,12,6,0,0
10683,1,1,1998,0,0,0,0,0,0,0,0,0,0
10683,2,1,1998,0,0,0,0,0,0,0,0,0,0
10684,0,1,1998,0,0,0,0,0,0,0,0,0,0
10684,1,1,1998,0,0,0,0,0,0,0,0,0,0
10685,1,1,1998,26,26,26,26,26,26,26,26,26,26
10686,1,1,1998,0,12,0,0,0,0,0,0,0,0
10686,2,1,1998,0,0,0,0,0,0,0,0,0,0
10687,1,1,1998,0,0,41,0,0,0,12,0,0,0
10687,2,1,1998,0,0,0,0,0,0,0,0,0,0
10687,3,1,1998,0,0,0,0,0,0,0,0,0,0
10687,4,1,1998,0,0,0,0,0,0,0,0,0,0
10688,0,1,1998,30,14,20,23,21,14,0,20,19,19
10688,1,1,1998,0,0,0,0,0,0,0,0,0,0
10689,1,1,1998,0,0,0,0,0,0,0,0,0,0
10689,2,1,1998,0,0,0,0,0,0,0,0,0,0
10690,1,1,1998,0,0,0,0,0,0,0,0,0,0
10690,2,1,1998,0,0,0,0,0,0,0,0,0,0
10691,1,1,1998,0,0,0,0,0,24,0,0,0,0
10691,2,1,1998,0,0,0,0,0,0,0,0,0,0
10691,3,1,1998,0,0,0,0,0,0,0,0,0,0
10692,0,1,1998,0,0,0,0,0,0,0,0,0,0
10692,0,2,1998,0,0,0,0,0,0,0,6,0,0
10692,1,1,1998,1,1,1,1,1,1,1,1,1,1
10693,0,1,1998,0,0,0,0,0,0,0,0,0,0
10693,1,1,1998,10,0,7,22,5,3,0,13,17,24
10694,1,1,1998,20,20,20,20,20,20,20,20,20,20
10695,1,1,1998,34,34,34,34,34,34,34,34,34,34
10696,1,1,1998,0,0,0,0,0,0,0,0,0,0
10696,2,1,1998,0,0,0,0,0,0,0,0,0,0
10697,1,1,1998,0,0,0,0,0,0,0,0,4,0
10697,2,1,1998,0,0,0,0,0,0,0,0,0,0
10698,1,1,1998,11,11,11,11,11,11,11,11,11,11
10699,0,1,1998,0,9,27,0,0,0,0,0,0,28
10699,1,1,1998,26,0,5,0,0,0,0,0,0,0
10700,1,1,1998,0,0,7,0,0,0,20,27,0,12
10701,1,1,1998,18,18,18,18,18,18,18,18,18,18
10702,1,1,1998,15,15,15,15,15,15,15,15,15,15
10703,1,1,1998,0,0,0,0,0,0,0,0,0,0
10703,2,1,1998,0,0,0,0,0,0,6,0,0,0
10704,0,1,1998,0,0,0,0,10,0,0,0,0,25
10704,1,1,1998,0,0,0,0,0,0,0,0,0,0
10705,1,1,1998,0,0,0,0,0,0,0,0,0,0
10706,1,1,1998,0,0,0,17,13,0,20,0,0,0
10707,1,1,1998,0,0,0,20,13,0,16,0,0,19
10708,0,1,1998,0,12,0,0,10,0,0,0,0,0
10708,1,1,1998,0,0,0,0,0,0,0,0,0,0
10708,2,1,1998,0,0,0,0,0,0,0,0,0,0
10709,0,1,1998,0,0,0,0,0,0,0,0,0,0
10709,1,1,1998,0,0,0,0,0,0,0,0,0,0
10710,1,1,1998,14,5,11,17,17,7,5,15,15,15
10711,1,1,1998,16,16,16,16,16,16,16,16,16,16
10712,1,1,1998,0,0,0,0,0,0,0,0,0,0
10712,2,1,1998,0,0,0,0,0,0,0,0,0,0
10712,3,1,1998,0,0,0,0,0,0,0,0,0,0
10713,1,1,1998,0,6,0,6,0,17,0,0,0,0
10713,2,1,1998,0,0,0,0,12,0,3,8,0,0
10714,1,1,1998,26,0,0,0,0,0,20,0,0,0
10714,2,1,1998,0,0,0,0,0,0,0,0,0,0
10715,1,1,1998,34,34,34,34,34,34,34,34,34,34
10716,1,1,1998,6,0,21,44,13,13,17,12,0,12
10717,1,1,1998,20,20,20,20,20,20,20,20,20,20
10718,1,1,1998,23,23,20,4,15,0,15,16,28,9
10719,1,1,1998,0,0,0,0,0,0,0,0,0,0
10720,0,1,1998,11,24,31,16,3,36,19,27,0,8
10720,1,1,1998,0,0,0,0,0,0,0,0,0,0
10721,1,1,1998,0,0,0,0,0,0,0,0,0,0
10722,1,1,1998,0,0,0,0,0,0,0,3,0,0
10722,2,1,1998,0,0,0,0,0,0,0,0,0,0
10723,1,1,1998,14,0,0,0,0,0,0,0,0,0
10724,1,1,1998,12,31,13,30,8,21,21,24,18,21
10725,1,1,1998,25,25,25,25,25,25,25,25,25,25
10726,1,1,1998,0,0,0,0,16,0,0,11,0,0
10727,0,1,1998,0,0,0,0,0,0,0,0,0,0
10727,1,1,1998,0,0,0,0,0,0,0,0,0,0
10728,1,1,1998,0,0,0,0,0,0,0,0,0,0
10729,1,1,1998,58,58,58,58,58,58,58,58,58,58
10730,1,1,1998,0,0,0,0,0,0,0,0,0,0
10730,2,1,1998,0,0,0,0,0,0,0,0,0,0
10731,0,1,1998,0,0,0,0,56,17,0,0,0,17
10731,1,1,1998,0,0,0,0,0,0,0,0,0,0
10731,2,1,1998,0,0,0,0,0,0,0,0,0,0
10732,1,1,1998,0,0,0,0,0,0,0,0,0,0
10732,2,1,1998,0,0,0,0,0,0,0,0,0,0
10733,1,1,1998,0,0,0,0,0,0,0,0,0,0
10733,2,1,1998,0,0,0,0,0,0,0,0,0,0
10734,1,1,1998,0,0,0,24,0,0,0,0,0,0
10735,1,1,1998,0,0,0,0,0,0,0,0,0,0
10735,2,1,1998,0,0,0,0,0,0,0,0,0,0
10736,1,1,1998,25,25,25,25,25,25,25,25,25,25
10736,2,1,1998,26,0,0,12,19,0,0,11,0,0
10736,3,1,1998,0,0,0,0,0,0,0,0,0,0
10737,1,1,1998,21,21,21,21,21,21,21,21,21,21
10738,1,1,1998,0,0,0,0,12,0,0,0,0,0
10738,2,1,1998,0,0,0,0,0,0,0,0,0,0
10739,1,1,1998,11,25,22,10,15,29,8,14,23,28
10740,1,1,1998,0,0,0,6,0,0,0,0,0,0
10741,0,1,1998,0,0,0,0,0,0,0,0,0,0
10741,1,1,1998,0,0,0,0,0,0,0,0,0,0
10742,1,1,1998,0,0,0,0,0,0,0,0,0,0
10742,2,1,1998,0,0,0,0,0,0,0,0,0,0
10743,1,1,1998,0,0,0,0,0,0,0,0,0,0
10744,2,1,1998,0,0,0,0,0,0,0,0,0,0
10745,1,1,1998,35,17,4,21,14,12,8,14,17,11
10745,2,1,1998,0,0,0,0,0,0,0,0,0,0
10746,0,1,1998,19,11,0,0,0,0,0,0,0,0
10746,1,1,1998,0,0,0,0,0,0,0,0,0,0
10747,1,1,1998,0,0,0,0,0,0,0,0,0,0
10747,2,1,1998,0,0,0,0,0,0,0,0,0,0
10748,1,1,1998,0,0,0,0,0,0,0,0,0,0
10749,1,1,1998,15,0,0,0,0,0,0,0,0,0
10749,2,1,1998,0,0,0,0,0,0,0,0,0,0
10750,1,1,1998,0,0,0,0,0,0,0,0,0,0
10750,2,1,1998,0,0,0,0,0,0,0,0,0,0
10751,1,1,1998,17,21,22,17,15,23,19,17,35,28
10752,1,1,1998,0,0,0,0,0,0,0,0,0,0
10753,0,1,1998,0,0,0,0,0,0,0,0,0,0
10753,1,1,1998,0,0,0,0,0,0,0,0,0,0
10754,1,1,1998,0,0,0,0,0,0,0,0,0,0
10754,2,1,1998,0,5,0,0,0,0,0,0,0,0
10755,1,1,1998,11,11,11,11,11,11,11,11,11,11
10755,2,1,1998,0,0,0,0,0,0,0,0,0,0
10755,3,1,1998,0,0,0,0,0,0,0,0,0,0
10756,1,1,1998,16,6,12,16,16,5,9,15,12,14
10757,1,1,1998,0,0,0,0,0,0,0,0,0,0
10757,2,1,1998,0,0,0,0,0,0,0,0,0,0
10758,1,1,1998,0,0,0,0,0,0,0,0,0,0
10758,2,1,1998,0,0,0,0,0,0,0,0,0,0
10759,1,1,1998,0,0,0,0,13,0,24,0,2,0
10760,1,1,1998,10,20,15,0,14,21,14,25,12,18
10760,2,1,1998,0,0,0,0,0,0,0,0,0,0
10761,1,1,1998,0,0,0,0,0,0,0,0,0,0
10762,1,1,1998,0,0,0,0,0,0,0,0,0,0
10763,1,1,1998,0,16,0,0,0,0,0,0,0,0
10763,2,1,1998,9,5,13,3,14,0,11,0,18,22
10764,1,1,1998,0,0,0,0,0,0,0,0,0,0
10764,2,1,1998,0,0,0,0,0,0,0,0,0,0
10765,1,1,1998,0,0,0,0,0,0,0,0,0,0
10765,2,1,1998,0,0,0,0,0,0,0,0,0,0
10766,1,1,1998,0,0,0,0,0,0,0,0,0,0
10766,2,1,1998,0,0,0,0,0,0,0,0,0,0
10767,1,1,1998,0,0,0,0,0,0,0,0,0,0
10767,2,1,1998,0,0,0,0,0,0,0,0,0,0
10768,0,1,1998,16,7,24,0,15,21,0,24,32,41
10768,1,1,1998,16,9,8,0,0,19,0,12,0,0
10769,1,1,1998,16,15,8,10,16,25,22,14,33,15
10770,1,1,1998,25,25,25,25,25,25,25,25,25,25
10771,1,1,1998,0,0,0,0,0,0,0,0,0,0
10771,2,1,1998,0,0,0,0,0,0,0,0,0,0
10772,1,1,1998,0,0,0,0,0,0,0,0,0,0
10772,2,1,1998,0,0,0,0,0,0,0,0,10,0
10773,1,1,1998,0,0,0,0,0,0,6,0,0,0
10773,2,1,1998,0,0,0,0,0,0,0,0,0,0
10774,0,1,1998,0,10,0,0,17,0,0,0,0,0
10774,1,1,1998,0,0,0,0,0,0,0,0,0,0
10774,2,1,1998,0,0,0,0,0,0,0,0,0,0
10775,1,1,1998,0,0,0,0,0,0,0,0,0,0
10775,2,1,1998,0,0,0,0,0,0,0,0,0,0
10776,1,1,1998,0,0,0,0,0,0,0,0,0,0
10777,1,1,1998,0,0,0,0,21,17,0,0,18,0
10778,1,1,1998,0,0,0,0,0,0,0,0,0,0
10779,1,1,1998,0,0,0,0,0,0,0,0,0,0
10779,2,1,1998,0,0,0,0,0,0,0,0,0,0
10780,1,1,1998,22,23,14,47,7,19,23,18,10,17
10780,2,1,1998,0,0,0,0,0,0,0,0,0,0
10781,1,1,1998,16,29,28,0,21,10,23,20,17,0
10781,2,1,1998,0,0,0,0,0,0,0,0,0,0
10782,1,1,1998,0,0,0,0,0,0,0,0,0,0
10783,1,1,1998,0,0,0,0,0,0,0,0,0,0
10783,2,1,1998,0,0,0,0,0,0,0,0,0,0
10784,1,1,1998,0,0,0,0,0,0,0,0,0,0
10784,2,1,1998,0,0,0,0,0,0,0,0,0,0
10785,1,1,1998,19,0,0,0,0,12,0,0,0,0
10785,2,1,1998,0,0,0,0,0,8,0,0,0,0
10785,3,1,1998,0,0,0,0,0,0,0,0,0,0
10786,1,1,1998,0,0,0,0,10,0,0,0,0,0
10786,2,1,1998,0,0,0,6,0,0,0,0,0,0
10787,1,1,1998,0,0,0,0,0,0,0,0,0,0
10787,2,1,1998,0,0,0,15,0,0,0,0,0,0
10788,1,1,1998,0,0,13,0,0,0,0,0,0,0
10789,1,1,1998,0,0,0,0,0,0,0,0,0,0
10789,2,1,1998,0,0,0,0,0,0,0,0,0,0
10790,1,1,1998,0,21,25,10,0,17,0,0,9,0
10790,2,1,1998,0,0,0,0,0,0,0,0,0,0
10790,3,1,1998,0,0,0,0,0,0,0,0,0,0
10791,1,1,1998,17,18,38,15,18,12,31,0,22,16
10792,1,1,1998,0,0,0,0,0,13,0,0,0,0
10792,2,1,1998,0,0,0,0,0,0,0,0,0,0
10793,1,1,1998,20,0,0,7,0,0,11,0,0,0
10794,1,1,1998,0,6,0,0,15,7,5,15,0,6
10795,1,1,1998,0,0,0,0,0,0,0,0,0,0
10795,2,1,1998,0,0,0,0,0,0,0,0,0,0
10796,1,1,1998,35,35,35,35,35,35,35,35,35,35
10797,1,1,1998,0,0,0,0,7,0,0,0,0,0
10797,2,1,1998,0,0,0,0,0,0,0,0,0,0
10798,1,1,1998,0,0,0,0,0,0,0,0,0,0
10799,1,1,1998,0,0,0,0,0,0,0,0,0,0
10799,2,1,1998,0,0,0,0,0,0,0,0,0,0
10800,0,1,1998,0,0,0,0,0,0,0,0,0,0
10800,1,1,1998,0,0,0,0,0,0,1,0,0,0
10801,1,1,1998,0,0,0,0,0,0,0,17,0,0
10801,2,1,1998,0,0,0,0,0,0,0,0,0,0
10802,1,1,1998,0,22,0,0,0,7,3,6,0,0
10803,0,1,1998,6,27,26,0,0,9,29,19,18,22
10803,1,1,1998,0,0,0,0,0,0,0,0,0,0
10804,0,1,1998,34,0,23,5,22,12,24,33,28,15
10804,1,1,1998,0,0,0,0,0,0,0,0,0,0
10805,0,1,1998,0,0,0,0,0,20,0,0,0,0
10805,1,1,1998,0,0,0,0,0,0,0,0,0,0
10806,1,1,1998,0,11,11,13,0,0,12,0,0,0
10807,1,1,1998,0,0,0,0,0,0,0,0,0,0
10807,2,1,1998,0,0,0,0,0,0,7,0,0,0
10808,1,1,1998,0,0,0,0,0,0,0,0,0,0
10808,2,1,1998,0,0,0,0,0,0,0,0,0,0
10809,1,1,1998,0,10,0,0,0,0,0,14,0,0
10809,2,1,1998,0,0,0,0,0,0,0,0,0,0
10809,3,1,1998,0,0,0,0,0,0,0,0,0,0
10810,1,1,1998,0,0,0,0,0,0,0,0,0,15
10810,2,1,1998,0,0,0,0,0,27,0,0,0,0
10811,1,1,1998,0,34,42,10,11,37,0,0,0,15
10812,1,1,1998,0,0,0,0,0,0,0,0,0,0
10812,2,1,1998,0,0,0,8,0,16,10,11,0,0
10813,1,1,1998,0,0,0,0,16,0,0,0,0,0
10813,2,1,1998,0,0,0,0,0,0,0,0,0,0
10814,1,1,1998,0,0,0,0,0,7,0,0,0,0
10814,2,1,1998,0,0,0,0,0,0,0,0,0,0
10815,1,1,1998,17,17,17,17,17,17,17,17,17,17
10816,1,1,1998,0,0,0,0,0,0,0,0,0,0
10816,2,1,1998,0,0,0,0,0,0,0,0,0,0
10817,1,1,1998,24,0,16,19,20,19,39,20,21,26
10818,0,1,1998,33,33,33,33,33,33,33,33,33,33
10818,1,1,1998,0,0,0,0,0,0,0,0,0,0
10819,1,1,1998,0,0,0,0,0,0,0,0,0,0
10820,1,1,1998,7,0,0,0,0,0,0,0,0,0
10821,1,1,1998,0,0,0,0,0,0,0,0,0,0
10821,2,1,1998,22,8,17,9,12,15,46,28,20,6
10822,1,1,1998,0,0,0,0,0,0,0,0,0,0
10822,2,1,1998,0,0,0,0,0,0,0,0,0,0
10823,1,1,1998,0,0,0,0,0,0,0,0,0,0
10823,2,1,1998,0,0,0,15,0,0,16,0,0,0
10824,1,1,1998,16,0,0,0,0,0,0,0,0,0
10825,1,1,1998,0,0,0,0,0,0,0,0,0,0
10825,2,1,1998,0,0,0,0,0,0,0,0,0,0
10826,1,1,1998,0,15,0,0,0,0,0,0,0,0
10827,1,1,1998,12,0,12,21,0,19,24,11,0,0
10828,0,1,1998,0,0,0,0,0,0,0,0,0,0
10828,1,1,1998,0,0,0,0,0,0,0,9,0,0
10829,1,1,1998,0,0,0,0,0,0,0,0,0,0
10830,1,1,1998,0,0,0,13,0,0,0,0,17,0
10830,2,1,1998,0,0,0,0,0,0,0,0,0,0
10831,1,1,1998,14,14,14,14,14,14,14,14,14,14
10832,1,1,1998,24,0,0,0,0,0,0,0,0,0
10832,2,1,1998,0,0,0,0,0,0,0,0,0,0
10833,1,1,1998,8,24,9,15,21,19,29,13,20,24
10834,1,1,1998,18,19,26,29,18,18,28,0,0,18
10835,0,1,1998,27,27,27,27,27,27,27,27,27,27
10835,1,1,1998,29,18,23,9,24,14,6,12,18,18
10836,1,1,1998,18,11,0,11,4,0,13,0,14,0
10836,2,1,1998,0,0,0,0,0,0,0,0,0,0
10837,1,1,1998,0,0,0,0,0,0,0,0,11,0
10837,2,1,1998,0,0,0,0,0,0,0,0,0,0
10838,1,1,1998,0,0,0,0,0,0,0,0,0,0
10839,1,1,1998,0,0,0,0,0,0,0,0,0,0
10840,1,1,1998,0,0,23,18,0,12,0,32,41,9
10841,1,1,1998,22,14,0,11,13,16,16,38,6,33
10841,2,1,1998,0,0,0,0,0,0,0,0,0,0
10842,0,1,1998,0,0,0,0,0,0,0,0,0,0
10842,1,1,1998,0,0,0,0,0,0,0,0,0,0
10843,1,1,1998,22,22,22,22,22,22,22,22,22,22
10844,1,1,1998,0,0,0,0,0,0,0,0,0,0
10845,1,1,1998,0,0,0,0,0,0,0,0,0,0
10846,1,1,1998,21,21,21,21,21,21,21,21,21,21
10846,2,1,1998,0,0,0,2,0,0,0,0,0,0
10846,3,1,1998,0,0,0,0,0,0,0,24,0,0
10847,1,1,1998,0,12,0,0,0,0,0,0,0,0
10848,1,1,1998,0,0,0,0,0,0,0,0,0,0
10848,2,1,1998,0,0,0,13,0,0,0,0,15,0
10849,0,1,1998,0,0,0,0,0,0,0,0,0,0
10849,1,1,1998,0,0,0,0,0,0,0,0,0,0
10850,1,1,1998,0,28,9,0,22,1,18,18,0,9
10851,1,1,1998,12,14,5,34,19,12,4,11,29,24
10852,1,1,1998,0,0,0,10,0,0,0,0,0,0
10853,1,1,1998,0,0,0,0,0,0,0,0,0,0
10854,1,1,1998,0,0,0,0,0,0,0,0,0,0
10854,2,1,1998,0,0,0,0,0,0,0,0,0,0
10855,0,1,1998,0,0,0,0,0,0,0,0,0,0
10855,0,2,1998,0,0,0,0,0,0,0,7,0,0
10855,0,3,1998,20,21,0,24,7,0,0,0,0,0
10855,1,1,1998,0,0,0,0,0,0,0,0,0,0
10856,0,1,1998,18,20,12,3,27,13,0,21,25,0
10856,1,1,1998,0,0,0,0,0,0,0,0,0,0
10857,1,1,1998,0,0,0,0,0,0,0,0,0,0
10857,2,1,1998,0,0,0,0,0,0,0,0,0,0
10857,3,1,1998,0,0,0,0,0,0,0,0,0,0
10857,4,1,1998,0,0,0,0,0,0,0,0,0,0
10858,1,1,1998,0,0,19,0,0,0,0,0,0,7
10858,2,1,1998,0,0,0,0,0,0,0,0,0,0
10859,1,1,1998,0,0,0,0,0,0,0,0,0,0
10859,2,1,1998,0,0,0,0,0,0,0,0,0,0
10860,1,1,1998,0,0,0,0,0,0,0,0,0,0
10860,2,1,1998,0,0,0,0,0,0,0,0,0,0
10861,1,1,1998,0,0,0,0,0,0,0,0,0,0
10861,2,1,1998,0,0,0,0,0,0,0,0,0,0
10862,1,1,1998,0,0,0,0,0,16,0,0,0,0
10863,1,1,1998,0,0,0,0,0,0,0,0,0,0
10863,2,1,1998,0,0,0,0,0,0,0,0,0,0
10864,1,1,1998,26,0,0,18,0,0,0,0,0,16
10864,2,1,1998,0,0,0,0,0,0,0,0,0,0
10865,1,1,1998,0,0,0,33,0,0,0,0,2,0
10865,2,1,1998,0,0,0,0,0,0,0,0,0,0
10866,1,1,1998,0,0,0,0,0,0,0,21,0,0
10867,1,1,1998,0,0,10,0,0,0,0,0,0,0
10867,2,1,1998,0,0,0,0,0,0,0,0,0,0
10868,1,1,1998,0,0,0,0,0,0,0,0,0,0
10869,1,1,1998,0,0,0,0,0,0,0,0,0,0
10869,2,1,1998,0,0,0,19,0,0,0,0,0,0
10869,3,1,1998,0,0,0,0,0,0,0,0,0,0
10870,1,1,1998,0,0,0,11,0,0,0,0,0,0
10870,2,1,1998,0,0,0,0,0,0,0,0,0,0
10871,0,1,1998,0,10,0,0,0,9,9,0,0,0
10871,1,1,1998,0,0,0,0,0,0,0,0,0,0
10872,1,1,1998,18,22,42,22,42,9,14,24,20,20
10873,1,1,1998,0,6,0,18,12,0,0,0,12,0
10874,1,1,1998,0,0,0,0,0,0,0,0,0,13
10874,2,1,1998,0,0,0,0,0,0,0,0,0,0
10875,1,1,1998,0,0,0,0,0,0,0,0,0,0
10876,1,1,1998,0,0,0,0,0,0,0,0,0,0
10876,2,1,1998,0,0,0,0,0,0,0,0,0,0
10877,1,1,1998,12,19,16,2,0,0,6,0,5,0
10877,2,1,1998,6,6,6,6,6,6,6,6,6,6
10878,1,1,1998,12,7,0,18,18,15,9,13,0,5
10879,1,1,1998,0,0,0,0,0,0,0,0,0,0
10879,2,1,1998,0,0,0,0,0,0,0,0,0,0
10880,1,1,1998,12,0,0,0,0,0,0,0,0,0
10880,2,1,1998,18,8,23,16,15,34,0,0,17,7
10880,3,1,1998,0,0,0,0,0,0,0,0,0,0
10881,1,1,1998,0,0,0,0,0,0,0,0,0,0
10881,2,1,1998,0,0,0,0,0,0,0,0,0,0
10882,1,1,1998,23,0,26,22,12,19,16,16,19,20
10883,1,1,1998,20,11,7,24,6,11,15,8,32,0
10884,1,1,1998,0,0,0,0,0,0,0,0,0,0
10884,2,1,1998,0,0,0,0,0,0,0,0,0,0
10885,1,1,1998,0,0,0,0,0,0,0,0,0,0
10886,1,1,1998,0,9,0,0,0,0,0,0,0,0