ST_CASE,VEH_NO,PER_NO,YEAR,P1,P2,P3,P4,P5,P6,P7,P8,P9,P10
50411,0,1,1998,0,0,0,0,0,0,0,0,0,0
50411,1,1,1998,0,0,0,0,0,0,0,0,0,0
50412,1,1,1998,23,23,23,23,23,23,23,23,23,23
50413,1,1,1998,16,16,16,16,16,16,16,16,16,16
50414,1,1,1998,0,0,0,0,0,0,0,0,0,0
50415,0,1,1998,18,18,18,18,18,18,18,18,18,18
50415,1,1,1998,0,0,0,0,0,0,0,0,0,0
50416,1,1,1998,17,17,17,17,17,17,17,17,17,17
50416,2,1,1998,0,0,0,0,0,0,0,0,0,16
50417,1,1,1998,0,0,0,0,0,0,0,0,0,0
50418,1,1,1998,21,21,21,21,21,21,21,21,21,21
50419,1,1,1998,22,22,22,22,22,22,22,22,22,22
50420,0,1,1998,20,0,0,0,0,11,17,0,0,0
50420,1,1,1998,5,5,5,5,5,5,5,5,5,5
50421,1,1,1998,0,0,0,0,0,0,0,0,0,0
50421,2,1,1998,0,0,0,0,0,0,0,0,0,0
50421,3,1,1998,0,0,0,8,0,0,0,0,0,0
50422,1,1,1998,0,0,0,0,0,0,0,0,0,0
50422,2,1,1998,0,0,0,0,0,0,0,0,0,0
50422,3,1,1998,0,0,0,0,0,0,0,0,0,0
50422,4,1,1998,0,0,0,0,0,0,0,0,0,0
50423,1,1,1998,0,0,0,0,0,0,0,0,0,0
50423,2,1,1998,0,0,0,0,0,0,0,0,0,0
50424,1,1,1998,33,0,0,0,0,0,0,0,0,0
50424,2,1,1998,0,0,0,0,0,0,0,0,0,0
50425,1,1,1998,0,0,0,0,0,0,0,0,0,0
50425,2,1,1998,0,0,0,0,0,0,0,0,0,0
50426,1,1,1998,0,0,0,0,0,0,0,0,0,0
50426,2,1,1998,0,0,0,0,0,0,0,0,0,0
50427,1,1,1998,0,0,0,0,0,0,0,0,0,0
50427,2,1,1998,0,0,0,0,0,0,0,0,0,0
50428,1,1,1998,0,0,0,0,0,0,0,0,0,0
50429,1,1,1998,0,0,0,0,0,0,0,0,0,0
50429,2,1,1998,0,0,0,0,0,0,0,0,0,0
50430,1,1,1998,0,0,0,0,0,0,0,0,17,0
50430,2,1,1998,0,0,0,0,0,0,0,0,0,0
50431,1,1,1998,23,23,23,23,23,23,23,23,23,23
50432,1,1,1998,0,0,0,0,0,0,0,0,0,0
50432,2,1,1998,0,0,0,0,0,0,0,0,0,0
50433,1,1,1998,0,0,0,0,0,0,0,0,0,0
50433,2,1,1998,0,0,0,0,0,0,0,0,0,0
50433,3,1,1998,0,0,0,0,0,0,0,0,0,0
50434,1,1,1998,0,0,0,0,0,0,0,0,0,0
50435,0,1,1998,0,0,0,0,0,0,0,0,0,0
50435,1,1,1998,0,0,0,0,0,0,0,0,0,0
50436,1,1,1998,3,13,0,23,2,13,53,8,0,18
50437,1,1,1998,0,0,0,0,0,0,0,0,0,0
50437,2,1,1998,0,0,0,0,0,0,0,0,0,0
50438,1,1,1998,0,0,0,0,0,0,0,0,0,0
50438,2,1,1998,0,0,0,0,0,0,0,0,0,0
50439,1,1,1998,0,0,0,0,0,0,0,0,0,0
50439,2,1,1998,0,0,0,0,0,0,0,0,0,0
50439,3,1,1998,0,0,0,0,0,0,0,0,0,0
50439,4,1,1998,0,0,0,0,0,0,0,0,0,0
50440,1,1,1998,0,0,0,0,0,0,0,0,0,0
50441,1,1,1998,0,0,0,0,0,0,0,0,0,0
50441,2,1,1998,0,0,0,0,16,0,0,0,0,0
50441,3,1,1998,0,0,0,0,0,0,8,0,0,0
50442,1,1,1998,30,30,30,30,30,30,30,30,30,30
50442,2,1,1998,0,0,0,0,0,0,0,0,0,0
50443,1,1,1998,0,0,0,0,0,0,0,0,0,0
50443,2,1,1998,0,0,0,0,0,0,0,0,0,0
50444,1,1,1998,0,0,7,0,2,0,0,3,0,0
50445,1,1,1998,0,0,0,0,0,0,0,0,0,0
50445,2,1,1998,0,0,0,0,0,0,0,0,0,0
50446,1,1,1998,0,0,0,0,0,0,0,0,0,0
50447,1,1,1998,0,0,0,0,0,0,0,0,0,0
50448,1,1,1998,0,0,0,0,0,0,0,0,0,0
50448,2,1,1998,0,0,0,0,0,0,0,0,0,0
50449,1,1,1998,0,0,0,0,0,0,0,0,0,0
50450,1,1,1998,0,0,0,0,0,0,0,0,0,0
50450,2,1,1998,13,13,13,13,13,13,13,13,13,13
50451,1,1,1998,0,0,0,0,0,0,0,0,0,0
50451,2,1,1998,0,0,0,0,0,0,0,0,0,0
50452,1,1,1998,0,0,0,0,0,0,0,0,0,0
50453,1,1,1998,0,0,0,0,0,0,0,0,0,0
50453,2,1,1998,0,0,0,0,0,0,0,0,0,0
50454,1,1,1998,0,0,0,0,0,0,0,0,0,0
50454,2,1,1998,27,27,27,27,27,27,27,27,27,27
50455,1,1,1998,0,0,0,0,0,0,0,0,0,0
50455,2,1,1998,0,0,0,0,0,0,0,0,0,0
50456,1,1,1998,11,11,11,11,11,11,11,11,11,11
50457,1,1,1998,12,12,12,12,12,12,12,12,12,12
50457,2,1,1998,0,0,0,0,0,0,0,0,0,0
50458,0,1,1998,28,28,28,28,28,28,28,28,28,28
50458,1,1,1998,0,0,0,0,0,0,10,0,0,0
50459,1,1,1998,0,0,0,0,0,0,0,0,0,0
50460,1,1,1998,18,18,18,18,18,18,18,18,18,18
50460,2,1,1998,0,0,0,0,0,0,0,0,0,0
50460,3,1,1998,0,0,0,0,0,0,0,0,0,0
50461,1,1,1998,0,0,0,0,0,0,0,0,0,0
50462,1,1,1998,0,0,0,0,0,0,0,0,0,0
50462,2,1,1998,0,0,0,0,0,0,0,0,0,0
50463,1,1,1998,0,0,0,0,0,0,0,0,0,0
50463,2,1,1998,0,0,0,0,0,0,0,0,0,0
50464,1,1,1998,0,0,0,0,0,0,0,0,0,0
50464,2,1,1998,0,0,0,0,0,0,0,0,0,0
50465,1,1,1998,0,0,0,0,0,0,0,0,0,0
50466,1,1,1998,0,0,0,0,0,0,0,0,0,0
50467,1,1,1998,14,14,14,14,14,14,14,14,14,14
50468,1,1,1998,0,0,0,0,0,0,0,0,0,0
50468,2,1,1998,19,19,19,19,19,19,19,19,19,19
50469,1,1,1998,0,0,0,0,0,0,0,0,0,0
50469,2,1,1998,0,0,0,0,0,0,0,0,0,0
50470,0,1,1998,0,0,0,26,0,0,0,0,0,0
50470,1,1,1998,12,12,12,12,12,12,12,12,12,12
50471,1,1,1998,14,14,14,14,14,14,14,14,14,14
50472,1,1,1998,0,0,0,0,0,0,0,0,0,0
50472,2,1,1998,0,0,0,0,0,0,0,0,0,0
50473,1,1,1998,0,0,0,0,0,0,0,0,0,0
50473,2,1,1998,0,0,0,0,0,0,0,0,0,0
50473,3,1,1998,25,25,25,25,25,25,25,25,25,25
50474,1,1,1998,0,0,0,0,0,0,0,0,0,0
50475,1,1,1998,0,0,0,0,0,0,0,0,0,0
50476,1,1,1998,0,0,0,0,0,0,0,0,0,0
50476,2,1,1998,0,0,0,0,0,0,0,0,0,0
50476,3,1,1998,0,0,0,0,0,0,0,0,0,0
50477,1,1,1998,0,0,0,0,0,0,0,0,0,0
50478,1,1,1998,0,0,0,0,0,0,0,0,0,0
50478,2,1,1998,0,0,0,0,0,0,0,0,0,0
50479,1,1,1998,0,0,0,0,0,0,0,0,0,0
50479,2,1,1998,0,0,0,0,0,0,0,0,0,0
50480,1,1,1998,0,0,0,0,0,0,0,0,0,0
50481,1,1,1998,0,0,0,0,0,0,0,0,0,0
50482,1,1,1998,0,0,0,0,0,0,0,0,0,0
50483,1,1,1998,16,34,30,0,0,0,0,0,0,0
50484,1,1,1998,0,0,0,0,0,0,0,0,0,0
50484,2,1,1998,0,0,0,0,0,0,0,0,0,0
50485,1,1,1998,0,0,0,0,0,0,0,0,0,0
50485,2,1,1998,0,0,0,0,0,0,0,0,0,0
50485,3,1,1998,0,0,0,0,0,0,0,0,0,0
50486,1,1,1998,0,0,0,0,0,0,0,0,0,0
50487,1,1,1998,0,0,0,0,0,0,0,11,10,0
50488,1,1,1998,0,0,0,0,0,0,0,0,0,0
50489,1,1,1998,9,9,9,9,9,9,9,9,9,9
50489,2,2,1998,0,0,12,0,0,0,0,0,0,0
50490,1,1,1998,0,0,0,0,0,0,0,0,0,0
50490,2,1,1998,0,0,0,0,0,0,0,0,0,0
50491,1,1,1998,0,0,0,0,0,0,0,0,0,0
50491,2,1,1998,0,0,0,0,0,0,0,0,0,0
50492,1,1,1998,45,45,45,45,45,45,45,45,45,45
50493,1,1,1998,0,0,0,0,0,0,0,0,0,0
50494,1,1,1998,0,0,0,0,0,0,0,0,0,0
50494,2,1,1998,0,0,0,0,0,0,0,0,0,0
50495,1,1,1998,0,0,0,0,0,0,0,0,0,0
50496,1,1,1998,0,0,0,0,0,0,0,0,0,0
50496,2,1,1998,0,0,0,0,0,0,0,0,0,0
50496,3,1,1998,0,0,0,0,0,0,0,0,0,0
50497,0,1,1998,0,0,0,0,0,0,11,0,0,0
50497,0,2,1998,0,0,0,0,0,0,0,0,0,0
50497,1,1,1998,0,0,0,0,0,0,0,0,0,0
50498,1,1,1998,0,0,0,0,0,0,0,0,0,0
50498,2,1,1998,0,0,0,0,0,0,0,0,0,0
50499,1,1,1998,0,0,0,0,0,0,0,0,0,0
50499,2,1,1998,0,0,0,0,0,0,0,0,0,0
50500,1,1,1998,0,0,0,0,0,0,0,0,0,0
50500,2,1,1998,0,0,0,0,0,0,0,0,0,0
50501,1,1,1998,0,0,17,23,20,0,0,0,27,0
50502,0,1,1998,0,0,0,0,0,0,0,0,0,0
50502,1,1,1998,0,0,0,0,0,0,0,0,0,0
50503,1,1,1998,0,0,0,0,0,0,0,0,0,0
50504,1,1,1998,0,0,0,0,0,0,0,0,0,0
50504,2,1,1998,0,0,0,0,0,0,0,0,0,0
50505,1,1,1998,23,23,23,23,23,23,23,23,23,23
50506,0,1,1998,26,26,26,26,26,26,26,26,26,26
50506,1,1,1998,16,0,9,15,20,25,41,12,13,11
50507,1,1,1998,0,0,0,0,0,0,0,0,0,0
50508,1,1,1998,0,0,0,0,0,0,0,0,0,0
50509,1,1,1998,15,15,15,15,15,15,15,15,15,15
50510,0,1,1998,19,19,19,19,19,19,19,19,19,19
50510,1,1,1998,0,0,0,0,0,0,0,0,0,0
50511,1,1,1998,0,0,0,0,0,0,0,0,0,12
50511,2,1,1998,0,0,0,0,0,0,0,0,0,0
50512,1,1,1998,0,0,0,0,0,0,0,0,0,0
50512,2,1,1998,0,0,0,0,0,0,0,0,0,0
50513,1,1,1998,0,0,0,0,0,0,0,13,0,0
50513,2,1,1998,0,0,0,0,0,0,0,0,0,0
50514,1,1,1998,0,0,0,0,0,0,0,0,0,0
50514,2,1,1998,0,0,0,0,0,0,0,0,0,0
50514,3,1,1998,0,0,0,0,0,0,0,0,0,0
50515,0,1,1998,0,0,0,0,0,0,0,0,0,0
50515,1,1,1998,0,0,0,0,0,0,0,0,0,0
50516,1,1,1998,0,0,0,0,0,0,0,0,0,0
50516,2,1,1998,0,0,0,0,0,0,0,0,0,0
50517,1,1,1998,0,0,0,0,0,0,0,0,0,0
50517,2,1,1998,0,0,0,0,0,0,0,0,0,0
50518,1,1,1998,26,0,23,0,0,0,0,0,0,11
50519,1,1,1998,0,0,0,0,0,0,0,0,0,0
50520,1,1,1998,0,0,0,0,0,0,0,0,0,0
50520,2,1,1998,0,0,0,0,0,0,0,0,0,0
50521,1,1,1998,22,22,22,22,22,22,22,22,22,22
50522,1,1,1998,18,18,18,18,18,18,18,18,18,18
50523,1,1,1998,0,0,18,0,0,8,0,0,18,17
50524,1,1,1998,0,0,0,0,0,0,0,0,0,0
50525,1,1,1998,0,0,0,0,0,0,0,0,0,0
50525,2,1,1998,0,0,0,0,0,0,0,0,0,0
50526,1,1,1998,0,0,0,0,0,0,0,0,0,0
50526,2,1,1998,0,0,0,0,0,0,0,0,0,0
50527,1,1,1998,0,0,0,0,0,0,0,0,0,0
50528,1,1,1998,0,0,0,0,0,0,0,0,0,0
50528,2,1,1998,0,0,0,0,0,0,0,0,0,0
50529,1,1,1998,0,0,0,0,0,0,0,0,0,0
50529,2,1,1998,0,0,0,0,0,0,0,0,0,0
50530,1,1,1998,0,0,0,0,0,0,0,0,0,0
50531,1,1,1998,7,7,7,7,7,7,7,7,7,7
50531,2,1,1998,0,0,0,0,0,0,0,0,0,0
50532,1,1,1998,16,16,16,16,16,16,16,16,16,16
50533,1,1,1998,10,10,10,10,10,10,10,10,10,10
50534,1,1,1998,0,0,0,0,0,0,0,0,0,0
50534,2,1,1998,0,0,0,0,0,0,0,0,0,0
50535,1,1,1998,0,0,0,0,0,0,0,0,0,0
50535,2,1,1998,0,0,0,0,0,0,0,0,0,0
50536,1,1,1998,0,0,0,0,0,0,0,0,0,0
50536,2,1,1998,0,0,0,0,0,0,0,0,0,0
50537,1,1,1998,0,0,0,0,0,0,0,0,0,0
50538,1,1,1998,0,0,0,0,0,0,0,0,0,0
50538,2,1,1998,0,0,0,0,0,0,0,0,0,0
50539,0,1,1998,0,0,0,0,0,14,0,0,0,0
50539,1,1,1998,0,0,0,0,0,0,0,0,0,0
50540,1,1,1998,2,2,2,2,2,2,2,2,2,2
50541,1,1,1998,0,0,0,0,0,0,0,0,0,0
50542,0,1,1998,0,0,0,0,0,0,0,0,0,0
50542,1,1,1998,0,0,0,0,0,0,0,0,0,0
50543,1,1,1998,20,20,20,20,20,20,20,20,20,20
50544,1,1,1998,0,14,0,0,0,0,0,6,0,0
50544,2,1,1998,14,0,0,0,0,0,10,0,0,0
50545,0,1,1998,6,6,6,6,6,6,6,6,6,6
50545,1,1,1998,0,0,0,0,0,0,0,0,0,0
50546,1,1,1998,0,0,0,0,0,0,0,0,0,0
50546,2,1,1998,0,0,0,0,0,0,0,0,0,0
50547,1,1,1998,31,31,7,0,0,0,27,0,19,3
80001,1,1,1998,0,0,0,0,0,0,0,0,0,0
80002,1,1,1998,0,0,0,0,0,0,0,0,0,0
80002,2,1,1998,36,0,0,2,0,0,25,0,0,0
80003,1,1,1998,0,0,0,0,0,0,0,0,0,0
80004,1,1,1998,3,3,3,3,3,3,3,3,3,3
80005,1,1,1998,0,0,0,0,0,0,0,0,0,0
80006,1,1,1998,0,0,0,0,0,0,0,0,0,0
80007,1,1,1998,0,0,0,0,0,0,0,0,0,0
80007,2,1,1998,0,0,0,0,0,0,0,0,0,0
80008,1,1,1998,0,0,0,0,0,0,0,0,0,0
80008,2,1,1998,0,0,0,0,0,0,0,0,0,0
80009,1,1,1998,0,0,0,0,0,31,0,13,0,0
80009,2,1,1998,0,0,0,0,0,0,0,0,0,0
80010,1,1,1998,25,25,25,25,25,25,25,25,25,25
80010,2,1,1998,0,0,0,0,0,0,0,0,0,0
80011,1,1,1998,0,0,0,0,0,0,0,0,0,0
80012,1,1,1998,20,20,20,20,20,20,20,20,20,20
80012,2,1,1998,0,0,0,21,0,0,0,0,0,0
80013,1,1,1998,0,0,0,0,0,0,0,0,0,0
80014,1,1,1998,0,0,0,0,0,0,0,0,0,0
80015,1,1,1998,0,0,0,0,0,0,0,0,18,0
80015,2,1,1998,0,0,0,0,0,0,0,0,0,0
80016,1,1,1998,22,22,22,22,22,22,22,22,22,22
80016,2,1,1998,0,0,0,0,0,0,0,0,0,0
80017,0,1,1998,0,10,0,0,0,0,19,0,0,0
80017,1,1,1998,0,0,0,0,0,0,0,0,0,0
80018,0,1,1998,6,6,6,6,6,6,6,6,6,6
80018,1,1,1998,23,23,23,23,23,23,23,23,23,23
80019,1,1,1998,14,14,14,14,14,14,14,14,14,14
80019,2,1,1998,0,0,0,0,0,0,0,0,0,0
80020,1,1,1998,32,32,32,32,32,32,32,32,32,32
80021,1,1,1998,25,25,25,25,25,25,25,25,25,25
80022,0,1,1998,0,0,0,0,0,0,0,0,0,0
80022,1,1,1998,0,0,0,0,0,0,0,0,0,0
80023,0,1,1998,0,0,0,0,0,0,0,0,0,0
80023,1,1,1998,0,0,0,0,0,0,0,0,0,0
80024,1,1,1998,0,0,0,0,0,0,0,0,0,0
80024,2,1,1998,0,0,0,0,0,0,0,0,9,0
80025,1,1,1998,7,7,7,7,7,7,7,7,7,7
80025,2,1,1998,0,0,0,0,0,0,0,0,0,0
80026,1,1,1998,15,15,15,15,15,15,15,15,15,15
80027,1,1,1998,0,0,0,0,0,0,0,0,0,0
80028,1,1,1998,0,0,0,0,0,0,0,0,0,0
80028,2,1,1998,0,0,11,0,0,0,0,0,0,0
80029,1,1,1998,0,0,0,0,0,0,0,0,0,0
80029,2,1,1998,0,0,0,0,10,0,0,18,10,0
80030,1,1,1998,0,0,0,0,0,0,0,0,0,0
80031,1,1,1998,0,0,0,0,0,0,0,0,0,0
80031,2,1,1998,0,0,0,0,0,0,0,0,0,0
80032,1,1,1998,0,0,0,0,0,0,0,0,0,0
80032,2,1,1998,0,0,0,0,0,0,0,0,0,0
80033,1,1,1998,0,0,0,0,0,0,0,0,0,0
80033,2,1,1998,0,0,0,0,0,0,0,0,0,0
80034,1,1,1998,0,0,0,0,0,0,0,0,0,0
80035,1,1,1998,0,0,0,0,0,0,0,0,0,0
80035,2,1,1998,0,0,0,0,0,0,0,0,0,0
80036,1,1,1998,0,0,0,0,0,0,0,0,0,0
80036,2,1,1998,0,0,0,0,0,0,0,0,0,0
80037,1,1,1998,0,0,0,0,0,0,0,0,0,0
80038,1,1,1998,0,0,0,0,0,0,0,0,0,0
80038,2,1,1998,0,0,0,0,0,0,0,0,0,0
80038,3,1,1998,0,0,0,0,0,0,0,0,0,0
80039,1,1,1998,0,0,0,0,0,0,0,0,0,0
80040,1,1,1998,11,11,11,11,11,11,11,11,11,11
80041,1,1,1998,0,0,0,0,6,31,16,0,0,0
80041,2,1,1998,0,0,0,0,0,0,0,0,0,0
80042,1,1,1998,6,6,6,6,6,6,6,6,6,6
80043,1,1,1998,30,30,30,30,30,30,30,30,30,30
80044,1,1,1998,0,0,0,0,0,0,0,0,0,0
80045,1,1,1998,11,11,11,11,11,11,11,11,11,11
80045,2,1,1998,0,0,0,0,0,0,0,0,0,0
80046,1,1,1998,0,0,0,0,0,0,0,0,0,0
80046,2,1,1998,0,0,0,0,0,0,0,0,0,0
80046,3,1,1998,0,11,0,0,13,0,0,0,16,11
80047,1,1,1998,0,0,0,0,0,0,0,0,0,0
80047,2,1,1998,0,0,15,0,0,0,0,0,0,0
80048,1,1,1998,0,0,0,0,0,0,0,0,0,0
80048,2,1,1998,0,0,0,0,0,0,0,0,0,0
80049,1,1,1998,0,0,0,0,0,0,0,0,0,0
80050,1,1,1998,18,18,18,18,18,18,18,18,18,18
80051,1,1,1998,27,22,28,13,35,29,10,22,16,10
80051,2,1,1998,5,0,0,0,0,0,0,0,0,0
80052,1,1,1998,28,28,28,28,28,28,28,28,28,28
80052,2,1,1998,0,0,0,0,0,0,0,0,0,0
80053,1,1,1998,4,4,4,4,4,4,4,4,4,4
80053,2,1,1998,0,0,0,0,0,5,0,0,0,0
80054,1,1,1998,8,8,8,8,8,8,8,8,8,8
80055,1,1,1998,0,0,0,0,0,0,0,0,0,0
80055,2,1,1998,0,0,0,0,0,0,0,0,0,0
80056,1,1,1998,0,0,0,0,0,0,0,0,0,0
80057,1,1,1998,17,17,17,17,17,17,17,17,17,17
80057,2,1,1998,0,0,0,0,0,0,0,0,0,0
80058,1,1,1998,0,0,0,0,0,0,0,0,0,0
80059,1,1,1998,0,0,0,0,0,0,0,0,0,0
80059,2,1,1998,0,0,0,0,0,0,0,0,0,0
80059,3,1,1998,0,0,0,0,0,0,0,0,0,0
80060,0,1,1998,0,0,0,0,0,0,0,0,0,0
80060,1,1,1998,0,0,0,0,0,0,0,0,0,0
80061,1,1,1998,0,0,0,0,0,14,0,0,0,0
80062,1,1,1998,0,0,0,0,0,0,0,0,0,0
80063,0,1,1998,0,0,0,0,0,0,0,0,0,0
80063,1,1,1998,0,0,0,0,0,0,0,0,0,0
80064,1,1,1998,0,0,0,0,0,0,0,0,0,0
80065,1,1,1998,0,0,0,0,0,0,0,0,0,0
80066,1,1,1998,0,0,0,0,0,0,0,0,0,0
80067,1,1,1998,35,35,35,35,35,35,35,35,35,35
80068,1,1,1998,0,0,0,0,0,0,0,0,0,0
80068,2,1,1998,0,0,0,0,0,0,0,0,0,0
80069,0,1,1998,0,0,0,0,0,0,0,0,0,0
80069,1,1,1998,0,0,0,0,0,0,0,0,0,0
80070,1,1,1998,0,0,0,0,0,0,0,0,0,0
80071,1,1,1998,0,0,0,0,0,0,0,0,0,0
80072,1,1,1998,0,0,0,0,0,0,0,0,0,0
80073,1,1,1998,16,16,16,16,16,16,16,16,16,16
80074,1,1,1998,0,0,0,0,0,0,0,0,0,0
80074,2,1,1998,0,0,0,0,0,0,0,0,0,0
80075,1,1,1998,0,0,0,0,0,0,0,0,0,0
80075,2,1,1998,0,0,0,0,0,0,0,0,0,0
80076,1,1,1998,0,0,0,0,0,0,0,0,0,0
80076,2,1,1998,0,0,0,0,0,0,0,0,0,0
80077,1,1,1998,0,0,0,0,0,0,0,0,0,0
80077,2,1,1998,0,0,0,0,0,0,0,0,0,0
80078,1,1,1998,12,12,12,12,12,12,12,12,12,12
80078,2,1,1998,0,0,0,0,0,0,0,0,0,0
80079,0,1,1998,0,0,0,0,0,17,8,0,0,0
80079,1,1,1998,0,0,0,0,0,0,0,0,0,0
80080,1,1,1998,0,0,0,0,0,0,0,0,0,0
80080,2,1,1998,0,0,0,0,0,0,0,0,0,0
80081,1,1,1998,1,1,1,1,1,1,1,1,1,1
80081,2,1,1998,0,0,0,0,0,0,0,0,0,0
80082,1,1,1998,3,3,3,3,3,3,3,3,3,3
80082,2,1,1998,0,0,0,0,0,0,0,0,0,0
80083,1,1,1998,15,15,15,15,15,15,15,15,15,15
80083,2,1,1998,11,11,11,11,11,11,11,11,11,11
80084,1,1,1998,0,0,0,0,0,0,0,0,0,0
80084,2,1,1998,0,0,0,0,0,0,0,0,0,0
80085,0,1,1998,0,0,0,0,0,0,0,0,25,0
80085,1,1,1998,10,10,10,10,10,10,10,10,10,10
80086,0,1,1998,0,18,27,16,0,0,0,24,0,0
80086,0,2,1998,15,0,0,0,0,0,0,0,0,0
80086,1,1,1998,0,0,0,0,0,0,0,0,0,0
80087,1,1,1998,13,13,13,13,13,13,13,13,13,13
80088,1,1,1998,48,48,48,48,48,48,48,48,48,48
80088,2,1,1998,0,0,0,0,0,0,0,0,0,0
80089,1,1,1998,0,0,0,0,0,0,0,0,0,0
80090,0,1,1998,0,0,0,0,0,0,0,0,0,0
80090,1,1,1998,0,0,0,0,0,0,0,0,0,0
80091,1,1,1998,0,0,0,0,0,0,0,0,0,0
80092,1,1,1998,0,0,0,0,0,0,0,0,0,0
80092,2,1,1998,0,0,0,0,0,0,0,0,0,0
80093,1,1,1998,0,0,0,0,0,0,0,0,0,0
80094,1,1,1998,20,20,20,20,20,20,20,20,20,20
80095,1,1,1998,0,0,0,0,0,0,0,0,0,0
80095,2,1,1998,0,0,0,0,0,0,0,0,0,0
80095,3,1,1998,0,0,0,0,0,0,0,0,0,0
80096,1,3,1998,15,0,38,11,11,17,11,10,9,17
80097,1,1,1998,1,1,1,1,1,1,1,1,1,1
80098,1,1,1998,18,18,18,18,18,18,18,18,18,18
80098,2,1,1998,0,0,0,0,0,0,0,0,0,0
80099,1,1,1998,13,13,13,13,13,13,13,13,13,13
80099,2,1,1998,0,0,0,0,0,0,0,0,0,0
80100,1,1,1998,0,0,0,0,0,0,0,0,9,0
80100,2,1,1998,0,0,0,0,0,0,0,0,0,0
80101,1,1,1998,11,11,11,11,11,11,11,11,11,11
80101,2,1,1998,0,0,0,0,0,0,0,0,0,0
80102,1,1,1998,7,7,7,7,7,7,7,7,7,7
80103,1,1,1998,0,0,0,0,0,0,0,0,0,0
80104,1,1,1998,0,0,0,0,0,0,0,0,0,0
80105,1,1,1998,0,0,0,0,0,0,7,0,0,19
80106,0,1,1998,0,0,0,0,0,0,0,0,0,0
80106,1,1,1998,0,0,0,0,0,0,0,0,0,0
80107,1,1,1998,0,0,0,0,0,0,0,0,0,0
80107,2,1,1998,0,0,0,0,0,0,0,0,0,0
80107,3,1,1998,0,0,0,0,0,0,0,0,0,0
80108,1,1,1998,0,0,0,0,0,0,0,0,0,0
80108,2,1,1998,0,0,0,0,0,0,0,0,0,0
80109,1,1,1998,0,0,0,0,0,0,0,0,0,0
80110,1,1,1998,0,0,0,0,0,0,0,0,0,0
80110,2,1,1998,0,0,0,0,0,0,0,0,0,0
80111,1,1,1998,0,0,0,0,0,0,0,0,0,0
80111,2,1,1998,0,0,0,0,0,0,0,0,0,0
80112,1,1,1998,0,0,0,0,0,0,0,0,0,0
80113,1,1,1998,0,0,0,0,0,0,0,0,0,0
80114,1,1,1998,0,0,0,0,0,0,0,0,0,0
80115,1,1,1998,0,0,29,0,0,0,0,0,0,0
80115,2,1,1998,0,0,0,0,0,0,0,0,0,0
80115,3,1,1998,0,0,0,0,0,0,0,0,0,0
80116,0,1,1998,0,11,0,7,0,0,8,18,0,0
80116,1,1,1998,0,0,0,0,0,0,0,0,0,0
80117,1,1,1998,13,13,13,13,13,13,13,13,13,13
80117,2,1,1998,0,0,0,0,0,0,0,0,0,0
80117,3,1,1998,0,0,0,0,0,0,0,0,0,0
80117,4,1,1998,0,14,0,0,9,0,0,26,0,0
80118,1,1,1998,0,0,0,0,0,0,0,0,0,0
80119,0,1,1998,14,19,0,0,0,0,0,0,0,0
80119,1,1,1998,0,0,0,0,0,0,0,0,0,0
80120,1,1,1998,0,0,0,0,0,0,0,0,0,0
80120,2,1,1998,0,0,0,0,0,0,0,0,0,0
80120,3,1,1998,0,0,0,0,0,0,0,0,0,0
80121,1,1,1998,0,0,0,0,0,0,0,0,0,0
80121,2,1,1998,0,0,0,0,0,0,0,0,0,0
80122,1,1,1998,0,0,0,0,0,0,0,0,0,0
80122,2,1,1998,0,0,0,0,0,0,0,0,0,0
80122,3,1,1998,0,0,0,0,0,0,0,0,0,0
80123,0,1,1998,0,0,0,0,0,0,0,0,0,0
80123,1,1,1998,16,16,16,16,16,16,16,16,16,16
80124,0,1,1998,0,0,0,0,0,0,0,0,0,0
80124,1,1,1998,0,0,0,0,0,0,0,0,0,0
80125,1,1,1998,0,0,0,0,0,0,0,0,0,0
80126,0,1,1998,0,0,0,0,0,0,0,0,0,0
80126,1,1,1998,0,0,0,0,0,0,0,0,0,0
80127,1,1,1998,0,0,0,0,0,0,0,0,0,0
80127,2,1,1998,0,0,0,0,0,0,0,0,0,0
80128,1,1,1998,17,17,17,17,17,17,17,17,17,17
80129,1,1,1998,0,0,0,0,0,0,0,0,0,0
80130,1,1,1998,0,0,0,0,0,0,0,0,0,0
80131,1,1,1998,0,0,0,0,0,0,0,0,0,0
80132,0,1,1998,0,0,0,0,0,0,0,0,0,0
80132,1,1,1998,0,0,0,0,0,0,0,0,0,0
80133,1,1,1998,19,19,19,19,19,19,19,19,19,19
80134,1,1,1998,0,0,0,0,0,0,0,0,0,0
80135,1,1,1998,0,0,0,0,0,0,0,0,0,0
80135,2,1,1998,0,0,0,0,0,0,0,0,0,0
80136,0,1,1998,37,37,37,37,37,37,37,37,37,37
80136,0,2,1998,0,19,0,0,22,28,0,0,47,0
80136,1,1,1998,0,0,0,0,0,0,0,0,0,0
80137,1,1,1998,0,0,0,0,0,0,0,0,0,0
80137,2,1,1998,0,0,0,0,0,0,0,0,0,0
80138,1,1,1998,16,16,16,16,16,16,16,16,16,16
80139,1,1,1998,0,0,0,0,0,0,0,0,0,0
80140,1,1,1998,26,26,26,26,26,26,26,26,26,26
80141,1,1,1998,14,14,14,14,14,14,14,14,14,14
80142,1,1,1998,0,0,0,0,0,0,0,0,0,0
80142,2,1,1998,0,0,0,0,0,0,0,0,0,0
80142,3,1,1998,0,0,0,0,0,0,0,0,0,0
80143,1,1,1998,10,10,10,10,10,10,10,10,10,10
80143,2,1,1998,0,0,0,0,0,0,0,0,0,0
80144,1,1,1998,0,0,0,0,0,0,0,0,0,0
80144,2,1,1998,0,0,0,0,0,0,0,0,0,0
80145,1,1,1998,0,0,0,0,0,5,0,0,0,0
80145,2,1,1998,0,0,0,0,0,0,0,0,0,0
80146,1,1,1998,0,0,0,0,0,0,0,0,0,0
80146,2,1,1998,0,0,0,0,0,0,0,0,0,0
80147,1,1,1998,2,2,2,2,2,2,2,2,2,2
80148,1,1,1998,0,0,0,0,0,0,0,0,0,0
80149,1,1,1998,7,7,7,7,7,7,7,7,7,7
80149,2,1,1998,0,0,0,0,0,0,0,0,0,0
80150,1,1,1998,0,0,0,0,0,0,0,0,0,0
80150,2,1,1998,0,0,0,0,0,0,0,0,0,0
80151,1,1,1998,0,0,0,0,0,0,0,0,0,0
80152,1,1,1998,14,14,14,14,14,14,14,14,14,14