ST_CASE,VEH_NO,PER_NO,YEAR,P1,P2,P3,P4,P5,P6,P7,P8,P9,P10
110022,0,2,1998,0,0,0,0,0,0,0,0,0,0
110022,0,3,1998,13,0,18,18,0,18,27,0,0,6
110022,1,1,1998,0,0,0,0,0,0,0,0,0,0
110023,1,1,1998,0,0,0,0,0,0,4,0,0,0
110023,2,1,1998,0,0,0,2,0,0,10,0,0,0
110024,1,1,1998,0,0,0,0,0,0,0,0,0,0
110025,1,1,1998,7,11,20,16,21,11,0,22,0,8
110025,2,1,1998,6,6,6,6,6,6,6,6,6,6
110026,1,1,1998,34,16,18,15,12,9,11,19,16,7
110027,1,1,1998,0,0,0,0,21,27,0,0,0,0
110027,2,1,1998,0,0,0,0,0,0,0,0,0,0
110028,1,1,1998,7,5,0,10,17,18,0,13,14,6
110028,2,1,1998,11,0,0,0,0,0,0,0,0,0
110029,0,1,1998,30,0,18,0,0,11,0,0,0,0
110029,0,2,1998,0,0,22,18,0,0,12,0,5,0
110029,1,1,1998,0,0,0,0,0,0,0,0,0,0
110030,0,1,1998,0,28,17,21,23,14,55,14,31,12
110030,1,1,1998,0,0,0,0,0,0,0,0,6,0
110031,1,1,1998,0,12,0,0,0,0,0,0,0,0
110031,2,1,1998,0,0,0,0,0,0,0,0,0,0
110032,0,1,1998,0,0,24,37,7,0,26,0,0,7
110032,1,1,1998,0,0,0,0,0,0,0,0,0,0
110033,1,1,1998,13,12,8,7,12,0,14,0,13,3
110033,2,1,1998,0,0,0,17,0,0,7,0,12,19
110033,3,1,1998,0,0,0,0,0,0,0,0,0,21
110034,1,1,1998,23,19,0,0,11,6,16,0,18,11
110035,1,1,1998,16,16,16,16,16,16,16,16,16,16
110036,0,1,1998,0,20,26,13,0,23,32,0,0,0
110036,1,1,1998,0,0,0,0,0,0,0,0,0,0
110037,0,1,1998,0,0,0,0,0,21,0,13,0,6
110037,1,1,1998,0,3,0,0,0,0,0,7,0,0
110038,1,1,1998,0,16,14,0,27,0,0,0,15,6
110038,2,1,1998,0,0,16,4,11,13,0,11,24,15
110039,1,1,1998,0,0,0,0,0,0,0,0,0,0
110039,2,1,1998,0,0,0,0,0,0,0,0,0,0
110040,1,1,1998,0,12,15,0,17,14,15,15,18,0
110040,2,1,1998,0,0,0,0,0,0,0,0,0,0
110041,1,1,1998,6,6,6,6,6,6,6,6,6,6
110042,1,1,1998,18,15,23,15,15,18,0,30,7,41
110043,1,1,1998,0,0,0,0,0,0,0,0,0,0
110043,2,1,1998,0,0,0,0,0,0,0,0,0,0
110044,1,1,1998,10,3,12,16,13,6,0,19,24,18
110044,2,1,1998,9,0,0,0,0,0,6,24,0,0
110045,1,1,1998,0,0,0,0,0,0,0,0,0,0
110046,1,1,1998,0,0,0,0,0,0,0,0,0,0
110046,2,1,1998,3,0,0,18,0,0,11,0,7,0
110046,3,1,1998,8,20,13,0,0,0,0,14,0,0
110047,0,1,1998,0,16,13,28,48,18,33,28,0,8
110047,1,1,1998,0,0,0,0,0,0,0,0,0,0
110047,3,1,1998,0,0,13,0,0,13,0,0,10,21
110048,1,1,1998,24,0,34,11,16,0,14,17,28,20
110049,1,1,1998,0,0,0,0,0,0,0,0,0,0
110049,2,1,1998,0,0,0,0,0,0,0,0,0,0
110050,1,1,1998,19,24,18,27,21,10,15,23,16,28
120001,0,1,1998,14,14,14,14,14,14,14,14,14,14
120001,1,1,1998,0,11,0,0,0,0,0,0,0,0
120002,1,1,1998,0,0,0,0,0,0,0,0,0,0
120002,2,1,1998,0,0,0,0,0,0,0,0,0,0
120003,1,1,1998,16,16,16,16,16,16,16,16,16,16
120004,1,1,1998,0,0,0,0,0,0,0,0,0,0
120004,2,1,1998,0,0,0,0,0,0,0,0,0,0
120005,1,1,1998,0,0,0,0,0,0,0,0,0,0
120005,2,1,1998,0,0,0,0,0,0,0,0,0,0
120006,0,1,1998,17,17,17,17,17,17,17,17,17,17
120006,1,1,1998,0,19,0,0,0,0,31,0,0,7
120006,2,1,1998,0,0,0,0,0,0,0,0,0,0
120006,3,1,1998,0,0,0,0,0,0,0,0,0,0
120006,4,1,1998,0,0,0,0,0,0,0,0,0,0
120007,0,1,1998,0,0,0,0,0,0,0,0,0,0
120007,1,1,1998,0,0,0,0,0,0,0,0,0,0
120008,1,1,1998,22,22,22,22,22,22,22,22,22,22
120009,0,1,1998,22,22,22,22,22,22,22,22,22,22
120009,1,1,1998,29,11,0,0,0,0,0,19,0,0
120009,2,1,1998,0,0,0,0,0,0,0,0,0,0
120010,1,1,1998,30,30,30,30,30,30,30,30,30,30
120010,2,1,1998,0,0,0,8,0,0,0,0,0,0
120011,0,1,1998,27,27,27,27,27,27,27,27,27,27
120011,1,1,1998,0,0,0,0,0,0,0,0,0,0
120012,0,1,1998,0,0,0,0,0,0,0,0,0,0
120012,1,1,1998,0,0,0,0,0,0,0,0,0,0
120013,0,1,1998,0,0,0,0,0,0,0,0,0,0
120013,1,1,1998,0,0,0,0,0,0,0,0,0,0
120014,1,1,1998,0,0,0,0,0,0,0,0,0,0
120015,1,1,1998,27,27,27,27,27,27,27,27,27,27
120016,1,1,1998,14,14,14,14,14,14,14,14,14,14
120016,2,1,1998,0,0,0,0,0,0,0,0,0,0
120017,1,1,1998,0,0,0,0,0,0,0,0,0,0
120017,2,1,1998,0,0,0,0,0,0,0,0,0,0
120018,0,1,1998,0,0,7,0,0,0,0,0,0,0
120018,0,2,1998,0,0,0,0,0,0,0,0,0,0
120018,1,1,1998,0,0,0,0,0,0,0,0,0,0
120019,1,1,1998,0,0,0,0,0,0,0,0,0,0
120020,1,1,1998,0,0,0,0,0,0,0,0,0,0
120021,1,1,1998,19,19,19,19,19,19,19,19,19,19
120022,1,1,1998,0,0,0,0,0,0,0,0,0,0
120022,2,1,1998,0,0,0,0,0,0,0,0,0,0
120023,1,1,1998,0,11,7,6,12,0,26,0,0,6
120023,2,1,1998,11,11,11,11,11,11,11,11,11,11
120024,1,1,1998,0,0,0,0,0,0,0,0,0,0
120024,2,1,1998,0,0,0,0,0,0,0,0,0,0
120025,1,1,1998,21,21,21,21,21,21,21,21,21,21
120026,1,1,1998,10,10,10,10,10,10,10,10,10,10
120027,1,1,1998,0,0,0,0,0,0,0,0,0,0
120027,2,1,1998,0,0,0,0,0,0,0,0,0,0
120028,0,1,1998,0,0,14,17,32,22,18,0,0,0
120028,1,1,1998,37,15,6,47,0,0,14,16,28,18
120029,1,1,1998,43,43,43,43,43,43,43,43,43,43
120030,1,1,1998,0,0,0,0,0,0,0,0,0,0
120031,1,1,1998,0,0,0,0,0,0,0,0,0,0
120031,2,1,1998,0,0,0,0,0,0,0,0,0,0
120032,0,1,1998,0,0,0,0,0,0,0,0,0,0
120032,1,1,1998,0,0,0,0,0,0,0,0,0,0
120032,2,1,1998,0,0,0,0,0,0,0,0,0,2
120033,1,1,1998,17,0,22,0,6,0,0,0,0,0
120034,0,1,1998,37,37,37,37,37,37,37,37,37,37
120034,1,1,1998,0,0,0,0,0,0,0,0,0,0
120035,1,1,1998,0,0,0,0,0,0,0,0,0,0
120035,2,1,1998,0,0,2,0,9,0,0,5,0,0
120036,1,1,1998,0,0,0,0,0,0,0,0,0,15
120037,0,1,1998,38,38,38,38,38,38,38,38,38,38
120037,1,1,1998,0,0,0,0,0,0,0,0,0,9
120038,0,1,1998,0,0,0,0,0,0,0,0,0,0
120038,1,1,1998,0,0,0,0,0,7,0,0,0,0
120039,0,1,1998,38,38,38,38,38,38,38,38,38,38
120039,1,1,1998,0,0,0,0,0,0,0,0,0,0
120040,1,1,1998,33,33,33,33,33,33,33,33,33,33
120041,1,1,1998,0,0,0,0,0,0,0,0,0,0
120041,2,1,1998,0,0,0,0,0,0,0,0,0,0
120042,1,1,1998,0,13,0,0,0,0,0,0,0,0
120042,2,1,1998,0,0,0,0,0,0,6,0,0,0
120043,0,1,1998,14,14,14,14,14,14,14,14,14,14
120043,1,1,1998,0,0,0,0,0,8,10,0,0,0
120044,1,1,1998,0,0,0,0,0,0,0,0,0,0
120044,2,1,1998,0,0,0,0,0,0,0,0,0,0
120045,1,1,1998,0,0,0,0,0,0,0,0,0,0
120046,0,1,1998,25,25,25,25,25,25,25,25,25,25
120046,1,1,1998,9,4,0,31,0,15,0,9,0,8
120047,1,1,1998,17,17,17,17,17,17,17,17,17,17
120048,0,1,1998,33,33,33,33,33,33,33,33,33,33
120048,1,1,1998,0,0,0,13,0,0,0,0,0,0
120049,1,1,1998,0,0,0,0,0,0,0,0,0,0
120049,2,1,1998,0,0,0,0,0,0,0,0,0,0
120050,1,1,1998,6,6,6,6,6,6,6,6,6,6
120050,2,1,1998,14,14,14,14,14,14,14,14,14,14
120050,3,1,1998,0,0,0,0,0,0,0,0,0,0
120051,1,1,1998,0,16,0,0,0,0,18,18,0,0
120052,1,1,1998,10,10,10,10,10,10,10,10,10,10
120052,2,1,1998,0,0,0,0,0,0,0,0,0,0
120053,0,1,1998,17,17,17,17,17,17,17,17,17,17
120053,1,1,1998,0,0,0,0,0,0,0,0,0,0
120054,1,1,1998,0,0,0,0,0,0,0,0,0,0
120054,2,1,1998,0,0,0,0,0,0,0,0,0,0
120054,3,1,1998,0,0,0,0,0,0,0,0,0,0
120055,0,1,1998,0,0,0,0,0,0,0,0,0,0
120055,1,1,1998,0,0,0,0,0,0,0,0,0,0
120056,1,1,1998,14,0,0,0,18,14,0,0,0,11
120056,2,1,1998,0,0,0,0,0,0,0,0,0,0
120057,0,1,1998,11,0,0,0,7,0,0,19,0,0
120057,0,2,1998,12,0,0,0,0,4,0,0,0,0
120057,1,1,1998,3,5,0,0,5,0,39,0,0,0
120058,1,1,1998,0,0,0,0,0,0,0,0,0,0
120058,2,1,1998,0,0,0,0,0,0,0,0,0,0
120059,1,1,1998,0,0,0,0,0,0,0,0,0,0
120059,2,1,1998,0,0,0,0,0,0,0,0,0,0
120059,3,1,1998,0,0,0,0,0,0,0,0,0,0
120060,1,1,1998,26,26,26,26,26,26,26,26,26,26
120061,1,1,1998,0,0,0,0,0,0,0,0,0,0
120061,2,1,1998,0,0,0,0,0,0,0,0,0,0
120062,0,1,1998,0,0,0,0,0,0,0,0,0,0
120062,1,1,1998,0,0,0,0,0,0,0,0,0,0
120063,1,1,1998,0,0,0,0,0,0,0,0,0,0
120063,2,1,1998,0,0,0,0,0,4,0,0,0,0
120064,1,1,1998,0,0,0,0,0,0,0,0,0,0
120065,2,1,1998,2,2,2,2,2,2,2,2,2,2
120066,1,1,1998,0,0,0,0,0,0,0,0,0,0
120066,2,1,1998,0,0,0,0,0,0,0,0,0,0
120067,0,1,1998,29,29,29,29,29,29,29,29,29,29
120067,1,1,1998,0,0,0,0,0,0,0,0,0,0
120068,0,1,1998,23,23,23,23,23,23,23,23,23,23
120068,1,1,1998,0,0,0,0,0,0,0,0,0,0
120069,1,1,1998,18,18,18,18,18,18,18,18,18,18
120070,1,1,1998,0,0,0,0,0,0,0,0,0,0
120070,2,1,1998,0,0,0,0,0,0,0,0,0,0
120070,3,1,1998,0,0,0,0,0,0,0,0,0,0
120070,4,1,1998,0,0,0,0,0,0,0,0,0,0
120071,1,1,1998,3,3,3,3,3,3,3,3,3,3
120071,2,1,1998,0,0,0,0,0,0,0,0,0,0
120072,0,1,1998,11,11,11,11,11,11,11,11,11,11
120072,1,1,1998,0,0,0,0,0,0,0,0,0,0
120073,1,1,1998,0,0,5,0,0,0,0,0,0,0
120074,1,1,1998,0,0,0,0,0,0,0,0,0,0
120074,2,1,1998,0,0,0,0,0,0,0,0,0,0
120074,3,1,1998,0,0,0,0,0,0,0,0,0,0
120075,1,1,1998,0,0,0,0,0,0,0,0,0,0
120076,1,1,1998,16,16,16,16,16,16,16,16,16,16
120077,1,1,1998,0,0,0,0,0,0,0,0,0,0
120077,2,1,1998,0,0,0,0,0,0,0,0,0,0
120078,1,1,1998,0,0,0,0,0,0,0,0,0,0
120078,2,1,1998,0,0,0,0,0,0,0,0,0,0
120079,1,1,1998,0,0,0,0,0,10,0,0,0,0
120079,2,1,1998,0,0,0,0,0,0,0,0,0,0
120080,1,1,1998,0,0,0,0,0,0,0,0,0,0
120080,2,1,1998,0,0,0,0,0,0,0,0,0,0
120081,1,1,1998,0,0,0,0,0,0,0,0,0,0
120082,1,1,1998,0,0,0,0,0,0,0,0,0,0
120083,1,1,1998,14,14,14,14,14,14,14,14,14,14
120084,1,1,1998,17,17,17,17,17,17,17,17,17,17
120085,1,1,1998,0,0,0,0,0,0,0,0,0,0
120085,2,1,1998,0,0,0,0,0,0,0,0,0,0
120086,1,1,1998,0,0,0,0,8,0,0,0,0,0
120086,2,1,1998,21,21,21,21,21,21,21,21,21,21
120087,1,1,1998,6,6,6,6,6,6,6,6,6,6
120087,2,1,1998,19,19,19,19,19,19,19,19,19,19
120088,1,1,1998,0,0,0,0,0,0,0,0,0,0
120089,0,1,1998,34,34,34,34,34,34,34,34,34,34
120089,1,1,1998,0,0,0,0,0,0,0,0,0,0
120089,2,1,1998,0,0,0,0,0,0,0,0,0,0
120090,0,1,1998,0,0,0,0,0,0,0,0,0,0
120090,1,1,1998,0,0,0,0,0,0,0,0,0,0
120091,1,1,1998,0,0,0,0,0,0,0,0,0,0
120091,2,1,1998,0,0,0,0,0,0,0,0,0,0
120092,0,1,1998,1,1,1,1,1,1,1,1,1,1
120092,1,1,1998,0,4,22,20,16,0,18,0,0,0
120093,1,1,1998,0,0,0,0,0,0,0,0,0,0
120093,2,1,1998,0,0,0,0,0,0,0,0,0,0
120094,1,1,1998,0,0,0,0,0,0,0,0,0,0
120094,2,1,1998,0,0,0,0,0,0,0,0,0,0
120095,1,1,1998,0,0,0,0,0,0,0,0,0,0
120095,2,1,1998,0,0,0,0,0,0,0,0,0,0
120096,1,1,1998,0,0,0,0,0,0,0,0,0,0
120096,2,1,1998,0,0,0,0,0,0,0,0,0,0
120097,1,1,1998,0,0,0,0,0,0,0,0,0,0
120097,2,1,1998,0,0,0,0,0,0,0,0,0,0
120098,1,1,1998,0,0,0,0,0,0,0,0,0,0
120099,1,1,1998,0,0,0,0,0,0,0,0,0,0
120100,1,1,1998,0,0,0,0,0,0,0,0,0,0
120100,2,1,1998,0,0,0,0,0,0,0,0,0,0
120101,0,1,1998,0,0,0,0,0,0,0,0,0,0
120101,1,1,1998,0,0,0,0,0,0,0,0,0,0
120102,0,1,1998,0,0,0,0,0,0,0,8,0,0
120102,1,1,1998,0,0,0,0,0,0,0,0,0,0
120103,1,1,1998,9,9,9,9,9,9,9,9,9,9
120103,2,1,1998,0,0,0,0,24,26,0,13,23,0
120104,1,1,1998,0,0,0,0,0,0,0,0,0,0
120104,2,1,1998,0,0,0,0,8,0,0,0,0,0
120105,1,1,1998,22,22,22,22,22,22,22,22,22,22
120106,0,1,1998,0,0,0,0,0,0,0,0,0,11
120106,1,1,1998,0,0,0,0,0,0,0,0,0,0
120106,2,1,1998,17,13,24,0,0,10,22,21,12,0
120107,1,1,1998,8,8,8,8,8,8,8,8,8,8
120107,2,1,1998,0,0,0,0,0,0,0,0,0,0
120108,0,1,1998,0,0,0,0,0,0,0,0,11,0
120108,1,1,1998,0,0,0,0,0,0,0,0,0,0
120109,1,1,1998,0,0,0,10,0,0,0,0,0,0
120110,1,1,1998,0,0,0,0,0,0,0,0,0,0
120110,2,1,1998,0,0,0,0,0,0,0,0,0,0
120111,1,1,1998,0,0,0,0,0,0,0,0,0,0
120111,2,1,1998,0,0,27,0,0,14,0,0,14,0
120112,0,1,1998,0,0,0,0,0,0,0,0,0,0
120112,1,1,1998,0,0,0,0,0,0,0,0,0,0
120112,2,1,1998,0,0,0,0,0,0,0,0,0,0
120113,1,1,1998,33,22,11,14,21,0,30,0,20,19
120114,0,1,1998,34,34,34,34,34,34,34,34,34,34
120114,1,1,1998,0,0,0,0,0,0,0,0,0,0
120115,1,1,1998,0,0,0,0,0,0,0,0,0,0
120115,2,1,1998,0,0,0,0,0,0,0,0,0,0
120116,0,1,1998,0,0,0,0,0,0,0,0,0,0
120116,1,1,1998,0,0,0,0,0,0,0,0,12,0
120117,1,1,1998,0,0,0,0,0,0,0,0,0,0
120117,2,1,1998,0,0,0,0,0,0,0,0,0,0
120118,1,1,1998,0,0,0,0,0,0,0,0,0,0
120119,1,1,1998,0,0,0,0,0,0,0,14,0,0
120119,2,1,1998,0,0,0,0,0,0,0,0,0,0
120120,1,1,1998,0,0,0,0,0,0,0,0,0,0
120120,2,1,1998,0,0,0,0,0,0,0,0,0,0
120121,1,1,1998,0,0,0,0,0,0,0,0,0,0
120122,1,1,1998,0,0,0,0,0,0,0,0,0,0
120122,2,1,1998,0,0,9,0,0,0,0,0,7,0
120123,1,1,1998,0,0,0,0,0,0,0,0,0,0
120124,1,1,1998,0,18,0,0,0,0,0,0,0,0
120125,1,1,1998,0,0,0,0,0,0,0,0,0,0
120125,2,1,1998,0,0,0,0,0,0,0,0,0,0
120126,1,1,1998,9,9,9,9,9,9,9,9,9,9
120127,1,1,1998,20,20,20,20,20,20,20,20,20,20
120128,1,1,1998,0,0,0,0,0,0,0,0,0,0
120129,1,1,1998,17,17,17,17,17,17,17,17,17,17
120129,2,1,1998,0,0,0,0,0,0,0,0,0,0
120129,3,1,1998,6,12,12,0,5,7,0,14,0,0
120130,1,1,1998,0,0,0,0,0,0,0,0,0,0
120131,1,1,1998,0,0,0,0,0,0,0,0,0,0
120131,2,1,1998,0,0,0,0,0,0,0,0,0,0
120132,1,1,1998,8,8,8,8,8,8,8,8,8,8
120133,0,1,1998,0,0,0,0,0,0,0,0,0,0
120133,2,1,1998,0,0,0,0,0,0,0,0,0,0
120134,1,1,1998,0,0,0,0,0,0,0,0,0,0
120134,2,1,1998,0,0,0,0,0,0,18,0,7,0
120135,1,1,1998,0,0,0,0,0,0,0,0,0,0
120136,1,1,1998,0,0,0,0,0,0,0,0,0,0
120136,2,1,1998,0,0,0,0,0,0,0,0,0,0
120136,3,1,1998,0,0,0,0,0,0,0,0,0,0
120137,1,1,1998,0,0,0,0,0,0,0,0,0,0
120138,1,1,1998,0,0,0,0,0,0,0,0,0,0
120138,2,1,1998,0,0,0,0,0,0,0,0,0,0
120139,1,1,1998,0,0,0,0,0,0,0,0,0,0
120139,2,1,1998,0,0,0,0,17,0,0,0,0,0
120139,3,1,1998,0,0,0,0,0,0,0,0,0,0
120140,0,1,1998,0,0,14,0,4,0,0,0,10,24
120140,0,2,1998,7,4,0,15,0,0,17,16,0,0
120140,1,1,1998,0,9,0,0,0,13,0,0,0,0
120141,1,1,1998,14,14,14,14,14,14,14,14,14,14
120142,1,1,1998,0,0,0,0,0,0,0,0,0,0
120143,1,1,1998,0,0,0,0,0,0,0,0,0,0
120143,2,1,1998,0,0,0,0,0,0,0,0,0,0
120144,0,1,1998,22,22,22,22,22,22,22,22,22,22
120144,1,1,1998,0,4,0,0,0,0,0,0,0,0
120145,0,1,1998,0,0,0,0,0,0,0,0,0,0
120145,1,1,1998,0,0,0,0,0,0,0,0,0,0
120146,1,1,1998,0,0,0,0,0,0,0,0,0,0
120146,2,1,1998,0,0,0,0,0,0,0,0,0,0
120147,1,1,1998,0,0,0,0,0,0,0,0,0,0
120148,0,1,1998,21,0,16,19,13,29,0,0,0,11
120148,1,1,1998,0,0,0,0,0,0,0,0,0,0
120149,0,1,1998,0,0,0,0,16,0,0,0,0,0
120149,1,1,1998,0,0,0,0,0,0,0,0,0,0
120150,1,1,1998,0,0,0,0,0,0,0,0,0,0
120150,2,1,1998,0,0,0,0,0,0,0,0,0,0
120151,1,1,1998,0,0,0,0,0,0,0,0,0,0
120152,0,1,1998,5,0,0,0,0,0,0,0,0,0
120152,1,1,1998,0,0,0,0,0,0,0,0,0,0
120153,1,1,1998,0,0,0,0,0,0,0,0,0,0
120153,2,1,1998,0,0,0,0,0,0,0,0,0,0
120154,1,1,1998,0,0,0,17,0,0,0,0,0,0
120154,2,1,1998,0,0,0,0,0,0,0,0,0,0
120155,1,1,1998,7,7,7,7,7,7,7,7,7,7
120155,2,1,1998,0,0,0,0,0,0,0,0,0,0
120156,1,1,1998,17,17,17,17,17,17,17,17,17,17
120157,0,1,1998,0,0,0,0,0,0,0,0,0,0
120157,1,1,1998,0,0,0,9,0,0,0,0,0,0
120158,1,1,1998,20,20,20,20,20,20,20,20,20,20
120158,2,1,1998,0,0,0,0,0,0,0,0,0,0
120159,1,1,1998,21,21,21,21,21,21,21,21,21,21
120159,2,1,1998,0,0,0,0,0,0,0,0,0,0
120160,1,1,1998,0,0,0,0,0,0,0,0,0,0
120161,1,1,1998,0,0,0,0,0,0,0,0,0,0
120161,2,1,1998,0,0,0,0,0,0,0,0,0,0
120162,0,1,1998,27,27,27,27,27,27,27,27,27,27
120162,1,1,1998,0,0,0,0,0,0,0,0,0,0
120163,1,1,1998,0,0,0,0,0,13,0,0,22,0
120163,2,1,1998,0,0,0,0,0,0,0,0,0,0
120164,0,1,1998,0,0,0,0,0,0,0,0,0,23
120164,1,1,1998,0,0,0,0,0,0,0,0,0,0
120165,0,1,1998,0,0,0,0,0,0,0,0,0,0
120165,1,1,1998,0,0,0,0,0,0,0,0,0,0
120166,1,1,1998,19,19,19,19,19,19,19,19,19,19
120167,1,1,1998,22,22,22,22,22,22,22,22,22,22
120167,2,1,1998,0,0,0,0,0,0,0,0,0,0
120167,3,1,1998,10,0,0,0,0,0,0,0,0,0
120167,4,1,1998,0,0,0,0,0,0,0,0,0,0
120168,1,1,1998,13,6,37,14,28,6,40,38,15,17
120169,1,1,1998,0,0,0,0,0,0,0,0,0,0
120170,0,1,1998,32,32,32,32,32,32,32,32,32,32
120170,1,1,1998,0,0,0,0,0,0,0,0,0,0
120171,1,1,1998,0,0,0,0,0,0,0,0,0,0
120171,2,1,1998,0,0,0,0,0,0,0,0,0,0
120172,0,1,1998,12,28,15,19,28,15,21,21,14,0
120172,1,1,1998,5,0,0,0,0,10,19,20,26,0
120173,1,1,1998,0,0,0,0,0,0,0,0,0,0
120174,1,1,1998,16,0,27,0,0,14,19,9,23,0
120175,0,1,1998,0,36,20,26,0,0,0,17,21,0
120175,1,1,1998,0,0,0,0,0,0,0,0,0,0
120176,1,1,1998,0,0,0,0,0,0,0,0,0,0
120176,2,1,1998,0,0,0,0,0,0,0,0,0,0
120177,1,1,1998,0,7,13,85,19,15,19,16,18,21
120177,2,1,1998,37,37,37,37,37,37,37,37,37,37
120178,1,1,1998,0,0,0,0,0,0,0,0,0,0
120178,2,1,1998,0,0,0,0,0,0,0,0,13,10
120179,1,1,1998,0,0,0,0,0,0,0,0,0,0
120179,2,1,1998,0,0,0,0,0,0,0,0,0,0
120180,0,1,1998,0,0,0,0,0,0,0,0,0,0
120180,1,1,1998,0,0,0,0,0,0,0,0,0,0
120181,1,1,1998,0,0,0,0,0,0,0,0,0,0
120181,2,1,1998,0,0,0,0,0,0,0,0,0,0
120182,0,1,1998,0,0,0,0,0,0,0,0,0,0
120182,1,1,1998,0,0,4,0,0,0,0,0,0,0
120183,1,1,1998,0,0,0,0,0,0,0,0,0,0
120183,2,1,1998,0,0,0,0,0,0,0,0,0,0
120184,1,1,1998,0,0,0,0,0,0,0,0,0,0
120185,1,1,1998,0,0,0,0,0,0,0,0,0,0
120186,1,1,1998,0,0,0,0,0,0,0,5,0,0
120187,1,1,1998,6,6,6,6,6,6,6,6,6,6
120187,2,1,1998,0,0,0,0,0,0,0,0,0,0
120188,0,1,1998,0,0,0,0,0,0,0,0,0,0
120188,1,1,1998,0,0,0,0,0,0,0,0,0,0
120188,2,1,1998,0,0,0,0,0,0,0,0,0,0
120189,0,1,1998,0,0,0,0,0,0,0,0,0,0
120189,0,2,1998,0,11,20,11,0,23,20,6,19,20
120189,1,1,1998,0,0,0,0,0,0,0,0,0,0
120190,1,1,1998,22,22,22,22,22,22,22,22,22,22
120191,1,1,1998,0,0,0,0,0,0,0,0,22,0
120192,0,1,1998,0,0,0,0,0,0,0,0,0,0
120192,1,1,1998,0,0,0,0,0,0,0,0,0,0
120193,1,1,1998,20,25,14,0,0,30,0,12,33,0
120194,1,1,1998,0,0,0,0,0,0,0,0,0,0
120194,2,1,1998,0,0,0,0,0,0,0,0,0,0
120194,3,1,1998,0,0,0,0,0,0,0,0,0,0
120195,0,1,1998,0,0,0,0,0,0,0,0,0,0
120195,1,1,1998,0,0,0,0,0,0,0,0,0,0
120196,1,1,1998,0,0,0,0,0,0,0,0,0,0
120197,1,1,1998,0,0,0,0,0,0,0,0,0,0
120198,0,1,1998,0,0,0,0,0,0,0,0,0,0
120198,1,1,1998,0,0,0,0,0,0,0,0,0,0
120199,0,1,1998,29,29,29,29,29,29,29,29,29,29
120199,1,1,1998,0,0,3,0,0,0,0,0,0,0
120200,0,1,1998,0,0,36,32,0,14,52,8,17,14
120200,2,1,1998,0,16,0,13,0,0,34,6,47,4
120201,1,1,1998,0,0,0,0,0,0,0,0,0,0
120201,2,1,1998,0,0,0,0,0,0,0,0,0,0
120202,0,1,1998,19,0,0,0,18,23,5,10,0,17
120202,1,1,1998,0,0,0,0,0,0,0,0,0,3
120202,2,1,1998,0,0,0,0,0,0,0,0,0,0
120202,3,1,1998,0,0,0,0,0,0,0,0,0,0
120203,1,1,1998,17,17,17,17,17,17,17,17,17,17
120203,2,1,1998,0,0,0,0,0,0,0,0,0,0
120204,1,1,1998,11,11,11,11,11,11,11,11,11,11
120204,2,1,1998,0,0,0,0,0,0,0,0,0,0
120205,1,1,1998,0,0,8,0,0,0,0,0,0,0
120205,2,1,1998,0,0,0,0,0,0,0,0,0,0
120206,1,1,1998,26,26,26,26,26,26,26,26,26,26
120207,1,1,1998,0,13,19,18,7,0,0,24,0,0
120208,1,1,1998,0,0,0,0,0,0,0,0,0,0
120208,2,1,1998,0,0,0,0,0,0,0,0,0,0
120209,1,1,1998,0,0,0,0,0,0,0,0,0,0
120209,2,1,1998,0,0,0,0,0,0,0,0,0,0
120210,1,1,1998,0,0,0,0,0,0,0,0,0,0
120210,2,1,1998,0,0,0,0,0,0,0,0,0,0
120211,1,1,1998,0,0,0,0,0,0,0,0,0,0
120211,2,1,1998,0,0,0,0,0,0,0,0,0,0
120211,3,1,1998,0,0,0,0,0,0,0,0,0,0
120212,0,1,1998,0,0,0,0,0,0,0,0,0,0
120212,0,2,1998,0,0,0,0,0,0,0,0,0,0
120212,1,1,1998,0,0,0,0,0,0,0,0,0,0
120213,1,1,1998,2,2,2,2,2,2,2,2,2,2
120213,2,1,1998,0,0,0,0,0,0,0,0,0,0
120214,1,1,1998,0,0,0,0,0,0,0,0,0,0
120214,2,1,1998,0,0,0,0,0,0,0,0,0,0
120215,0,1,1998,16,16,16,16,16,16,16,16,16,16
120215,1,1,1998,16,0,0,0,3,0,0,17,22,0
120216,1,1,1998,0,0,0,0,0,0,0,0,0,0
120216,2,1,1998,0,0,0,0,0,0,0,0,0,0
120217,1,1,1998,0,0,0,0,0,0,0,0,0,0
120218,1,1,1998,0,0,0,0,0,0,0,0,0,0
120218,2,1,1998,0,0,0,0,0,0,0,0,0,0
120219,1,1,1998,0,0,0,0,0,0,0,0,0,0
120219,2,1,1998,0,0,0,0,0,0,0,0,0,0
120220,0,1,1998,0,0,0,0,0,0,0,0,0,0
120220,1,1,1998,0,12,0,0,0,0,0,0,0,0
120221,1,1,1998,23,23,23,23,23,23,23,23,23,23
120221,2,1,1998,0,0,0,0,0,0,0,0,0,0
120222,1,1,1998,0,0,0,0,0,0,0,0,0,0
120222,2,1,1998,0,0,0,0,0,0,0,0,8,0
120223,1,1,1998,0,0,0,0,0,0,9,5,0,0
120224,1,1,1998,0,0,0,0,0,0,0,0,0,0
120224,2,1,1998,0,0,0,0,0,0,0,0,0,0
120224,3,1,1998,0,0,0,0,0,0,0,0,0,0
120225,1,1,1998,0,0,0,0,0,0,0,0,0,0