ST_CASE,VEH_NO,PER_NO,YEAR,P1,P2,P3,P4,P5,P6,P7,P8,P9,P10
120993,1,1,1998,0,0,0,0,0,0,0,0,0,0
120993,2,1,1998,0,0,0,0,0,0,0,0,0,0
120994,1,1,1998,0,0,0,0,0,0,0,0,0,0
120994,2,1,1998,0,0,0,0,0,0,0,6,0,6
120995,1,1,1998,0,0,0,0,0,0,0,0,0,0
120995,2,1,1998,0,0,0,0,0,0,0,0,0,0
120996,0,1,1998,0,0,0,0,6,0,0,0,0,0
120996,1,1,1998,0,0,0,0,0,0,0,0,0,0
120997,0,1,1998,0,23,0,9,5,0,15,0,0,11
120997,1,1,1998,0,0,0,0,0,0,0,0,0,0
120998,1,1,1998,0,0,0,0,0,0,0,0,0,0
120999,0,1,1998,0,0,0,0,0,0,0,11,0,0
120999,1,1,1998,0,0,0,0,0,0,0,0,0,0
121000,1,1,1998,0,0,0,0,0,0,0,0,0,0
121000,2,1,1998,0,0,0,0,0,0,0,0,0,0
121000,3,1,1998,0,0,0,0,0,0,0,0,0,0
121001,1,1,1998,25,25,25,25,25,25,25,25,25,25
121002,0,1,1998,0,0,0,0,0,0,0,0,0,0
121002,1,1,1998,0,0,0,0,0,0,0,0,0,0
121003,1,1,1998,0,0,0,0,0,0,0,0,0,0
121003,2,1,1998,0,0,0,0,0,0,0,0,0,0
121004,1,1,1998,0,0,0,0,0,0,0,0,0,0
121005,1,1,1998,0,0,0,0,0,19,0,0,0,0
121005,2,1,1998,0,0,0,0,0,0,0,0,0,0
121006,0,1,1998,0,0,0,0,0,0,0,0,16,0
121006,1,1,1998,0,0,0,0,0,0,0,0,0,0
121007,0,1,1998,0,0,0,0,0,0,7,0,0,0
121007,1,1,1998,0,0,0,0,0,0,0,0,0,0
121008,1,1,1998,0,0,0,0,0,0,0,0,0,0
121009,0,1,1998,8,8,8,8,8,8,8,8,8,8
121009,1,1,1998,0,0,9,0,0,0,10,0,0,0
121010,1,1,1998,0,0,0,0,0,0,0,0,0,0
121010,2,1,1998,0,0,0,0,0,0,0,0,0,0
121011,1,1,1998,0,0,0,0,0,0,0,0,0,0
121011,2,1,1998,0,0,0,0,0,0,0,0,0,21
121011,3,1,1998,0,0,0,0,0,0,0,0,12,0
121012,1,1,1998,8,8,8,8,8,8,8,8,8,8
121013,0,1,1998,12,12,12,12,12,12,12,12,12,12
121013,1,1,1998,12,12,12,12,12,12,12,12,12,12
121014,1,1,1998,15,20,0,27,0,0,0,14,0,0
121015,0,1,1998,0,0,0,0,0,0,0,0,0,0
121015,1,1,1998,0,0,0,0,0,0,0,0,0,0
121016,1,1,1998,0,0,0,0,0,0,0,0,0,0
121016,2,1,1998,0,0,0,0,0,0,0,0,0,0
121017,1,1,1998,13,13,13,13,13,13,13,13,13,13
121018,0,1,1998,19,19,22,8,0,19,19,35,8,0
121018,1,1,1998,0,0,13,0,0,0,0,0,0,0
121019,0,1,1998,26,26,26,26,26,26,26,26,26,26
121019,1,1,1998,0,0,0,0,0,0,0,0,0,0
121019,2,1,1998,0,0,0,0,0,0,0,0,0,0
121020,0,1,1998,18,18,18,18,18,18,18,18,18,18
121020,1,1,1998,36,11,0,12,0,0,0,5,0,7
121021,0,1,1998,29,29,29,29,29,29,29,29,29,29
121021,1,1,1998,0,16,0,0,0,0,0,0,0,0
121021,2,1,1998,0,0,0,0,0,0,0,0,0,0
121022,0,1,1998,10,0,0,0,0,0,0,0,9,0
121022,1,1,1998,0,0,0,0,0,0,0,0,0,0
121023,1,1,1998,0,0,0,0,0,0,0,6,0,0
121024,1,1,1998,0,0,0,0,0,0,0,0,0,0
121024,2,1,1998,0,0,0,0,0,0,0,0,0,0
121024,3,1,1998,0,0,0,0,0,0,0,0,0,0
121026,1,1,1998,0,0,0,0,0,0,0,0,0,0
121026,2,1,1998,0,0,0,0,0,0,0,0,0,0
121027,1,1,1998,0,0,0,0,0,0,0,0,0,0
121028,1,1,1998,11,11,11,11,11,11,11,11,11,11
121028,2,1,1998,0,0,0,0,0,0,0,0,0,0
121029,0,1,1998,0,0,0,0,0,0,0,0,0,0
121029,1,1,1998,0,0,0,0,0,0,0,0,0,0
121030,1,1,1998,10,10,10,10,10,10,10,10,10,10
121031,1,1,1998,0,0,0,0,0,0,17,3,0,0
121031,2,1,1998,0,0,0,0,0,0,0,0,0,0
121032,2,1,1998,0,0,0,0,0,0,0,0,0,0
121033,1,1,1998,0,0,0,0,0,0,0,0,0,0
121033,2,1,1998,0,0,0,0,0,0,0,0,0,0
121033,3,1,1998,0,0,0,0,0,0,0,0,0,0
121034,1,1,1998,0,0,0,0,0,0,0,5,0,0
121035,1,1,1998,0,0,0,0,0,0,0,0,0,0
121035,2,1,1998,0,0,0,0,0,0,0,0,0,0
121035,3,1,1998,0,0,0,0,0,0,0,0,0,0
121036,1,1,1998,18,18,18,18,18,18,18,18,18,18
121037,0,1,1998,13,13,13,13,13,13,13,13,13,13
121037,1,1,1998,0,0,0,0,0,0,0,0,0,0
121038,1,1,1998,0,0,0,0,0,0,0,0,0,0
121039,1,1,1998,0,0,0,0,0,0,0,0,0,0
121039,2,1,1998,0,0,0,0,0,0,0,0,0,0
121040,1,1,1998,0,0,0,0,0,0,0,0,0,0
121040,2,1,1998,0,0,0,0,0,0,0,0,0,0
121040,3,1,1998,0,0,0,0,0,0,0,0,0,0
121041,1,1,1998,0,0,0,7,0,0,0,0,0,0
121041,2,1,1998,0,0,0,0,0,0,0,0,0,0
121041,3,1,1998,0,0,0,0,0,0,0,0,0,0
121042,1,1,1998,0,0,0,0,0,0,0,0,0,0
121042,2,1,1998,0,0,0,0,0,0,0,0,0,0
121043,1,1,1998,27,27,27,27,27,27,27,27,27,27
121044,1,1,1998,0,0,0,0,0,0,0,0,0,0
121045,1,1,1998,0,0,0,0,0,0,0,0,0,0
121046,1,1,1998,0,0,0,0,0,0,0,0,0,0
121047,1,1,1998,0,0,0,0,0,0,0,0,0,0
121047,2,1,1998,3,3,3,3,3,3,3,3,3,3
121048,1,1,1998,0,0,0,33,0,18,0,0,0,0
121049,1,1,1998,29,29,29,29,29,29,29,29,29,29
121050,1,1,1998,0,0,0,0,0,0,0,0,0,0
121050,2,1,1998,0,0,0,0,0,0,0,0,0,0
121050,3,1,1998,0,0,0,0,0,0,0,0,0,0
121050,4,1,1998,0,0,0,0,0,0,9,0,0,0
121052,1,1,1998,1,1,1,1,1,1,1,1,1,1
121053,1,1,1998,33,12,28,27,32,18,22,0,11,0
121054,1,1,1998,0,0,0,0,0,0,0,0,0,0
121054,2,1,1998,0,0,0,0,0,0,0,0,0,0
121055,0,1,1998,0,0,0,0,0,0,0,0,0,0
121055,1,1,1998,0,0,0,0,0,0,0,0,0,0
121056,1,1,1998,18,18,18,18,18,18,18,18,18,18
121057,1,1,1998,0,0,0,0,0,0,0,0,0,0
121057,2,1,1998,0,0,0,0,0,0,0,0,0,0
121058,0,1,1998,0,0,0,0,0,0,0,0,0,0
121058,1,1,1998,0,0,0,0,0,0,0,0,0,0
121059,1,1,1998,0,0,0,0,0,0,0,0,0,0
121059,2,1,1998,0,0,0,0,0,0,0,0,0,0
121060,1,1,1998,0,0,0,0,0,0,0,0,0,0
121061,0,1,1998,0,18,0,16,0,0,0,0,0,20
121061,1,1,1998,0,0,7,13,7,0,0,0,0,0
121061,2,1,1998,0,0,0,3,0,0,0,0,0,0
121062,0,1,1998,0,0,0,0,0,0,0,0,0,0
121062,1,1,1998,0,0,0,0,0,0,0,0,0,17
121063,1,1,1998,19,19,19,19,19,19,19,19,19,19
121063,2,1,1998,22,0,0,0,0,10,0,0,0,0
121064,1,1,1998,0,0,0,0,0,0,0,0,0,0
121064,2,1,1998,0,0,0,0,0,0,0,0,0,0
121065,1,1,1998,24,24,24,24,24,24,24,24,24,24
121066,1,1,1998,0,0,0,0,0,0,0,0,0,0
121066,2,1,1998,0,0,0,0,0,0,0,0,0,0
121066,3,1,1998,0,0,0,0,0,0,0,0,0,0
121067,1,1,1998,0,0,0,0,0,0,0,0,0,0
121067,2,1,1998,13,13,13,13,13,13,13,13,13,13
121068,1,1,1998,16,16,16,16,16,16,16,16,16,16
121069,0,1,1998,0,0,0,0,0,0,0,0,0,0
121069,1,1,1998,0,0,0,0,0,0,0,0,0,0
121070,0,1,1998,32,32,32,32,32,32,32,32,32,32
121070,1,1,1998,0,0,0,14,19,6,0,0,0,0
121071,1,1,1998,9,0,0,0,0,0,0,0,0,0
121071,2,1,1998,23,23,23,23,23,23,23,23,23,23
121072,1,1,1998,0,0,0,0,0,0,0,0,0,0
121073,1,1,1998,0,0,0,0,0,0,0,0,0,0
121073,2,1,1998,0,0,0,0,0,0,0,0,0,0
121074,1,1,1998,0,0,0,0,0,0,0,0,0,0
121075,1,1,1998,0,0,0,0,0,0,0,0,0,0
121076,1,1,1998,0,0,0,0,0,0,0,0,0,0
121076,2,1,1998,0,0,0,0,0,0,0,0,0,0
121077,0,1,1998,34,34,34,34,34,34,34,34,34,34
121077,1,1,1998,0,0,0,0,0,0,0,0,0,0
121078,1,1,1998,0,0,0,0,0,0,0,0,0,0
121079,1,1,1998,32,32,32,32,32,32,32,32,32,32
121079,2,1,1998,0,0,6,0,0,0,16,0,0,0
121080,0,1,1998,8,8,8,8,8,8,8,8,8,8
121080,1,1,1998,0,0,0,0,0,0,0,0,0,0
121081,1,1,1998,27,27,27,27,27,27,27,27,27,27
121082,1,1,1998,0,0,0,0,0,0,0,0,0,0
121083,1,1,1998,11,11,11,11,11,11,11,11,11,11
121084,1,1,1998,0,0,0,22,0,0,0,45,0,0
121085,1,1,1998,0,0,0,0,0,0,0,0,0,0
121085,2,1,1998,0,0,0,0,0,0,0,0,0,0
121086,1,1,1998,16,16,16,16,16,16,16,16,16,16
121087,1,1,1998,0,0,0,0,0,0,0,0,0,0
121087,2,1,1998,0,0,0,0,0,0,0,0,0,0
121088,1,1,1998,0,0,0,0,0,0,0,8,0,0
121088,2,1,1998,0,0,0,0,0,0,0,11,0,0
121089,0,1,1998,0,0,0,0,0,0,0,0,0,0
121089,1,1,1998,0,0,0,0,0,0,0,0,0,0
121090,1,1,1998,0,0,0,0,0,0,0,0,0,0
121090,2,1,1998,0,0,0,0,0,0,0,0,0,0
121091,1,1,1998,21,21,21,21,21,21,21,21,21,21
121091,2,1,1998,0,0,0,0,0,0,0,0,0,0
121091,3,1,1998,0,0,0,0,29,0,0,0,0,0
121091,4,1,1998,0,0,0,0,0,0,0,0,0,0
121092,1,1,1998,0,0,0,0,0,0,0,0,0,0
121093,1,1,1998,0,0,15,0,0,0,0,0,0,0
121093,2,1,1998,0,0,0,0,0,0,0,0,0,0
121093,3,1,1998,0,0,0,0,0,0,0,0,0,0
121093,4,1,1998,0,0,0,0,0,0,0,0,0,0
121094,0,1,1998,0,0,0,0,0,0,0,0,0,0
121094,0,2,1998,0,0,0,0,0,0,0,0,0,0
121094,1,1,1998,4,4,4,4,4,4,4,4,4,4
121095,1,1,1998,0,0,0,0,0,0,0,0,16,0
121095,2,1,1998,0,0,0,0,0,0,0,0,0,0
121096,1,1,1998,0,0,0,0,0,0,0,0,0,0
121096,2,1,1998,0,0,0,0,0,29,0,0,0,0
121096,3,1,1998,0,0,0,0,0,0,0,0,0,0
121097,1,1,1998,28,28,28,28,28,28,28,28,28,28
121098,1,1,1998,0,0,0,0,0,0,0,0,0,0
121098,2,1,1998,0,0,0,0,0,0,0,0,0,0
121099,1,1,1998,0,0,0,0,12,20,0,0,0,0
121099,2,1,1998,0,0,0,0,0,0,8,0,0,0
121100,1,1,1998,0,0,0,0,0,0,0,0,0,0
121101,1,1,1998,0,12,4,0,0,0,0,0,8,0
121101,2,1,1998,0,0,0,0,0,0,0,0,0,0
121102,1,1,1998,0,0,0,0,0,0,0,0,0,0
121102,2,1,1998,0,0,0,0,0,0,0,0,0,0
121103,1,1,1998,8,13,3,18,0,17,20,0,0,17
121103,2,1,1998,0,0,0,0,0,0,0,0,0,0
121104,1,1,1998,0,0,0,0,0,0,0,0,0,0
121104,2,1,1998,0,0,0,0,0,0,0,0,0,0
121104,3,1,1998,0,0,0,0,0,0,0,0,0,0
121105,0,1,1998,0,0,0,0,31,0,0,22,0,0
121105,1,1,1998,0,0,0,0,0,0,0,0,0,0
121106,1,1,1998,0,0,0,0,0,0,0,0,0,0
121106,2,1,1998,0,0,0,0,0,0,0,0,0,0
121107,1,1,1998,24,24,24,24,24,24,24,24,24,24
121107,2,1,1998,0,0,0,0,0,0,0,0,0,0
121108,1,1,1998,0,0,0,0,0,0,0,0,0,0
121108,2,1,1998,4,0,0,0,0,12,0,0,0,0
121109,1,1,1998,0,0,0,0,0,0,0,0,0,0
121109,2,1,1998,0,0,0,0,0,0,0,0,0,0
121110,0,1,1998,0,13,9,0,0,0,0,0,0,0
121110,1,1,1998,15,0,10,37,0,12,9,0,0,13
121111,1,1,1998,0,0,0,0,0,0,0,0,0,0
121111,2,1,1998,0,0,0,0,0,0,0,0,0,5
121111,3,1,1998,0,0,0,0,0,0,0,0,0,0
121112,1,1,1998,0,0,0,0,0,0,0,0,0,0
121113,0,1,1998,0,0,0,0,0,0,0,0,0,0
121113,1,1,1998,0,3,0,0,0,0,0,6,0,0
121114,0,1,1998,0,0,0,0,0,0,0,0,0,9
121114,1,1,1998,0,2,0,0,0,0,0,0,8,0
121115,0,1,1998,12,12,12,12,12,12,12,12,12,12
121115,1,1,1998,0,0,0,0,0,0,0,0,0,0
121116,1,1,1998,0,0,0,0,0,0,0,0,0,0
121116,2,1,1998,17,0,0,11,0,4,0,0,0,0
121117,1,1,1998,0,0,0,0,0,0,0,0,0,0
121118,0,1,1998,0,0,0,0,0,0,0,0,0,0
121118,1,1,1998,11,11,11,11,11,11,11,11,11,11
121119,0,1,1998,0,0,0,0,0,0,0,0,0,0
121119,1,1,1998,0,0,0,0,0,0,0,0,0,0
121120,1,1,1998,20,20,20,20,20,20,20,20,20,20
121121,1,1,1998,13,13,13,13,13,13,13,13,13,13
121121,2,1,1998,0,0,0,0,0,0,0,0,0,0
121121,3,1,1998,0,0,0,0,0,0,0,0,0,0
121121,4,1,1998,0,0,0,0,0,0,0,0,0,0
121122,1,1,1998,19,19,19,19,19,19,19,19,19,19
121122,2,1,1998,0,0,0,0,4,0,0,0,0,0
121123,0,1,1998,17,17,17,17,17,17,17,17,17,17
121123,1,1,1998,0,0,0,0,0,0,0,0,0,0
121124,0,1,1998,10,0,0,0,0,0,0,0,0,0
121124,1,1,1998,0,0,0,0,0,0,0,0,0,0
121125,1,1,1998,0,0,0,0,0,0,0,0,0,0
121126,1,1,1998,0,0,0,0,0,0,0,0,0,0
121126,2,1,1998,0,0,0,0,0,0,0,0,0,0
121127,1,1,1998,0,0,0,0,0,0,0,0,0,0
121128,0,1,1998,18,18,18,18,18,18,18,18,18,18
121128,1,1,1998,0,0,0,0,0,0,0,0,0,0
121128,2,1,1998,0,0,0,0,0,0,0,0,0,0
121128,3,1,1998,0,0,0,0,0,10,0,0,0,0
121128,4,1,1998,17,14,6,0,16,11,15,14,10,15
121129,0,1,1998,0,0,0,0,0,0,0,0,0,0
121129,1,1,1998,0,0,0,0,0,0,0,0,0,0
121130,0,1,1998,0,5,0,0,0,6,0,0,0,0
121130,1,1,1998,0,0,0,0,0,0,0,0,0,0
121131,1,1,1998,0,0,0,0,0,0,0,0,0,0
121131,2,1,1998,17,17,17,17,17,17,17,17,17,17
121132,1,1,1998,15,15,15,15,15,15,15,15,15,15
121133,1,1,1998,0,0,0,0,0,0,0,0,0,0
121134,1,1,1998,12,12,12,12,12,12,12,12,12,12
121134,2,1,1998,0,0,0,0,0,0,0,0,0,0
121135,1,1,1998,0,0,0,0,0,0,0,0,0,0
121135,2,1,1998,0,0,0,0,0,0,0,0,0,0
121136,1,1,1998,0,0,0,0,0,0,0,0,0,0
121136,2,1,1998,0,0,0,0,0,0,0,0,0,0
121137,0,1,1998,0,0,0,0,0,0,0,0,0,0
121137,1,1,1998,0,0,0,0,0,0,0,0,0,0
121138,1,1,1998,0,0,0,0,0,0,0,0,0,0
121138,2,1,1998,17,0,0,0,0,0,0,0,0,0
121138,3,1,1998,0,0,0,0,0,0,0,0,0,0
121139,1,1,1998,0,0,0,0,0,15,0,0,0,0
121139,2,1,1998,0,0,0,0,0,0,0,0,0,0
121139,3,1,1998,0,0,0,0,0,0,0,0,0,0
121140,1,1,1998,0,0,0,0,0,0,0,0,0,0
121140,2,1,1998,0,0,0,0,0,0,0,0,0,0
121141,1,1,1998,8,8,8,8,8,8,8,8,8,8
121142,1,1,1998,0,0,0,0,0,0,0,0,0,0
121142,2,1,1998,0,0,0,0,0,14,0,0,0,0
121142,3,1,1998,0,0,0,0,0,0,0,0,0,0
121143,1,1,1998,15,15,15,15,15,15,15,15,15,15
121144,1,1,1998,28,28,28,28,28,28,28,28,28,28
121145,0,1,1998,25,25,25,25,25,25,25,25,25,25
121145,1,1,1998,0,0,0,0,0,0,0,0,0,0
121146,0,1,1998,0,0,0,0,0,0,0,0,0,0
121146,1,1,1998,0,0,0,0,0,0,0,0,0,0
121147,1,1,1998,0,0,0,0,0,0,0,0,0,0
121148,1,1,1998,0,0,0,0,0,0,0,0,0,0
121148,2,1,1998,0,0,0,0,0,0,0,0,0,0
121149,0,1,1998,0,0,0,15,0,8,0,26,0,0
121149,1,1,1998,0,0,0,0,25,0,0,3,0,0
121150,1,1,1998,0,19,0,11,0,0,11,13,0,11
121150,2,1,1998,0,0,0,0,0,0,0,0,0,0
121151,1,1,1998,0,0,0,0,0,0,0,0,0,0
121152,1,1,1998,0,0,0,0,0,0,0,0,0,0
121152,2,1,1998,0,0,0,0,0,0,0,0,0,0
121153,0,1,1998,0,0,0,0,3,0,0,0,0,0
121153,1,1,1998,0,0,0,0,0,0,0,0,0,0
121154,1,1,1998,0,0,30,14,0,0,0,16,9,17
121155,0,1,1998,35,35,35,35,35,35,35,35,35,35
121155,1,1,1998,0,0,0,0,0,0,0,0,0,0
121156,1,1,1998,19,19,19,19,19,19,19,19,19,19
121157,1,1,1998,0,0,0,0,0,0,0,0,0,0
121158,1,1,1998,0,0,0,0,0,0,0,0,0,0
121158,2,1,1998,0,0,0,0,0,0,0,0,0,0
121159,1,1,1998,22,22,22,22,22,22,22,22,22,22
121160,1,1,1998,7,7,7,7,7,7,7,7,7,7
121160,2,1,1998,7,7,7,7,7,7,7,7,7,7
121161,1,1,1998,0,0,0,0,0,0,0,0,0,0
121161,2,1,1998,0,0,0,0,0,0,0,0,0,0
121161,3,1,1998,0,0,0,0,0,0,0,0,0,0
121161,4,1,1998,0,0,0,0,0,0,0,0,0,0
121161,5,1,1998,0,0,0,0,0,0,0,0,0,0
121162,0,1,1998,0,0,0,0,0,0,0,0,0,0
121162,1,1,1998,0,0,0,0,0,0,0,0,0,0
121163,0,1,1998,19,0,0,19,0,13,28,20,23,32
121163,1,1,1998,0,0,0,0,0,0,0,0,0,0
121164,0,1,1998,15,15,15,15,15,15,15,15,15,15
121164,1,1,1998,12,0,6,0,0,0,0,13,0,0
121165,1,1,1998,21,21,21,21,21,21,21,21,21,21
121165,2,1,1998,0,0,0,0,0,0,0,0,0,0
121166,1,1,1998,0,0,0,0,0,0,0,0,0,0
121166,2,1,1998,0,0,0,0,0,0,0,0,0,0
121167,1,1,1998,0,0,0,0,0,0,0,0,0,0
121167,2,1,1998,0,0,0,0,0,0,0,28,0,0
121168,1,1,1998,0,0,0,0,0,0,0,0,0,0
121169,1,1,1998,0,0,0,0,0,11,0,0,0,0
121169,2,1,1998,0,0,0,0,0,0,0,0,0,0
121170,0,1,1998,0,0,0,0,0,0,0,0,0,0
121170,1,1,1998,0,0,0,0,0,0,0,0,0,0
121171,1,1,1998,5,0,0,0,0,0,0,0,0,0
121171,2,1,1998,0,0,0,0,0,0,0,0,0,0
121172,1,1,1998,0,0,0,0,0,0,0,0,0,0
121172,2,1,1998,4,0,0,0,0,0,0,0,0,0
121172,3,1,1998,0,0,0,0,0,0,0,0,0,0
121173,1,1,1998,0,0,0,0,0,0,0,0,0,0
121174,1,1,1998,23,23,20,10,15,13,24,29,8,5
121175,1,1,1998,0,0,0,0,0,0,0,0,0,0
121175,2,1,1998,0,0,0,0,0,0,0,0,0,0
121176,1,1,1998,0,15,14,0,18,0,10,21,11,0
121177,0,1,1998,0,0,6,0,17,0,0,0,16,0
121177,1,1,1998,0,0,0,0,0,4,0,0,0,0
121178,0,1,1998,0,9,0,0,5,0,0,0,0,0
121178,1,1,1998,0,0,0,0,0,0,0,0,0,0
121179,0,1,1998,0,0,0,0,0,0,0,0,0,0
121179,1,1,1998,0,0,0,0,0,0,0,0,0,0
121180,0,1,1998,24,24,24,24,24,24,24,24,24,24
121180,1,1,1998,0,0,0,0,7,0,0,0,0,0
121181,0,1,1998,0,0,0,0,0,0,0,0,0,0
121181,1,1,1998,0,0,0,0,0,0,0,0,0,0
121182,0,1,1998,0,0,0,0,0,0,0,0,0,0
121182,0,2,1998,0,0,0,0,0,0,0,0,0,0
121182,1,1,1998,0,0,0,0,0,0,0,0,0,0
121183,1,1,1998,3,3,3,3,3,3,3,3,3,3
121183,2,1,1998,0,0,0,0,0,0,0,0,0,0
121184,1,1,1998,0,0,0,0,0,0,0,0,0,0
121184,2,1,1998,29,29,29,29,29,29,29,29,29,29
121185,1,1,1998,24,24,24,24,24,24,24,24,24,24
121185,2,1,1998,0,0,6,0,0,28,0,21,0,7
121186,1,1,1998,0,0,0,0,0,0,13,0,0,0
121186,2,1,1998,0,0,0,0,0,0,0,0,0,0
121187,1,1,1998,0,0,0,17,0,9,15,0,22,0
121187,2,1,1998,0,0,0,0,0,0,0,0,0,0
121188,1,1,1998,6,6,6,6,6,6,6,6,6,6
121188,2,1,1998,12,0,0,16,0,0,24,0,0,0
121188,3,1,1998,0,0,0,0,0,0,0,0,0,0
121188,4,1,1998,0,0,0,0,8,0,0,0,0,17
121189,1,1,1998,0,0,0,0,0,0,0,0,0,0
121189,2,1,1998,0,0,0,0,0,0,0,0,0,0
121189,3,1,1998,0,0,0,0,0,0,0,0,0,0
121190,1,1,1998,0,0,0,0,0,0,0,0,0,0
121190,2,1,1998,0,0,0,0,0,0,0,0,0,0
121190,3,1,1998,0,0,0,0,0,0,0,0,0,0
121190,4,1,1998,0,0,0,0,0,0,0,4,0,0
121191,1,1,1998,0,0,0,0,0,0,0,0,0,0
121192,1,1,1998,0,0,0,0,0,0,0,0,0,0
121192,2,1,1998,0,0,0,0,0,0,0,0,0,0
121193,1,1,1998,0,0,0,0,0,0,0,0,0,0
121193,2,1,1998,0,0,0,0,0,0,0,0,0,0
121194,1,1,1998,0,0,0,0,0,0,0,0,0,0
121194,2,1,1998,0,15,14,0,14,0,0,0,0,5
121195,1,1,1998,0,0,0,0,0,0,0,0,0,0
121195,2,1,1998,0,0,0,0,14,0,0,0,0,0
121196,1,1,1998,0,0,0,0,0,0,0,0,0,0
121196,2,1,1998,0,0,0,0,0,0,0,0,0,0
121197,1,1,1998,21,21,21,21,21,21,21,21,21,21
121198,0,1,1998,0,20,0,0,0,0,0,0,0,0
121198,1,1,1998,0,0,0,0,0,0,0,0,0,0
121199,0,1,1998,31,31,31,31,31,31,31,31,31,31
121199,1,1,1998,0,0,0,0,0,0,0,0,0,0
121200,0,1,1998,0,0,0,0,0,0,0,0,0,0
121200,1,1,1998,0,0,0,0,0,0,0,0,0,0
121201,0,1,1998,0,0,0,0,0,0,0,0,0,0
121201,1,1,1998,1,1,1,1,1,1,1,1,1,1
121202,1,1,1998,0,0,0,0,0,0,0,0,0,0
121203,1,1,1998,13,0,0,0,0,0,0,0,0,0
121203,2,1,1998,0,0,0,0,0,0,0,0,0,0
121204,1,1,1998,9,9,9,9,9,9,9,9,9,9
121205,0,2,1998,23,23,23,23,23,23,23,23,23,23
121205,1,1,1998,22,22,22,22,22,22,22,22,22,22
121206,1,1,1998,0,0,0,0,0,0,0,0,0,0
121206,2,1,1998,0,0,0,0,0,0,0,0,0,0
121207,1,1,1998,0,0,0,0,0,0,0,21,0,0
121208,1,1,1998,0,0,0,0,0,0,0,0,0,0
121208,2,1,1998,0,0,0,0,0,0,0,0,0,0
121209,1,1,1998,16,16,16,16,16,16,16,16,16,16
121209,2,1,1998,0,0,0,0,0,0,0,0,0,0
121210,1,1,1998,12,0,0,5,0,13,0,0,21,0
121210,2,1,1998,0,0,0,0,16,0,0,0,0,0
121211,1,1,1998,0,0,0,0,0,0,0,0,0,0
121211,2,1,1998,0,0,0,0,0,0,0,0,0,0
121211,3,1,1998,0,0,0,0,0,2,0,0,0,0
121212,1,1,1998,0,0,0,0,0,0,0,0,0,0
121212,2,1,1998,0,0,0,0,0,0,0,0,0,0
121213,0,1,1998,0,7,11,0,0,0,24,15,0,0
121213,1,1,1998,0,0,0,0,0,0,0,0,0,0
121214,0,1,1998,0,0,0,0,0,0,0,0,0,0
121214,1,1,1998,0,0,0,0,0,0,0,0,0,0
121214,2,1,1998,0,0,0,0,0,0,0,0,0,0
121215,1,1,1998,0,0,0,0,0,0,0,0,0,0
121215,2,1,1998,0,0,0,0,0,0,0,0,0,0
121215,3,1,1998,0,0,17,0,0,0,0,0,0,0
121216,0,1,1998,0,0,0,0,0,0,0,0,0,0
121216,1,1,1998,6,23,38,41,24,0,6,14,14,0
121217,1,1,1998,0,0,0,0,0,0,0,0,0,0
121217,2,1,1998,0,0,0,0,0,0,0,0,0,0
121218,0,1,1998,0,0,0,0,0,0,0,0,0,0
121218,1,1,1998,0,0,0,0,0,0,0,0,0,0
121219,0,1,1998,24,24,24,24,24,24,24,24,24,24
121219,1,1,1998,0,0,0,0,0,0,0,0,0,0
121220,1,1,1998,24,24,24,24,24,24,24,24,24,24
121220,2,1,1998,15,19,0,11,0,15,2,0,14,0
121221,1,1,1998,18,18,18,18,18,18,18,18,18,18
121221,2,1,1998,15,15,15,15,15,15,15,15,15,15
121222,0,1,1998,0,0,0,0,0,0,0,0,0,0
121222,1,1,1998,0,0,0,0,0,0,0,0,0,0
121222,2,1,1998,0,0,0,0,0,0,0,0,0,0
121223,1,1,1998,0,0,0,0,0,0,0,0,0,0
121223,2,1,1998,0,0,0,0,0,0,0,0,0,0
121224,1,1,1998,27,27,27,27,27,27,27,27,27,27
121224,2,1,1998,0,0,0,0,0,0,8,0,0,0
121224,3,1,1998,0,0,0,0,0,0,0,0,0,0
121225,1,1,1998,0,0,0,0,0,0,0,0,0,0
121225,2,1,1998,0,0,0,0,0,0,0,0,0,0
121226,0,1,1998,0,0,0,0,0,0,0,0,0,0
121226,1,1,1998,0,0,0,0,0,0,0,0,0,0
121227,1,1,1998,12,12,12,12,12,12,12,12,12,12
121227,2,1,1998,8,15,8,0,15,21,17,0,36,14
121228,1,1,1998,13,13,13,13,13,13,13,13,13,13
121229,1,1,1998,13,13,13,13,13,13,13,13,13,13
121229,2,1,1998,0,0,0,0,0,0,0,0,0,0
121230,1,1,1998,1,1,1,1,1,1,1,1,1,1
121231,0,1,1998,24,24,24,24,24,24,24,24,24,24
121231,1,1,1998,0,0,0,0,0,0,0,0,0,0
121232,1,1,1998,0,0,0,0,0,0,0,0,0,0
121232,2,1,1998,0,0,0,0,0,0,0,0,0,0
121232,3,1,1998,0,0,0,0,0,0,0,0,0,0
121233,0,1,1998,0,0,0,8,0,0,0,0,0,0
121233,1,1,1998,0,0,0,0,0,0,0,0,0,0
121234,1,1,1998,0,0,0,0,0,0,0,0,0,0
121234,2,1,1998,0,0,0,0,0,0,0,0,0,0
121234,3,1,1998,0,7,0,0,0,0,0,0,0,0
121234,4,1,1998,0,0,12,20,9,0,3,0,0,0
121235,1,1,1998,0,0,0,0,0,0,0,0,0,0
121236,0,1,1998,0,0,0,0,0,0,0,0,0,0
121236,1,1,1998,0,0,6,0,0,0,0,0,0,0
121237,1,1,1998,29,29,29,29,29,29,29,29,29,29
121238,1,1,1998,0,0,0,0,0,0,0,0,0,0