ST_CASE,VEH_NO,PER_NO,YEAR,P1,P2,P3,P4,P5,P6,P7,P8,P9,P10
121238,2,1,1998,0,0,21,8,0,0,0,0,0,0
121239,1,1,1998,23,18,19,11,17,33,17,0,7,10
121240,1,1,1998,13,13,13,13,13,13,13,13,13,13
121241,1,1,1998,0,0,0,0,0,0,0,0,0,0
121241,2,1,1998,0,0,0,0,0,0,0,0,0,0
121242,1,1,1998,2,2,2,2,2,2,2,2,2,2
121243,1,1,1998,0,0,0,0,0,0,0,0,0,0
121243,2,1,1998,0,0,0,0,0,0,0,0,0,0
121244,0,1,1998,0,0,0,0,0,0,0,0,0,0
121244,1,1,1998,17,6,0,0,0,0,24,16,13,7
121245,0,1,1998,27,27,27,27,27,27,27,27,27,27
121245,1,1,1998,0,5,14,0,0,0,0,0,0,0
121246,1,1,1998,0,0,0,0,0,0,0,0,0,0
121246,2,1,1998,0,0,0,0,0,0,0,0,0,0
121247,1,1,1998,0,0,0,0,0,0,0,0,0,0
121247,2,1,1998,0,0,0,0,0,0,0,0,0,0
121248,1,1,1998,22,22,22,22,22,22,22,22,22,22
121249,1,1,1998,20,20,20,20,20,20,20,20,20,20
121249,2,1,1998,4,4,4,4,4,4,4,4,4,4
121250,1,1,1998,4,4,4,4,4,4,4,4,4,4
121250,2,1,1998,0,0,0,0,0,0,0,0,0,0
121251,0,1,1998,0,0,0,0,0,0,0,0,0,0
121251,1,1,1998,0,0,0,0,0,0,0,0,0,0
121252,1,1,1998,28,28,28,28,28,28,28,28,28,28
121252,2,1,1998,0,0,0,0,0,0,0,0,0,0
121253,1,1,1998,0,0,0,0,0,0,0,0,0,0
121253,2,1,1998,0,0,0,0,0,0,0,0,0,0
121254,1,1,1998,25,25,25,25,25,25,25,25,25,25
121255,1,1,1998,0,0,0,0,0,0,0,0,0,0
121255,2,1,1998,0,0,0,0,0,0,0,0,0,0
121255,3,1,1998,0,0,0,0,0,0,0,0,0,0
121255,4,1,1998,0,0,0,0,0,0,0,0,0,0
121256,1,1,1998,0,0,0,0,0,0,0,0,0,0
121256,2,1,1998,0,0,0,0,0,0,0,0,0,0
121256,3,1,1998,0,0,0,0,0,0,0,0,0,0
121257,1,1,1998,16,16,16,16,16,16,16,16,16,16
121257,2,1,1998,0,0,0,0,0,0,0,0,0,0
121257,3,1,1998,0,5,15,0,19,22,0,9,18,23
121258,0,1,1998,0,0,0,0,0,0,0,0,0,0
121258,1,1,1998,0,0,0,0,13,0,0,0,0,0
121259,1,1,1998,0,0,0,0,0,0,0,0,0,0
121260,1,1,1998,4,4,4,4,4,4,4,4,4,4
121260,2,1,1998,0,0,0,0,0,16,0,0,0,0
121261,1,1,1998,0,0,0,0,0,0,0,0,0,0
121261,2,1,1998,0,0,0,0,14,12,16,0,17,0
121262,0,1,1998,0,0,22,10,31,31,24,16,0,19
121262,1,1,1998,0,0,0,5,0,0,0,0,0,0
121262,2,1,1998,0,0,0,0,0,0,0,0,0,0
121263,0,1,1998,0,0,0,0,0,0,0,0,0,0
121263,1,1,1998,0,0,0,0,0,0,0,0,0,0
121264,0,1,1998,25,0,39,0,13,0,25,21,0,0
121264,1,1,1998,0,0,0,0,0,0,5,0,0,0
121264,2,1,1998,0,0,0,0,0,0,0,0,0,0
121264,3,1,1998,0,0,0,0,0,0,0,0,0,0
121265,0,1,1998,0,0,0,0,0,0,0,0,0,0
121265,1,1,1998,0,0,0,0,0,0,0,0,0,0
121266,1,1,1998,0,0,0,0,0,0,0,0,0,0
121266,2,1,1998,0,0,0,0,0,0,0,0,0,0
121266,3,1,1998,0,0,0,0,0,0,24,8,0,0
121267,1,1,1998,19,19,19,19,19,19,19,19,19,19
121267,2,1,1998,19,19,19,19,19,19,19,19,19,19
121268,1,1,1998,0,0,0,0,0,0,0,0,0,0
121269,1,1,1998,0,0,12,13,0,0,0,0,0,0
121270,0,1,1998,11,11,11,11,11,11,11,11,11,11
121270,1,1,1998,8,8,8,8,8,8,8,8,8,8
121271,1,1,1998,0,0,0,0,0,0,0,0,0,0
121272,1,1,1998,17,17,17,17,17,17,17,17,17,17
121273,1,1,1998,11,11,11,11,11,11,11,11,11,11
121273,2,1,1998,0,0,0,0,0,0,0,0,0,0
121274,1,1,1998,0,0,0,0,0,0,0,0,0,0
121274,2,1,1998,0,0,0,0,0,0,0,0,0,0
121274,3,1,1998,0,0,0,0,0,0,0,0,0,0
121275,1,1,1998,0,0,0,23,0,0,0,0,0,0
121275,2,1,1998,0,0,0,0,0,0,0,0,0,0
121276,0,1,1998,17,0,0,29,0,0,0,0,0,0
121276,1,1,1998,0,0,0,0,0,0,0,0,0,0
121277,1,1,1998,9,9,9,9,9,9,9,9,9,9
121277,2,1,1998,0,0,0,0,0,0,0,0,0,0
121278,0,1,1998,0,0,0,0,0,0,0,0,0,0
121278,1,1,1998,0,0,0,0,0,0,0,0,0,0
121279,0,1,1998,15,11,5,21,7,19,0,0,15,27
121279,1,1,1998,0,0,0,0,0,0,0,0,0,0
121280,1,1,1998,0,0,0,0,0,0,0,0,0,0
121280,2,1,1998,0,0,0,0,0,0,0,0,0,0
121281,1,1,1998,0,0,0,0,0,0,0,0,0,0
121282,0,1,1998,0,0,0,0,0,0,0,0,0,0
121282,1,1,1998,13,28,0,4,0,0,15,0,0,16
121283,1,1,1998,0,0,0,0,0,0,0,0,0,0
121284,0,1,1998,9,0,0,0,0,0,0,0,0,0
121284,1,1,1998,0,0,0,0,0,0,0,0,0,0
121285,0,1,1998,0,0,0,0,0,0,0,0,0,0
121285,1,1,1998,0,0,0,0,0,0,0,0,0,0
121286,1,1,1998,0,0,0,0,0,0,0,0,0,0
121286,2,1,1998,0,0,0,0,0,0,0,0,0,0
121286,3,1,1998,0,0,0,0,0,0,0,0,0,0
121287,1,1,1998,0,0,0,0,0,0,0,0,0,0
121287,2,1,1998,0,0,0,0,0,0,0,0,0,0
121288,1,1,1998,0,0,0,0,0,0,0,0,0,17
121288,2,1,1998,0,0,0,0,0,0,0,0,0,0
121289,1,1,1998,0,0,0,0,0,0,0,0,0,0
121289,2,1,1998,0,0,0,0,0,0,0,0,0,0
121290,1,1,1998,0,0,0,0,0,0,0,17,0,0
121290,2,1,1998,0,0,0,0,0,0,0,0,0,0
121291,1,1,1998,0,0,0,0,0,0,0,0,0,0
121292,1,1,1998,0,0,0,0,0,0,0,0,0,0
121292,2,1,1998,0,0,0,0,0,0,0,0,6,0
121293,1,1,1998,0,0,0,0,0,0,0,0,0,0
121293,2,1,1998,0,0,0,0,0,0,0,0,0,0
121294,1,1,1998,0,0,0,0,0,0,0,0,0,0
121294,2,1,1998,0,0,0,0,0,0,0,0,0,0
121295,1,1,1998,27,27,27,27,27,27,27,27,27,27
121296,1,1,1998,0,0,0,0,0,0,0,0,0,0
121296,2,1,1998,19,19,19,19,19,19,19,19,19,19
121297,1,1,1998,0,0,0,0,0,0,0,0,0,0
121298,1,1,1998,0,0,0,0,0,0,0,0,0,0
121298,2,1,1998,0,0,0,0,0,0,0,0,0,0
121298,3,1,1998,0,0,0,0,0,0,0,0,0,0
121299,1,1,1998,30,30,30,30,30,30,30,30,30,30
121299,2,1,1998,0,9,33,21,0,0,0,0,0,0
121299,3,1,1998,0,0,0,0,0,0,0,0,0,0
121300,1,1,1998,0,0,0,0,0,0,0,0,0,0
121300,2,1,1998,0,0,0,0,0,0,0,0,0,0
121300,3,1,1998,0,0,0,0,0,0,0,0,0,0
121301,1,1,1998,0,0,0,0,0,0,0,0,0,0
121301,2,1,1998,0,0,0,0,0,0,0,0,0,0
121302,1,1,1998,0,0,0,0,0,12,0,19,8,0
121303,1,1,1998,2,2,2,2,2,2,2,2,2,2
121303,2,1,1998,1,1,1,1,1,1,1,1,1,1
121304,1,1,1998,0,0,0,0,0,0,0,0,0,0
121305,1,1,1998,0,0,19,13,0,0,0,0,0,0
121305,2,1,1998,16,16,16,16,16,16,16,16,16,16
121306,0,1,1998,0,0,0,0,0,0,0,0,0,0
121307,1,1,1998,0,0,0,0,0,0,0,0,0,0
121307,2,1,1998,0,0,0,0,0,0,0,0,0,0
121308,1,1,1998,20,20,20,20,20,20,20,20,20,20
121309,1,1,1998,15,21,0,0,14,0,0,0,11,10
121310,1,1,1998,0,0,0,0,0,0,0,0,0,0
121311,1,1,1998,18,18,18,18,18,18,18,18,18,18
121312,1,1,1998,12,12,12,12,12,12,12,12,12,12
121313,1,1,1998,0,6,21,0,0,0,0,0,25,0
121314,1,1,1998,0,0,0,0,0,0,0,0,0,0
121314,2,1,1998,0,0,0,0,0,0,0,0,0,0
121314,3,1,1998,0,0,0,0,0,0,0,0,0,0
121315,0,1,1998,0,0,0,0,0,0,0,0,0,0
121315,1,1,1998,0,0,0,0,0,0,0,0,0,0
121316,1,1,1998,9,9,9,9,9,9,9,9,9,9
121316,2,1,1998,0,0,0,0,0,0,0,0,0,0
121316,3,1,1998,0,0,0,0,0,0,0,0,0,22
121317,1,1,1998,0,0,0,0,0,0,0,0,0,0
121318,1,1,1998,0,0,0,0,0,0,0,0,0,0
121318,2,1,1998,0,0,0,0,0,0,0,0,0,0
121319,1,1,1998,0,0,0,0,0,0,0,0,0,0
121319,2,1,1998,5,0,0,0,9,0,0,0,0,0
121319,3,1,1998,0,0,0,0,0,0,0,0,0,0
121320,1,1,1998,0,0,0,0,0,0,0,0,0,0
121321,1,1,1998,0,0,0,0,0,0,0,0,0,0
121322,1,1,1998,14,14,14,14,14,14,14,14,14,14
121323,1,1,1998,0,0,0,0,0,0,0,0,0,0
121323,2,1,1998,0,0,0,0,0,0,0,0,0,0
121324,1,1,1998,0,0,0,0,0,0,0,0,0,0
121325,1,1,1998,0,0,0,0,0,0,0,0,0,0
121325,2,1,1998,0,0,0,0,0,10,6,0,0,0
121326,1,1,1998,15,15,15,15,15,15,15,15,15,15
121327,1,1,1998,0,0,0,0,0,0,0,0,14,0
121327,2,1,1998,0,0,0,0,0,0,0,0,0,0
121327,3,1,1998,0,0,0,0,0,0,0,0,0,0
121328,0,1,1998,0,0,0,0,0,0,0,0,0,0
121328,1,1,1998,0,0,0,0,0,0,0,0,0,0
121329,1,1,1998,11,0,5,0,0,0,0,0,0,0
121330,1,1,1998,25,25,25,25,25,25,25,25,25,25
121331,0,1,1998,0,0,0,0,0,0,0,0,0,0
121331,1,1,1998,0,0,0,0,0,0,0,0,0,0
121332,1,1,1998,0,0,0,0,0,0,0,0,0,0
121332,2,1,1998,0,0,0,0,0,0,0,0,0,0
121332,3,1,1998,0,0,0,0,0,0,0,0,0,0
121332,4,1,1998,0,0,0,0,0,0,0,0,0,0
121333,1,1,1998,0,0,0,0,0,0,5,0,0,0
121333,2,1,1998,0,0,0,0,0,0,0,0,0,0
121334,1,1,1998,0,0,0,0,0,0,0,0,0,0
121335,1,1,1998,0,35,0,0,0,0,0,0,0,0
121336,1,1,1998,0,0,0,0,0,0,0,0,24,0
121336,2,1,1998,0,0,0,0,0,0,0,0,0,0
121337,1,1,1998,0,0,0,0,0,0,0,0,0,0
121337,2,1,1998,0,0,0,0,0,0,20,0,0,0
121338,1,1,1998,0,0,0,0,0,0,0,0,0,0
121338,2,1,1998,10,10,10,10,10,10,10,10,10,10
121339,1,1,1998,0,0,0,0,0,16,0,0,0,0
121340,1,1,1998,18,18,18,18,18,18,18,18,18,18
121340,2,1,1998,21,21,21,21,21,21,21,21,21,21
121341,0,7,1998,0,0,8,0,9,0,0,0,2,0
121341,1,1,1998,0,0,0,0,0,0,0,0,0,0
121341,2,1,1998,0,8,0,0,0,0,0,0,0,0
121342,1,1,1998,32,32,32,32,32,32,32,32,32,32
121343,1,1,1998,0,0,0,0,0,0,0,0,0,0
121343,2,1,1998,0,0,0,0,0,0,0,0,0,0
121344,1,1,1998,0,0,0,0,0,0,0,0,0,0
121344,2,1,1998,0,0,0,0,0,0,0,0,0,0
121345,1,1,1998,0,0,0,0,0,0,0,0,0,0
121345,2,1,1998,3,0,0,0,0,0,0,0,0,0
121346,1,1,1998,0,0,0,0,0,0,0,0,0,0
121346,2,1,1998,19,19,19,19,19,19,19,19,19,19
121347,1,1,1998,2,2,2,2,2,2,2,2,2,2
121347,2,1,1998,0,0,0,0,0,0,0,0,0,0
121348,0,1,1998,0,11,37,14,12,0,0,23,0,28
121348,1,1,1998,0,0,0,11,0,0,0,8,0,0
121349,0,1,1998,0,0,0,0,0,0,0,0,0,0
121349,1,1,1998,0,0,0,0,0,0,0,0,0,0
121350,0,1,1998,0,0,0,0,0,0,0,0,0,0
121350,1,1,1998,0,0,0,0,0,0,0,0,0,0
121351,1,1,1998,0,0,0,0,0,0,0,0,0,18
121351,2,1,1998,0,0,0,0,0,0,0,0,0,0
121352,1,1,1998,0,0,0,0,0,0,0,0,0,0
121352,2,1,1998,0,0,0,0,0,0,0,0,0,0
121353,1,1,1998,0,0,0,0,0,16,0,0,0,0
121353,2,1,1998,0,0,0,0,0,0,0,0,0,0
121354,0,1,1998,0,0,0,0,0,0,0,0,0,0
121354,1,1,1998,0,0,0,0,0,0,0,0,0,11
121355,1,1,1998,0,0,0,0,0,0,0,0,0,0
121355,2,1,1998,0,7,0,0,0,0,0,0,0,0
121356,1,1,1998,0,0,0,0,0,0,0,0,0,0
121357,0,1,1998,30,30,30,30,30,30,30,30,30,30
121357,1,1,1998,0,0,0,0,0,0,0,0,0,0
121358,1,1,1998,0,0,0,0,0,0,0,0,0,0
121358,2,1,1998,0,0,0,0,0,0,0,0,0,0
121359,0,1,1998,22,22,22,22,22,22,22,22,22,22
121359,0,2,1998,28,22,25,0,43,18,6,12,37,19
121359,1,1,1998,0,0,0,0,0,0,0,0,0,0
121360,0,1,1998,0,16,0,0,0,0,0,8,0,3
121360,1,1,1998,0,0,0,0,0,0,0,0,0,0
121361,1,1,1998,0,0,0,0,0,0,0,0,0,0
121361,2,1,1998,0,0,14,0,0,0,0,16,0,0
121362,0,1,1998,12,12,12,12,12,12,12,12,12,12
121362,1,1,1998,9,8,0,12,8,0,13,10,0,15
121363,1,2,1998,0,0,0,0,0,0,0,0,6,0
121363,2,1,1998,28,28,28,28,28,28,28,28,28,28
121364,1,1,1998,0,0,0,0,0,3,0,0,0,0
121364,2,1,1998,0,0,0,0,0,0,0,0,0,0
121365,1,1,1998,0,0,0,0,0,0,0,0,0,0
121365,2,1,1998,0,0,0,0,0,0,0,0,0,0
121366,1,1,1998,0,0,0,0,0,0,0,0,0,0
121367,1,1,1998,16,16,16,16,16,16,16,16,16,16
121368,1,1,1998,0,0,0,0,0,0,0,0,0,0
121368,2,1,1998,0,0,0,0,0,0,0,0,0,0
121369,1,1,1998,25,25,25,25,25,25,25,25,25,25
121369,2,1,1998,0,0,0,0,0,0,0,0,0,0
121370,1,1,1998,13,12,10,14,29,28,10,21,0,11
121371,1,1,1998,0,0,11,0,0,0,0,0,0,17
121372,1,1,1998,0,0,0,0,0,0,0,0,0,0
121372,2,1,1998,0,0,0,0,0,0,0,0,0,0
121372,3,1,1998,0,0,0,0,0,0,0,0,0,0
121373,1,1,1998,0,0,0,0,0,0,0,0,0,0
121374,0,1,1998,5,0,8,12,0,19,0,0,0,0
121374,1,1,1998,0,0,0,0,0,7,0,0,0,0
121375,1,1,1998,0,0,0,0,0,0,0,0,0,0
121375,2,1,1998,0,0,0,0,0,0,0,0,0,0
121376,0,1,1998,0,0,0,2,33,0,0,12,0,0
121376,1,1,1998,0,0,0,0,0,0,0,0,0,0
121376,2,1,1998,0,0,0,0,0,0,0,0,0,0
121377,1,1,1998,0,0,0,0,0,0,0,0,0,0
121377,2,1,1998,10,10,10,10,10,10,10,10,10,10
121378,1,1,1998,17,14,0,30,21,23,14,18,0,14
121379,1,1,1998,0,0,0,0,0,0,0,0,0,0
121379,2,1,1998,0,0,0,0,0,0,0,0,0,0
121379,3,1,1998,0,0,0,0,0,0,0,0,0,0
121380,1,1,1998,0,0,15,14,11,0,0,15,34,0
121381,0,1,1998,0,0,0,0,0,0,0,0,0,0
121381,0,2,1998,0,0,0,0,0,0,0,0,0,0
121381,0,3,1998,0,0,0,0,0,0,0,0,0,0
121381,0,4,1998,0,0,0,0,0,0,0,0,0,0
121381,1,1,1998,0,0,0,0,0,0,0,0,0,0
121382,1,1,1998,0,0,0,0,0,0,0,0,0,0
121383,1,1,1998,0,0,0,0,0,0,0,0,0,0
121383,2,1,1998,0,0,0,0,0,0,0,0,0,0
121384,0,1,1998,17,17,17,17,17,17,17,17,17,17
121384,1,1,1998,44,5,0,0,14,13,0,17,0,0
121385,0,1,1998,34,10,0,24,25,9,0,0,0,36
121385,1,1,1998,0,0,0,0,0,0,0,0,0,0
121386,0,1,1998,0,0,0,0,0,0,0,0,0,0
121386,1,1,1998,0,0,0,0,0,0,0,0,0,0
121387,1,1,1998,0,0,0,0,3,0,0,0,0,0
121387,2,1,1998,0,0,0,0,0,0,0,0,0,11
121387,3,1,1998,0,0,0,0,0,0,0,0,0,0
121388,0,1,1998,36,0,0,8,0,0,0,16,0,23
121388,1,1,1998,0,0,0,0,0,7,0,0,0,0
121389,1,1,1998,29,29,29,29,29,29,29,29,29,29
121390,1,1,1998,11,0,10,0,26,0,0,12,0,0
121391,0,1,1998,0,0,0,0,0,0,0,36,0,23
121391,1,1,1998,0,12,0,0,0,0,0,0,0,0
121392,1,1,1998,0,0,0,0,0,0,0,0,0,0
121392,2,1,1998,12,0,0,0,0,0,0,0,0,0
121392,3,1,1998,0,5,0,0,0,0,0,0,0,0
121393,1,1,1998,0,0,0,0,0,0,0,0,0,0
121393,2,1,1998,0,0,0,0,0,0,0,0,0,0
121393,3,1,1998,0,0,0,0,0,0,0,0,0,0
121394,1,1,1998,11,11,11,11,11,11,11,11,11,11
121395,1,1,1998,0,0,0,0,0,0,0,0,0,0
121395,2,1,1998,0,0,0,0,0,0,0,0,0,0
121396,1,1,1998,0,0,0,0,0,0,0,0,0,0
121396,2,1,1998,0,0,0,0,0,0,0,0,0,0
121396,3,1,1998,0,0,0,0,0,0,0,0,0,0
121396,4,1,1998,0,0,0,0,0,0,0,0,0,0
121397,1,1,1998,0,0,0,0,0,0,0,0,0,0
121398,1,1,1998,0,7,15,7,15,11,0,4,0,0
121399,1,1,1998,14,0,0,0,0,0,0,0,0,0
121399,2,1,1998,7,7,7,7,7,7,7,7,7,7
121400,1,1,1998,0,29,31,0,22,0,28,16,0,6
121400,2,1,1998,0,0,9,0,0,0,0,0,0,0
121401,1,1,1998,0,0,0,0,14,0,0,0,0,0
121401,2,1,1998,0,0,0,0,0,0,0,0,0,0
121402,1,1,1998,0,0,0,0,0,0,0,0,0,0
121402,2,1,1998,0,0,0,0,0,0,0,0,0,0
121403,1,1,1998,0,0,0,0,0,0,0,0,0,0
121404,1,1,1998,22,22,22,22,22,22,22,22,22,22
121404,2,1,1998,0,0,0,0,0,0,0,0,0,0
121404,3,1,1998,0,0,0,0,0,0,0,0,0,0
121405,1,1,1998,0,0,0,0,0,0,0,0,0,0
121406,1,1,1998,0,0,0,0,0,0,0,0,0,0
121406,2,1,1998,0,0,0,0,0,0,0,0,0,0
121407,0,1,1998,27,27,27,27,27,27,27,27,27,27
121407,1,1,1998,14,14,14,14,14,14,14,14,14,14
121408,0,1,1998,0,47,0,18,0,10,23,25,14,14
121408,1,1,1998,0,0,0,0,0,0,0,0,0,0
121409,1,1,1998,0,0,0,0,0,0,0,0,0,0
121410,1,1,1998,0,0,0,0,0,0,0,0,0,0
121410,2,1,1998,0,0,0,0,0,0,0,0,0,0
121410,3,1,1998,0,0,0,0,0,0,0,0,0,0
121411,1,1,1998,0,0,14,31,0,18,22,0,0,0
121412,0,1,1998,0,0,0,0,0,0,0,0,0,0
121412,1,1,1998,0,0,0,0,0,0,0,0,0,0
121413,1,1,1998,0,0,0,0,0,0,0,0,0,0
121413,2,1,1998,0,0,0,0,0,0,0,0,0,0
121414,1,1,1998,0,0,0,0,0,0,0,0,0,0
121414,2,1,1998,0,0,0,0,0,0,0,0,0,0
121415,1,1,1998,12,12,12,12,12,12,12,12,12,12
121416,1,1,1998,0,0,0,0,0,0,0,0,0,0
121416,2,1,1998,0,0,0,0,0,0,0,0,0,0
121417,1,1,1998,0,0,0,0,3,0,0,0,0,0
121417,2,1,1998,0,0,0,0,0,0,0,0,0,0
121418,1,1,1998,0,0,0,0,0,0,0,0,0,0
121418,2,1,1998,0,0,0,0,0,0,0,0,0,0
121418,3,1,1998,0,0,0,0,0,0,0,0,0,0
121419,0,1,1998,0,8,15,22,24,24,20,13,0,0
121419,1,1,1998,0,0,0,0,0,10,14,15,0,0
121420,1,1,1998,0,0,0,0,0,0,0,0,0,0
121421,1,1,1998,0,0,0,0,0,0,0,0,0,0
121421,2,1,1998,0,0,0,0,0,0,0,0,0,0
121421,3,1,1998,0,0,0,0,0,0,0,0,0,0
121422,1,1,1998,13,0,0,0,0,0,0,0,0,0
121423,1,1,1998,31,31,31,31,31,31,31,31,31,31
121424,1,1,1998,0,30,0,19,0,10,0,0,0,0
121425,1,1,1998,17,17,17,17,17,17,17,17,17,17
121426,1,1,1998,22,22,22,22,22,22,22,22,22,22
121427,1,1,1998,10,10,10,10,10,10,10,10,10,10
121427,2,1,1998,0,0,0,0,0,0,0,0,0,0
121428,0,1,1998,0,0,0,0,0,0,0,0,0,0
121428,1,1,1998,0,0,0,0,0,0,0,0,0,0
121429,1,1,1998,0,0,0,0,0,0,0,0,0,0
121430,0,1,1998,0,0,0,0,0,0,0,15,0,0
121430,1,1,1998,0,0,0,0,0,0,0,0,0,0
121431,0,1,1998,0,0,0,0,0,10,0,0,15,5
121431,1,1,1998,0,0,0,0,0,0,0,0,0,0
121432,0,1,1998,0,0,0,0,0,0,0,0,0,0
121432,1,1,1998,0,0,0,0,0,0,0,0,0,0
121433,1,1,1998,0,0,0,0,0,0,0,0,0,0
121433,2,1,1998,0,0,0,3,9,0,0,0,0,0
121434,1,1,1998,0,0,0,0,0,0,0,0,0,0
121434,2,1,1998,0,0,0,0,0,0,0,0,0,0
121435,0,1,1998,14,0,2,14,25,29,0,0,16,5
121435,1,1,1998,0,0,0,0,0,0,0,0,0,0
121436,1,1,1998,0,0,0,0,0,0,0,0,0,0
121436,2,1,1998,0,0,0,0,0,0,0,0,0,0
121437,1,1,1998,0,0,0,0,0,0,12,19,0,0
121437,2,1,1998,0,0,0,0,0,0,0,0,0,0
121438,0,1,1998,0,12,18,0,0,0,32,9,0,21
121438,1,1,1998,0,4,0,0,0,0,0,0,0,0
121439,1,1,1998,0,0,0,0,0,0,0,0,0,0
121440,1,1,1998,0,4,0,0,3,0,0,0,0,0
121441,0,1,1998,22,0,0,0,0,19,18,0,0,38
121441,1,1,1998,0,0,0,0,0,0,0,0,0,0
121442,1,1,1998,5,5,5,5,5,5,5,5,5,5
121442,2,1,1998,0,0,0,0,0,0,0,0,0,0
121443,1,1,1998,22,22,22,22,22,22,22,22,22,22
121444,1,1,1998,5,5,5,5,5,5,5,5,5,5
121444,2,1,1998,0,0,0,0,0,0,0,0,0,0
121445,1,1,1998,4,4,4,4,4,4,4,4,4,4
121446,1,1,1998,0,0,0,0,0,0,0,0,9,4
121447,1,1,1998,2,2,2,2,2,2,2,2,2,2
121448,1,1,1998,0,0,0,0,0,0,0,0,0,0
121449,1,1,1998,22,22,22,22,22,22,22,22,22,22
121449,2,1,1998,0,0,0,0,0,0,0,0,0,0
121450,1,1,1998,0,0,0,0,0,0,0,0,0,0
121450,2,1,1998,0,0,0,0,0,0,3,0,0,0
121451,1,1,1998,15,0,0,0,0,0,0,0,0,0
121451,2,1,1998,18,0,0,0,0,0,0,0,0,0
121451,3,1,1998,0,0,0,0,0,0,0,0,0,0
121452,1,1,1998,0,0,0,0,0,0,0,0,0,0
121452,2,1,1998,0,0,0,0,8,0,0,0,0,0
121453,1,1,1998,9,9,9,9,9,9,9,9,9,9
121454,1,1,1998,0,0,0,0,0,0,0,0,0,0
121454,2,1,1998,0,0,0,0,0,0,0,0,0,0
121455,1,1,1998,0,0,0,0,0,0,0,0,0,0
121455,2,1,1998,0,0,0,0,0,0,0,0,0,0
121456,1,1,1998,0,0,0,0,0,0,0,0,0,0
121456,2,1,1998,0,0,0,0,0,0,0,0,0,0
121456,3,1,1998,0,0,0,0,0,0,0,0,0,0
121456,4,1,1998,0,0,0,0,0,0,0,0,0,0
121457,1,1,1998,0,0,0,0,0,0,0,0,0,0
121457,2,1,1998,0,0,0,0,0,0,0,0,0,0
121457,3,1,1998,0,0,0,0,0,0,0,0,0,0
121458,1,1,1998,0,0,0,0,0,0,0,0,16,0
121459,1,1,1998,0,0,0,0,0,0,0,0,0,0
121460,1,1,1998,0,0,0,0,0,0,0,0,0,0
121460,2,1,1998,0,0,0,0,0,0,0,0,0,0
121462,1,1,1998,22,22,22,22,22,22,22,22,22,22
121463,1,1,1998,25,25,25,25,25,25,25,25,25,25
121464,1,1,1998,0,0,0,0,0,0,0,0,0,0
121464,2,1,1998,0,0,0,0,0,0,0,0,0,0
121465,1,1,1998,0,0,0,0,0,0,0,0,0,0
121465,2,1,1998,0,0,0,0,0,0,0,0,0,0
121466,1,1,1998,0,0,18,7,0,0,0,0,0,0
121466,2,1,1998,0,0,0,0,0,0,0,0,0,0
121467,0,1,1998,0,0,0,0,0,0,0,0,0,0
121467,1,1,1998,0,0,0,0,0,0,0,0,4,0
121468,1,1,1998,0,0,0,0,0,0,0,0,0,0
121468,2,1,1998,0,0,0,0,0,0,0,0,0,0
121469,1,1,1998,0,0,0,0,0,0,0,0,0,0
121471,0,1,1998,0,0,0,0,0,0,0,0,0,0
121471,1,1,1998,0,0,0,0,0,0,0,0,0,0
121472,1,1,1998,0,0,0,0,0,0,0,0,0,0
121472,2,1,1998,0,0,0,0,0,0,0,0,0,0
121473,1,1,1998,0,0,0,0,0,0,0,0,0,0
121473,2,1,1998,0,0,0,0,0,0,0,0,0,0
121474,1,1,1998,11,11,11,11,11,11,11,11,11,11
121475,1,1,1998,0,0,0,0,0,0,0,0,0,0
121475,2,1,1998,0,0,0,0,0,0,0,0,0,0
121476,1,1,1998,0,0,0,0,0,0,0,0,0,0
121476,2,1,1998,0,0,0,0,0,0,0,0,0,0
121477,0,1,1998,28,17,11,0,24,0,18,38,9,16
121477,1,1,1998,0,0,0,0,0,0,12,0,0,0
121477,2,1,1998,0,0,0,0,0,0,0,0,0,0
121477,3,1,1998,0,0,0,0,0,0,0,0,0,0
121477,4,1,1998,0,0,0,0,0,0,0,0,0,0
121477,5,1,1998,0,0,0,0,0,0,0,0,0,0
121478,1,1,1998,0,0,0,0,0,0,0,0,32,0
121479,1,1,1998,0,0,0,0,0,0,0,0,0,4
121479,2,1,1998,0,0,0,0,0,0,0,0,0,0
121479,3,1,1998,0,0,0,0,0,0,0,0,0,0
121480,0,1,1998,24,24,24,24,24,24,24,24,24,24
121480,1,1,1998,0,13,0,0,0,0,0,0,0,0
121481,0,1,1998,0,0,0,0,0,0,0,0,0,0
121481,1,1,1998,0,0,0,0,0,0,0,0,0,5
121481,2,1,1998,0,0,0,0,0,0,0,0,0,0
121482,1,1,1998,0,8,0,0,0,0,0,0,0,0
121482,2,1,1998,12,0,0,37,0,17,0,0,0,0
121483,1,1,1998,0,0,0,0,0,0,0,0,0,0
121483,2,1,1998,0,0,0,0,0,0,0,0,0,0
121484,1,1,1998,0,0,0,0,0,0,0,0,0,0
121484,2,1,1998,0,0,0,0,0,0,0,0,0,0
121485,1,1,1998,23,23,23,23,23,23,23,23,23,23
121486,1,1,1998,0,0,0,0,0,0,0,0,0,0
121487,0,1,1998,0,0,0,0,0,0,0,0,0,0
121487,1,1,1998,0,0,0,0,0,0,0,0,0,0
121488,1,1,1998,3,3,3,3,3,3,3,3,3,3
121489,1,1,1998,0,0,0,0,0,0,0,0,0,0
121490,0,1,1998,23,0,0,14,13,0,0,0,0,13
121490,0,2,1998,0,0,0,0,0,0,0,0,0,10
121490,1,1,1998,0,0,0,0,0,0,0,0,0,0
121491,1,1,1998,0,0,0,0,0,0,0,0,0,0