ST_CASE,VEH_NO,PER_NO,YEAR,P1,P2,P3,P4,P5,P6,P7,P8,P9,P10
121993,1,1,1998,0,0,0,0,0,0,0,0,0,0
121993,2,1,1998,0,0,0,0,0,0,0,0,0,0
121994,1,1,1998,6,6,6,6,6,6,6,6,6,6
121995,1,1,1998,0,0,0,0,0,0,0,0,0,0
121995,2,1,1998,0,0,0,0,0,0,0,0,0,7
121996,0,1,1998,0,0,0,0,0,0,0,0,0,0
121996,1,1,1998,0,0,0,0,0,0,0,0,0,0
121997,1,1,1998,0,0,3,10,0,10,10,0,0,0
121998,1,1,1998,0,0,0,0,0,0,0,0,0,0
121999,1,1,1998,0,0,0,0,0,0,0,0,0,0
122000,0,1,1998,0,0,0,0,0,0,0,0,0,0
122000,1,1,1998,0,0,16,6,0,0,0,0,0,0
122001,0,1,1998,0,0,0,0,0,0,0,7,0,0
122001,1,1,1998,0,0,0,0,0,0,0,0,0,0
122002,1,1,1998,0,0,0,0,0,0,0,0,0,0
122003,1,1,1998,0,0,0,0,0,0,0,0,0,0
122004,1,1,1998,11,0,8,10,29,13,8,0,13,12
122005,0,1,1998,0,0,0,0,0,0,0,0,0,0
122005,1,1,1998,0,0,0,0,0,0,0,0,0,0
122005,2,1,1998,0,0,0,0,0,0,0,0,0,0
122006,0,1,1998,0,0,0,0,0,0,0,0,0,0
122006,1,1,1998,8,8,8,8,8,8,8,8,8,8
122007,1,1,1998,0,0,0,0,0,0,0,0,0,0
122007,2,1,1998,0,0,0,0,0,0,0,0,0,0
122008,0,1,1998,24,24,24,24,24,24,24,24,24,24
122008,1,1,1998,0,0,0,0,0,0,0,0,0,0
122009,1,1,1998,0,0,0,0,0,0,0,0,0,0
122009,2,1,1998,20,20,20,20,20,20,20,20,20,20
122010,0,1,1998,25,25,25,25,25,25,25,25,25,25
122010,1,1,1998,0,15,0,0,0,0,0,10,0,15
122010,2,1,1998,23,0,0,0,0,0,0,0,0,0
122011,1,1,1998,17,17,17,17,17,17,17,17,17,17
122012,1,1,1998,15,15,15,15,15,15,15,15,15,15
122013,0,1,1998,7,7,7,7,7,7,7,7,7,7
122013,1,1,1998,0,0,0,0,0,0,0,0,0,0
122014,0,1,1998,39,39,39,39,39,39,39,39,39,39
122014,1,1,1998,0,0,0,0,18,0,0,0,0,0
122015,1,1,1998,0,0,0,0,0,0,0,0,0,0
122016,1,1,1998,0,0,0,0,0,0,0,0,0,0
122016,2,1,1998,0,0,0,0,0,0,0,0,0,0
122017,1,1,1998,0,0,0,0,0,0,0,0,0,0
122017,2,1,1998,0,0,12,0,0,0,0,0,0,0
122018,1,1,1998,0,0,0,0,0,0,0,0,0,0
122018,2,1,1998,0,0,0,0,0,0,0,0,22,0
122019,1,1,1998,0,0,0,0,0,0,0,0,0,0
122019,2,1,1998,0,0,0,0,0,0,0,0,0,0
122019,3,1,1998,0,0,0,0,0,0,0,0,0,0
122020,1,1,1998,13,13,13,13,13,13,13,13,13,13
122021,0,1,1998,0,0,0,0,0,0,0,0,0,0
122021,1,1,1998,0,0,0,0,0,0,0,0,0,0
122022,0,1,1998,0,0,0,0,0,0,0,0,0,0
122022,1,1,1998,0,0,0,0,0,0,0,0,0,0
122023,1,1,1998,0,0,0,0,0,0,0,25,0,0
122023,2,1,1998,0,0,0,0,0,0,0,0,0,0
122024,1,1,1998,0,0,0,0,0,0,0,0,0,0
122024,2,1,1998,0,0,0,0,0,0,0,0,0,0
122025,1,1,1998,0,0,0,0,0,0,0,12,0,0
122025,2,1,1998,0,0,19,0,0,0,0,7,0,0
122026,1,1,1998,0,0,0,0,0,0,0,0,0,0
122026,2,1,1998,0,0,0,0,0,0,0,0,0,0
122027,1,1,1998,0,0,0,0,0,0,0,0,0,0
122027,2,1,1998,0,0,0,0,0,0,0,0,0,0
122028,1,1,1998,0,0,0,0,0,0,0,0,0,0
122028,2,1,1998,0,0,0,0,0,0,0,0,0,0
122028,3,1,1998,0,0,0,0,0,0,0,0,0,0
122029,1,1,1998,0,0,0,0,0,0,23,0,0,22
122030,0,1,1998,0,0,0,0,0,0,0,0,0,0
122030,1,1,1998,0,0,0,0,0,0,0,0,0,0
122030,2,1,1998,0,18,0,4,0,0,0,0,0,13
122031,1,1,1998,0,0,0,0,0,0,0,0,0,0
122032,1,1,1998,0,0,0,0,0,0,0,0,0,0
122032,2,1,1998,0,0,0,0,0,0,0,0,0,0
122033,1,1,1998,0,0,0,0,0,0,0,0,0,0
122033,2,1,1998,0,0,0,0,0,0,0,0,0,0
122034,1,1,1998,0,0,0,0,13,0,0,0,0,0
122034,2,1,1998,0,0,0,0,0,0,0,9,0,8
122034,3,1,1998,0,0,0,0,0,0,0,0,0,0
122034,4,1,1998,0,0,0,0,0,0,0,0,0,0
122035,1,1,1998,0,0,0,0,0,0,0,0,0,0
122035,2,1,1998,0,0,0,0,0,0,0,0,0,0
122036,1,1,1998,24,13,16,0,0,16,17,0,0,0
122036,2,1,1998,8,0,0,0,0,9,0,0,12,0
122037,0,1,1998,0,0,0,0,0,0,0,0,0,0
122037,1,1,1998,0,0,0,0,0,0,0,0,0,0
122038,1,1,1998,0,0,0,0,0,0,0,0,0,0
122038,2,1,1998,0,0,0,0,0,0,0,0,0,0
122039,1,1,1998,22,22,22,22,22,22,22,22,22,22
122040,0,1,1998,0,2,0,0,0,0,0,0,0,0
122040,1,1,1998,0,0,0,0,0,0,0,0,0,0
122040,2,1,1998,0,0,0,0,0,0,0,0,0,0
122041,0,1,1998,0,0,0,0,0,0,0,0,0,0
122041,1,1,1998,0,0,0,0,0,0,0,0,0,0
122042,0,1,1998,0,9,0,8,4,0,0,29,8,0
122042,1,1,1998,0,0,0,0,0,25,0,6,0,0
122043,1,1,1998,0,0,0,0,0,0,0,0,0,0
122044,0,1,1998,0,0,0,0,5,0,19,0,0,0
122044,1,1,1998,0,0,0,0,0,12,10,0,25,6
122045,1,1,1998,0,0,0,0,0,0,0,0,0,0
122045,2,1,1998,0,0,0,0,0,0,0,0,0,0
122046,0,1,1998,0,0,0,0,0,0,0,0,0,0
122046,1,1,1998,0,0,0,0,0,0,0,0,0,0
122047,1,1,1998,0,0,0,0,0,0,0,0,0,0
122048,1,1,1998,0,0,0,0,0,0,0,9,7,23
122049,1,1,1998,11,26,30,10,16,23,31,26,17,12
122050,1,1,1998,5,5,5,5,5,5,5,5,5,5
122050,2,1,1998,0,0,0,0,0,0,0,0,0,0
122051,1,1,1998,0,0,0,0,0,0,0,0,16,0
122051,2,1,1998,0,0,0,0,0,0,0,0,0,0
122052,1,1,1998,0,0,0,0,0,0,0,0,0,0
122052,2,1,1998,0,0,0,0,0,0,0,0,0,0
122053,1,1,1998,19,19,19,19,19,19,19,19,19,19
122054,0,1,1998,0,0,0,0,0,0,0,0,0,0
122054,1,1,1998,0,0,0,0,0,0,0,0,0,0
122055,1,1,1998,0,0,0,0,0,0,0,0,0,0
122055,2,1,1998,0,0,0,0,0,0,0,0,0,0
122056,0,1,1998,0,0,0,0,0,0,0,0,0,0
122056,1,1,1998,0,0,0,0,0,0,0,0,0,0
122057,1,1,1998,0,0,0,0,0,0,0,0,0,0
122058,1,1,1998,8,8,8,8,8,8,8,8,8,8
122058,2,1,1998,0,0,0,0,0,0,0,0,0,0
122059,1,1,1998,0,0,0,0,0,0,0,0,0,0
122059,2,1,1998,0,0,0,0,0,0,0,0,0,0
122060,1,1,1998,0,0,0,0,0,0,0,0,0,0
122060,2,1,1998,0,0,0,0,0,0,0,0,0,0
122061,1,1,1998,15,15,15,15,15,15,15,15,15,15
122062,0,1,1998,0,0,0,0,0,0,0,0,0,0
122062,1,1,1998,0,0,0,0,0,0,0,0,0,0
122063,1,1,1998,17,17,17,17,17,17,17,17,17,17
122064,1,1,1998,14,14,14,14,14,14,14,14,14,14
122065,1,1,1998,0,0,0,0,0,0,0,0,0,0
122066,0,1,1998,20,20,20,20,20,20,20,20,20,20
122066,0,2,1998,24,24,24,24,24,24,24,24,24,24
122066,1,1,1998,0,0,0,0,0,0,0,0,0,0
122067,1,1,1998,8,8,8,8,8,8,8,8,8,8
122068,1,1,1998,30,30,30,30,30,30,30,30,30,30
122069,1,1,1998,0,0,0,0,0,0,0,0,0,0
122069,2,1,1998,0,0,0,0,0,0,0,0,0,0
122070,1,1,1998,12,12,12,12,12,12,12,12,12,12
122071,1,1,1998,25,25,25,25,25,25,25,25,25,25
122071,2,1,1998,0,0,0,0,0,0,0,0,0,0
122072,1,1,1998,7,7,7,7,7,7,7,7,7,7
122072,2,1,1998,0,0,0,0,0,0,0,0,0,0
122073,0,1,1998,0,0,0,5,0,15,0,10,0,0
122073,1,1,1998,0,0,0,0,0,0,0,0,0,0
122074,1,1,1998,0,0,0,0,0,0,0,0,0,0
122074,2,1,1998,0,0,0,0,0,8,0,0,0,0
122075,1,1,1998,16,16,16,16,16,16,16,16,16,16
122075,2,1,1998,17,0,0,0,0,0,23,13,0,0
122076,1,1,1998,0,0,0,0,0,0,0,0,0,0
122077,1,1,1998,8,8,8,8,8,8,8,8,8,8
122078,1,1,1998,0,0,0,0,5,0,0,0,0,0
122078,2,1,1998,0,0,0,0,0,0,0,0,0,0
122078,3,1,1998,0,0,0,0,0,0,0,0,0,0
122078,4,1,1998,0,0,0,0,0,0,0,0,0,0
122079,0,1,1998,17,17,17,17,17,17,17,17,17,17
122079,1,1,1998,0,0,0,0,0,0,0,0,0,0
122080,1,1,1998,0,0,0,0,0,0,0,8,0,0
122081,1,1,1998,25,25,25,25,25,25,25,25,25,25
122082,0,1,1998,10,28,15,25,38,15,27,20,31,18
122082,1,1,1998,0,0,0,22,0,0,0,18,0,0
122083,0,1,1998,0,0,0,0,0,0,0,0,0,0
122083,1,1,1998,0,15,0,0,19,0,0,0,0,0
122084,0,1,1998,0,0,0,0,0,0,0,0,0,0
122084,1,1,1998,0,0,0,0,0,0,0,0,0,0
122085,1,1,1998,0,0,0,0,0,0,0,0,0,0
122086,0,1,1998,0,0,0,0,0,0,0,0,0,0
122086,1,1,1998,0,0,0,0,0,0,0,0,0,0
122087,1,1,1998,0,0,0,0,0,0,0,0,0,0
122087,2,1,1998,0,0,0,0,0,0,0,0,0,0
122088,1,1,1998,0,0,0,0,0,0,0,0,0,0
122088,2,1,1998,0,0,0,0,0,0,0,0,0,0
122089,1,1,1998,0,0,0,0,0,0,0,0,0,0
122089,2,1,1998,0,0,0,0,0,0,0,0,0,0
122089,3,1,1998,0,0,0,9,0,0,0,0,0,0
122090,1,1,1998,16,16,16,16,16,16,16,16,16,16
122091,1,1,1998,23,23,23,23,23,23,23,23,23,23
122091,2,1,1998,0,0,0,0,0,0,0,0,0,0
122092,1,1,1998,0,0,0,0,0,0,0,0,0,0
122093,1,1,1998,0,0,0,0,0,0,0,0,0,0
122093,2,1,1998,0,0,0,0,0,0,0,0,0,0
122093,3,1,1998,0,0,0,0,0,0,0,0,0,0
122094,1,1,1998,0,0,0,0,0,0,0,0,0,0
122094,2,1,1998,0,0,0,0,0,0,0,20,0,0
122095,1,1,1998,0,0,0,0,0,0,0,0,0,0
122095,2,1,1998,23,23,23,23,23,23,23,23,23,23
122096,0,1,1998,0,0,0,0,0,0,0,0,0,0
122096,1,1,1998,0,0,0,6,0,0,0,0,0,0
122097,1,1,1998,0,0,0,0,0,0,0,0,0,0
122097,2,1,1998,28,0,0,0,0,0,0,0,0,0
122098,1,1,1998,0,0,0,0,0,0,0,0,0,0
122098,2,1,1998,0,0,0,0,0,0,0,0,0,0
122099,0,1,1998,0,0,0,0,0,0,0,0,0,0
122099,1,1,1998,0,0,0,0,0,0,0,0,0,0
122100,0,1,1998,5,5,5,5,5,5,5,5,5,5
122100,1,1,1998,0,0,0,0,0,0,0,0,0,0
122101,0,1,1998,24,0,22,8,18,0,33,0,0,0
122101,0,2,1998,15,24,24,29,31,19,20,0,0,0
122101,1,1,1998,0,0,0,0,0,0,0,0,0,0
122102,1,1,1998,0,0,0,0,0,0,0,0,0,0
122102,2,1,1998,0,0,0,0,0,0,0,0,0,0
122102,3,1,1998,0,0,0,0,0,0,0,0,0,0
122103,1,1,1998,0,0,0,0,0,0,0,0,0,0
122103,2,1,1998,0,0,0,0,0,0,0,0,0,0
122104,0,1,1998,14,14,14,14,14,14,14,14,14,14
122104,1,1,1998,0,0,0,0,0,0,0,0,0,0
122105,1,1,1998,0,0,0,0,0,0,0,0,0,0
122106,0,1,1998,15,15,15,15,15,15,15,15,15,15
122106,1,1,1998,0,0,0,5,32,0,4,10,0,0
122107,1,1,1998,0,0,0,0,0,0,0,0,0,0
122108,1,1,1998,0,0,0,0,0,0,0,0,0,0
122109,0,1,1998,23,23,23,23,23,23,23,23,23,23
122109,1,1,1998,0,10,0,25,0,17,0,10,15,0
122110,1,1,1998,21,21,21,21,21,21,21,21,21,21
122110,2,1,1998,0,0,0,15,3,13,0,0,0,0
122111,1,1,1998,0,0,0,0,0,0,0,0,0,0
122111,2,1,1998,0,0,0,0,20,0,15,0,0,0
122112,0,1,1998,0,0,0,0,0,0,0,0,0,0
122112,1,1,1998,0,0,8,0,0,0,8,4,0,15
122113,1,1,1998,0,27,26,0,0,0,0,0,0,0
122114,1,1,1998,6,6,6,6,6,6,6,6,6,6
122114,2,1,1998,0,0,0,0,0,0,0,0,0,0
122115,0,1,1998,0,0,0,0,0,0,0,0,0,0
122115,0,2,1998,0,0,0,0,0,0,0,0,0,0
122115,1,1,1998,0,0,0,0,0,0,0,0,0,0
122116,1,1,1998,0,0,0,0,0,0,0,0,0,0
122116,2,1,1998,0,0,0,0,0,0,0,15,0,0
122117,1,1,1998,0,0,0,0,8,0,0,0,0,0
122117,2,1,1998,0,0,0,0,0,0,0,0,0,0
122117,3,1,1998,0,0,0,0,0,0,0,0,0,11
122118,1,1,1998,0,0,0,0,0,0,0,0,0,0
122119,1,1,1998,0,0,0,0,0,0,0,0,0,18
122120,1,1,1998,0,0,0,0,0,0,5,0,0,0
122120,2,1,1998,5,0,0,0,0,0,0,0,0,0
122120,3,1,1998,0,0,0,0,0,0,0,0,0,0
122121,1,1,1998,11,5,35,11,10,16,8,0,0,6
122122,1,1,1998,0,0,0,0,0,0,0,0,0,0
122122,2,1,1998,3,3,3,3,3,3,3,3,3,3
122123,1,1,1998,0,0,0,0,0,0,0,0,0,0
122123,2,1,1998,0,0,0,0,0,0,0,0,0,0
122124,1,1,1998,0,0,0,0,0,0,0,0,0,0
122125,0,1,1998,25,25,25,25,25,25,25,25,25,25
122125,1,1,1998,0,0,0,0,0,0,0,0,0,0
122126,1,1,1998,14,14,14,14,14,14,14,14,14,14
122126,2,1,1998,0,0,0,0,0,0,0,0,0,0
122127,1,1,1998,5,5,5,5,5,5,5,5,5,5
122128,1,1,1998,0,0,0,0,0,0,0,0,0,0
122128,2,1,1998,0,0,0,0,0,0,0,0,0,0
122129,0,1,1998,6,6,6,6,6,6,6,6,6,6
122129,1,1,1998,16,16,16,16,16,16,16,16,16,16
122130,0,1,1998,0,0,0,0,0,0,0,0,0,0
122130,0,2,1998,0,0,0,0,0,0,0,0,0,0
122130,1,1,1998,0,0,0,0,0,0,0,0,0,0
122131,1,1,1998,18,18,18,18,18,18,18,18,18,18
122132,1,1,1998,0,0,0,0,0,0,0,0,0,0
122133,0,1,1998,0,0,0,0,0,0,0,0,0,0
122133,0,2,1998,0,0,0,0,0,0,0,0,0,0
122133,1,1,1998,0,0,0,0,0,0,9,0,0,0
122134,1,1,1998,0,0,0,0,0,0,0,0,0,0
122134,2,1,1998,10,17,0,0,0,0,0,0,0,0
122134,3,1,1998,0,0,0,0,0,0,0,0,0,0
122135,0,1,1998,22,0,0,10,0,0,31,0,0,0
122135,1,1,1998,0,0,0,0,0,0,0,0,0,0
122136,1,1,1998,0,3,0,6,0,0,0,0,0,0
122137,1,1,1998,12,12,12,12,12,12,12,12,12,12
122137,2,1,1998,6,6,6,6,6,6,6,6,6,6
122138,1,1,1998,32,32,32,32,32,32,32,32,32,32
122139,0,1,1998,21,20,17,15,11,3,19,0,24,0
122139,1,1,1998,5,5,5,5,5,5,5,5,5,5
122140,1,1,1998,0,0,0,0,0,0,0,0,0,0
122140,2,1,1998,0,0,0,0,0,0,0,0,0,0
122141,1,1,1998,0,0,0,0,0,0,0,0,0,0
122142,1,1,1998,0,0,0,10,9,11,0,0,0,0
122142,2,1,1998,0,0,0,8,0,0,0,0,0,0
122143,1,1,1998,0,0,0,0,0,0,0,0,0,0
122143,2,1,1998,0,0,0,0,0,0,0,0,0,0
122143,3,1,1998,0,0,0,0,0,0,0,0,0,0
122144,1,1,1998,14,14,14,14,14,14,14,14,14,14
122145,1,1,1998,0,0,0,0,0,16,0,0,0,0
122145,2,1,1998,0,0,0,0,0,0,0,0,0,0
122146,1,1,1998,4,4,4,4,4,4,4,4,4,4
122147,0,1,1998,0,5,0,0,11,2,0,21,0,0
122147,1,1,1998,0,0,0,0,0,0,0,0,0,0
122148,0,1,1998,0,0,0,0,0,0,0,0,0,0
122148,1,1,1998,0,0,0,0,0,0,0,0,0,0
122149,0,1,1998,0,0,0,0,0,0,0,0,0,0
122149,1,1,1998,0,0,0,0,0,0,0,0,0,0
122150,1,1,1998,0,0,0,0,0,0,0,0,0,0
122151,1,1,1998,14,0,0,0,4,7,13,0,0,0
122152,1,1,1998,7,0,0,0,0,0,0,0,0,0
122152,2,1,1998,11,0,0,0,14,0,0,0,0,0
122153,1,1,1998,14,14,14,14,14,14,14,14,14,14
122154,0,1,1998,0,0,0,0,16,17,0,0,0,0
122154,1,1,1998,0,0,0,0,0,0,0,0,0,0
122155,0,1,1998,0,0,0,0,0,0,0,0,0,0
122155,0,2,1998,0,0,0,0,0,0,0,0,0,0
122155,1,1,1998,0,0,19,0,0,0,0,0,0,0
122156,0,1,1998,0,0,0,0,0,19,0,0,12,24
122156,1,1,1998,0,0,0,0,0,0,0,0,0,0
122157,1,1,1998,14,14,14,14,14,14,14,14,14,14
122157,2,1,1998,0,0,0,0,0,0,0,0,0,0
122158,1,1,1998,0,0,0,0,0,0,0,0,0,0
122158,2,1,1998,0,0,0,0,0,0,0,0,0,0
122159,1,1,1998,0,0,0,0,0,19,0,0,0,20
122159,2,1,1998,8,0,0,0,0,2,0,0,0,14
122160,1,1,1998,16,16,16,16,16,16,16,16,16,16
122161,1,1,1998,15,15,15,15,15,15,15,15,15,15
122161,2,1,1998,0,0,0,0,0,0,0,0,0,0
122162,1,1,1998,14,14,14,14,14,14,14,14,14,14
122162,2,1,1998,0,0,0,0,0,0,0,0,0,0
122163,0,1,1998,0,0,0,0,0,0,0,0,0,0
122163,1,1,1998,0,0,0,0,0,0,0,0,0,0
122164,1,1,1998,26,26,26,26,26,26,26,26,26,26
122165,1,1,1998,0,0,0,0,0,0,0,0,0,0
122165,2,1,1998,0,0,0,0,0,15,0,0,0,0
122166,1,1,1998,0,0,0,0,0,0,0,0,0,0
122166,2,1,1998,0,0,0,0,0,0,0,0,0,0
122167,1,1,1998,21,21,21,21,21,21,21,21,21,21
122168,1,1,1998,5,5,5,5,5,5,5,5,5,5
122169,1,1,1998,0,0,0,0,0,0,0,0,0,0
122170,1,1,1998,28,28,28,28,28,28,28,28,28,28
122170,2,1,1998,23,15,0,19,0,0,12,0,31,0
122171,1,1,1998,0,0,0,0,0,0,0,0,0,0
122171,2,1,1998,0,0,0,0,0,0,0,0,0,0
122171,3,1,1998,0,0,0,0,0,0,0,0,0,0
122171,4,1,1998,0,0,0,0,0,0,0,0,0,0
122172,1,1,1998,0,0,0,0,0,0,0,0,0,0
122172,2,1,1998,0,0,0,0,0,0,0,0,0,0
122172,3,1,1998,0,0,0,0,0,0,0,0,0,0
122172,4,1,1998,10,0,0,0,0,0,0,0,0,0
122173,0,1,1998,0,0,0,0,0,0,0,0,0,0
122173,0,2,1998,0,22,0,0,0,0,14,0,18,25
122173,1,1,1998,14,14,14,14,14,14,14,14,14,14
122174,1,1,1998,0,0,0,0,0,0,0,0,0,0
122174,2,1,1998,0,0,0,0,0,0,0,5,0,0
122175,0,1,1998,0,0,0,0,0,0,0,0,0,0
122175,1,1,1998,0,0,0,0,0,9,0,0,0,0
122176,0,1,1998,19,19,19,19,19,19,19,19,19,19
122176,1,1,1998,0,0,0,0,0,0,0,0,0,0
122177,1,1,1998,0,0,0,0,0,0,0,0,0,0
122177,2,1,1998,0,0,0,0,0,0,0,0,0,0
122178,1,1,1998,8,8,8,8,8,8,8,8,8,8
122179,0,1,1998,15,15,15,15,15,15,15,15,15,15
122179,1,1,1998,5,5,5,5,5,5,5,5,5,5
122179,2,1,1998,0,0,0,0,6,0,10,0,0,0
122180,1,1,1998,1,1,1,1,1,1,1,1,1,1
122181,1,1,1998,0,0,0,0,0,0,0,0,0,0
122181,2,1,1998,0,0,0,0,0,0,0,0,0,0
122182,1,1,1998,0,0,0,0,0,0,0,0,0,0
122182,2,1,1998,0,0,0,0,0,0,17,0,0,0
122183,0,1,1998,23,0,0,0,0,0,0,0,0,0
122183,1,1,1998,18,0,0,0,0,0,0,0,0,0
122184,1,1,1998,0,0,0,0,0,7,0,0,0,0
122184,2,1,1998,0,0,0,0,0,0,0,0,0,0
122184,3,1,1998,0,0,0,0,0,0,0,0,0,0
122184,4,1,1998,0,0,0,0,0,0,0,0,0,0
122185,0,1,1998,0,0,0,0,0,0,0,0,0,0
122185,1,1,1998,0,0,0,0,0,0,0,0,0,0
122186,1,1,1998,0,0,0,0,0,0,0,0,0,0
122186,2,1,1998,0,0,0,0,0,0,0,0,0,0
122187,1,1,1998,18,18,18,18,18,18,18,18,18,18
122188,0,1,1998,0,0,0,0,0,0,0,0,0,0
122188,1,1,1998,0,0,0,0,0,0,0,0,0,0
122189,1,1,1998,0,0,0,0,0,0,0,0,0,0
122189,2,1,1998,0,0,0,0,0,0,0,0,0,0
122190,0,1,1998,0,0,16,0,0,0,0,0,0,0
122190,1,1,1998,0,0,0,0,0,0,0,0,0,0
122191,0,1,1998,28,28,28,28,28,28,28,28,28,28
122191,1,1,1998,15,15,15,15,15,15,15,15,15,15
122192,0,1,1998,2,2,2,2,2,2,2,2,2,2
122192,1,1,1998,3,3,3,3,3,3,3,3,3,3
122193,0,1,1998,2,2,2,2,2,2,2,2,2,2
122193,1,1,1998,0,0,0,12,0,0,0,0,0,0
122194,1,1,1998,29,29,29,29,29,29,29,29,29,29
122194,2,1,1998,0,0,0,0,0,0,0,0,0,0
122195,0,1,1998,23,23,23,23,23,23,23,23,23,23
122195,1,1,1998,0,7,0,9,0,0,0,0,0,0
122196,1,1,1998,0,0,0,0,0,0,0,0,0,0
122197,1,1,1998,0,0,0,0,0,0,0,0,0,0
122197,2,1,1998,0,0,0,0,0,0,0,0,0,0
122198,1,1,1998,0,0,0,0,0,0,0,0,0,0
122198,2,1,1998,0,0,0,0,0,0,0,0,0,0
122199,1,1,1998,0,0,0,0,0,0,0,0,0,0
122199,2,1,1998,24,24,24,24,24,24,24,24,24,24
122200,0,1,1998,28,28,28,28,28,28,28,28,28,28
122200,1,1,1998,0,0,0,0,0,0,0,0,0,0
122201,1,1,1998,0,0,0,0,0,0,0,0,0,0
122201,2,1,1998,0,0,0,0,0,0,0,0,0,0
122202,1,1,1998,14,14,14,14,14,14,14,14,14,14
122203,0,1,1998,0,0,0,0,0,0,0,0,0,0
122203,1,1,1998,0,0,20,0,0,0,0,0,0,0
122204,1,1,1998,0,0,0,0,0,0,0,0,0,0
122204,2,1,1998,0,0,0,0,0,0,0,0,0,0
122205,1,1,1998,31,31,31,31,31,31,31,31,31,31
122206,1,1,1998,21,21,21,21,21,21,21,21,21,21
122207,0,1,1998,0,0,0,0,0,0,0,0,0,0
122207,1,1,1998,0,0,0,0,0,0,0,0,0,0
122208,1,1,1998,0,0,0,0,0,0,0,0,0,0
122208,2,1,1998,0,0,0,0,11,0,0,0,0,0
122209,0,1,1998,0,0,0,0,0,0,0,0,0,0
122209,1,1,1998,0,0,0,0,0,0,0,0,0,0
122210,1,1,1998,0,0,0,0,0,0,0,0,0,0
122211,1,1,1998,17,17,17,17,17,17,17,17,17,17
122211,2,1,1998,20,12,0,16,0,0,0,0,0,0
122212,0,1,1998,13,13,13,13,13,13,13,13,13,13
122212,1,1,1998,0,0,0,0,0,0,0,0,0,0
122213,1,1,1998,17,17,17,17,17,17,17,17,17,17
122214,1,1,1998,0,0,0,0,0,0,0,0,0,0
122214,2,1,1998,0,0,0,0,0,0,0,0,0,0
122215,1,1,1998,18,18,18,18,18,18,18,18,18,18
122215,2,1,1998,6,0,4,9,16,16,6,9,0,0
122216,1,1,1998,14,14,14,14,14,14,14,14,14,14
122216,2,1,1998,0,0,0,0,0,0,0,0,0,0
122217,1,1,1998,0,0,0,0,0,0,5,0,0,0
122218,1,1,1998,22,22,22,22,22,22,22,22,22,22
122218,2,1,1998,0,0,0,0,12,0,0,0,0,0
122219,1,1,1998,0,0,0,0,0,0,0,0,0,0
122220,0,1,1998,0,0,0,0,0,0,0,0,0,0
122220,1,1,1998,0,0,0,0,0,0,0,0,0,0
122221,0,1,1998,0,0,16,0,11,0,2,18,0,0
122221,1,1,1998,0,0,0,0,0,0,0,0,0,0
122222,1,1,1998,0,0,0,0,24,0,0,0,20,0
122222,2,1,1998,0,0,0,0,0,0,5,0,0,0
122223,1,1,1998,0,0,0,0,0,0,0,0,0,0
122223,2,1,1998,0,0,0,0,0,0,0,0,0,0
122223,3,1,1998,0,0,0,0,0,0,0,0,0,0
122224,1,1,1998,0,0,0,5,0,0,0,0,0,0
122224,2,1,1998,0,0,0,0,0,0,0,0,0,0
122225,0,1,1998,0,0,0,0,0,0,0,18,0,0
122225,1,1,1998,0,0,0,0,0,0,0,0,0,0
122226,1,1,1998,0,0,0,0,0,0,0,0,0,0
122226,2,1,1998,0,0,0,0,0,0,0,0,0,0
122227,1,1,1998,0,0,0,0,0,0,0,0,0,0
122227,2,1,1998,0,0,0,0,0,0,0,0,0,0
122228,0,1,1998,14,14,14,14,14,14,14,14,14,14
122228,1,1,1998,0,0,0,0,0,0,0,0,0,0
122229,1,1,1998,0,0,0,0,0,0,0,0,0,0
122230,1,1,1998,0,0,0,0,0,0,0,0,0,0
122230,2,1,1998,0,0,0,0,0,0,0,0,0,0
122231,1,1,1998,0,0,0,0,0,0,0,0,0,0
122231,2,1,1998,0,0,0,14,0,0,0,0,0,0
122232,1,1,1998,18,18,18,18,18,18,18,18,18,18
122233,0,1,1998,0,0,0,0,0,0,0,0,0,0
122233,1,1,1998,5,5,5,5,5,5,5,5,5,5
122234,1,1,1998,0,0,0,0,0,0,0,0,0,0
122234,2,1,1998,0,0,0,0,0,0,0,0,0,0
122234,3,1,1998,0,0,0,0,0,0,0,0,0,0
122235,1,1,1998,22,22,22,22,22,22,22,22,22,22
122235,2,1,1998,14,14,14,14,14,14,14,14,14,14
122236,1,1,1998,0,0,0,0,0,0,0,0,0,0
122237,1,1,1998,0,0,0,0,0,0,0,0,0,0
122237,2,1,1998,0,0,0,0,0,0,0,0,0,0
122238,0,1,1998,0,0,0,0,0,0,0,0,0,0
122238,1,1,1998,0,0,0,0,0,0,0,0,0,0
122239,1,1,1998,0,0,0,0,0,0,0,0,0,0
122239,2,1,1998,0,0,0,0,0,0,0,0,0,0
122240,1,1,1998,0,0,0,0,0,0,0,0,0,0
122240,2,1,1998,0,0,0,0,0,0,0,0,17,0
122241,1,1,1998,0,0,0,0,0,0,0,0,0,0
122241,2,1,1998,0,0,0,0,0,0,0,0,0,0
122242,1,1,1998,0,0,0,0,0,0,0,0,0,0
122243,1,1,1998,0,8,0,0,0,0,0,0,0,0
122243,2,1,1998,0,0,0,0,0,0,0,0,0,0
122244,0,1,1998,25,25,25,25,25,25,25,25,25,25
122244,0,2,1998,27,27,27,27,27,27,27,27,27,27
122244,1,1,1998,0,0,0,0,9,0,0,0,0,0
122245,1,1,1998,0,11,0,0,0,0,0,0,0,0