ST_CASE,VEH_NO,PER_NO,YEAR,P1,P2,P3,P4,P5,P6,P7,P8,P9,P10
130472,2,1,1998,0,0,0,0,0,0,0,0,0,0
130473,1,1,1998,20,20,20,20,20,20,20,20,20,20
130473,2,1,1998,0,0,0,0,0,0,0,0,0,0
130474,1,1,1998,0,0,0,0,0,0,0,0,0,0
130474,2,1,1998,0,0,0,0,0,0,0,0,0,0
130475,1,1,1998,0,0,0,0,0,0,0,0,0,0
130476,1,1,1998,21,21,21,21,21,21,21,21,21,21
130477,1,1,1998,0,0,0,0,12,0,0,0,0,0
130478,1,1,1998,0,0,0,0,0,0,0,0,0,0
130478,2,1,1998,0,0,0,0,0,0,0,0,0,0
130479,1,1,1998,22,31,19,22,21,30,9,15,19,14
130480,1,1,1998,0,0,0,0,0,0,0,0,0,0
130481,1,1,1998,0,0,0,0,0,0,0,0,0,0
130481,2,1,1998,0,0,0,0,0,0,0,0,0,0
130482,0,1,1998,11,11,11,11,11,11,11,11,11,11
130482,1,1,1998,0,0,0,0,0,0,0,0,0,0
130483,1,1,1998,0,0,0,0,0,0,0,0,0,0
130483,2,1,1998,0,0,0,0,0,0,0,0,0,0
130484,1,1,1998,0,0,0,0,0,0,0,0,0,0
130484,2,1,1998,0,0,0,0,0,0,0,0,0,0
130485,1,1,1998,0,0,0,0,0,0,0,0,0,0
130485,2,1,1998,0,0,0,0,0,0,0,0,0,0
130486,1,1,1998,0,0,0,0,0,0,0,0,0,0
130487,1,1,1998,0,0,0,0,0,0,0,0,0,0
130488,1,1,1998,0,0,0,0,0,0,0,0,0,0
130488,2,1,1998,0,0,0,0,0,0,0,0,0,0
130489,1,1,1998,2,2,2,2,2,2,2,2,2,2
130490,1,1,1998,0,0,0,0,0,0,0,0,0,0
130490,2,1,1998,0,0,0,0,0,0,0,0,0,0
130491,1,1,1998,0,0,0,0,0,0,0,0,0,0
130492,0,1,1998,0,0,0,0,0,0,0,0,0,0
130492,1,1,1998,0,0,0,0,0,0,0,0,0,0
130493,1,1,1998,0,0,0,0,0,0,0,0,0,0
130493,2,1,1998,0,0,0,0,0,0,0,0,0,0
130494,1,1,1998,13,13,13,13,13,13,13,13,13,13
130495,1,1,1998,0,0,0,0,0,0,22,0,0,21
130495,2,1,1998,0,0,0,0,0,0,0,0,0,0
130496,1,1,1998,0,0,0,0,0,0,0,0,0,0
130497,1,1,1998,23,23,23,23,23,23,23,23,23,23
130497,2,1,1998,0,0,0,0,0,0,0,0,0,5
130498,1,1,1998,0,0,0,0,0,0,0,0,0,0
130498,2,1,1998,0,0,0,0,0,0,0,0,0,0
130499,1,1,1998,0,0,0,0,0,0,0,0,0,0
130500,1,1,1998,0,0,0,0,0,0,0,0,0,0
130501,1,1,1998,0,0,0,0,0,0,0,0,0,0
130501,2,1,1998,0,0,0,0,0,0,0,0,0,0
130502,0,1,1998,27,27,27,27,27,27,27,27,27,27
130502,1,1,1998,0,0,0,0,0,0,0,0,0,0
130503,1,1,1998,29,29,29,29,29,29,29,29,29,29
130504,1,1,1998,22,22,22,22,22,22,22,22,22,22
130505,0,1,1998,11,11,11,11,11,11,11,11,11,11
130505,1,1,1998,0,0,0,0,0,0,0,0,0,0
130506,1,1,1998,9,7,8,2,0,28,0,14,5,14
130506,2,1,1998,0,0,0,0,0,0,0,0,0,0
130507,1,1,1998,25,25,25,25,25,25,25,25,25,25
130508,1,1,1998,23,23,23,23,23,23,23,23,23,23
130508,2,1,1998,0,0,0,0,0,0,0,0,0,0
130509,1,1,1998,0,0,0,0,0,0,0,0,0,0
130509,2,1,1998,0,0,0,0,0,0,0,0,0,0
130510,1,1,1998,0,0,0,0,0,0,0,0,0,0
130510,2,1,1998,0,0,0,0,0,0,0,0,0,0
130511,1,1,1998,0,0,0,0,0,0,0,0,0,0
130512,1,1,1998,0,0,0,0,0,0,0,0,0,0
130513,1,1,1998,0,0,0,0,0,0,0,0,0,0
130513,2,1,1998,0,0,0,0,0,0,0,0,0,0
130513,3,1,1998,0,0,0,0,0,0,0,0,0,0
130514,1,1,1998,0,0,0,0,0,0,0,0,0,0
130515,1,1,1998,0,0,0,0,0,0,0,0,0,0
130515,2,1,1998,0,0,0,0,0,0,0,0,0,0
130516,1,1,1998,27,27,27,27,27,27,27,27,27,27
130517,1,1,1998,0,0,0,0,0,0,0,0,0,0
130517,2,1,1998,12,12,12,12,12,12,12,12,12,12
130518,0,1,1998,0,0,4,0,14,0,0,0,0,12
130518,0,2,1998,18,0,9,13,9,0,0,18,0,17
130518,1,1,1998,28,16,0,0,0,0,0,11,0,12
130519,1,1,1998,3,9,0,0,0,19,16,10,0,0
130519,2,1,1998,0,0,0,0,0,0,0,0,0,0
130520,1,1,1998,0,0,0,0,0,0,0,0,0,0
130520,2,1,1998,0,0,0,0,0,0,0,0,0,0
130521,1,1,1998,0,0,0,0,0,0,0,0,0,0
130521,2,1,1998,0,0,0,0,0,0,0,0,0,0
130522,1,1,1998,0,0,0,0,0,0,0,0,0,0
130523,1,1,1998,0,0,0,0,0,0,0,0,0,0
130524,1,1,1998,0,0,0,0,0,0,0,0,0,0
130525,1,1,1998,18,18,18,18,18,18,18,18,18,18
130525,2,1,1998,0,0,0,0,0,0,0,0,0,0
130526,1,1,1998,0,0,0,0,0,0,0,0,0,0
130526,2,1,1998,0,0,0,0,0,0,0,0,0,0
130527,0,1,1998,0,0,0,0,0,0,0,0,0,0
130527,1,1,1998,0,0,0,0,0,0,0,0,0,0
130528,1,1,1998,0,0,0,0,0,0,0,0,0,0
130528,2,1,1998,0,0,0,0,0,8,0,0,0,0
130529,1,1,1998,0,0,0,0,0,0,0,0,0,0
130529,2,1,1998,0,0,0,0,0,0,0,0,0,0
130530,1,1,1998,0,0,0,0,0,0,0,0,0,0
130530,2,1,1998,0,0,0,0,0,0,0,0,0,0
130530,3,1,1998,0,0,0,0,0,0,0,0,0,0
130531,1,1,1998,46,46,46,46,46,46,46,46,46,46
130531,2,1,1998,0,0,0,0,0,0,0,0,0,0
130532,1,1,1998,0,0,0,0,0,0,0,0,13,0
130532,2,1,1998,0,0,0,0,0,0,0,0,0,0
130533,1,1,1998,0,0,0,0,0,0,0,0,0,0
130533,2,1,1998,0,0,5,0,0,0,0,0,0,0
130533,3,1,1998,0,0,0,0,0,0,0,0,0,0
130534,1,1,1998,0,0,0,0,0,0,0,0,0,0
130534,2,1,1998,0,0,0,0,0,0,0,0,0,0
130535,1,1,1998,0,0,0,0,0,0,0,0,0,0
130535,2,1,1998,0,0,0,0,0,0,0,0,0,0
130536,1,1,1998,0,0,10,0,23,0,0,0,0,0
130536,2,1,1998,0,0,0,0,0,0,0,0,0,0
130537,0,1,1998,0,0,0,0,0,0,0,0,0,0
130537,1,1,1998,20,20,20,20,20,20,20,20,20,20
130538,1,1,1998,0,0,0,0,0,0,0,0,0,0
130539,1,1,1998,0,0,0,0,0,0,0,0,0,0
130539,2,1,1998,0,0,0,0,0,0,0,0,0,0
130539,3,1,1998,0,0,0,0,0,0,0,0,0,0
130540,1,1,1998,0,0,0,0,12,0,0,17,12,0
130540,2,1,1998,0,0,0,0,0,0,0,0,0,0
130541,1,1,1998,0,0,0,0,0,0,0,0,0,0
130542,1,1,1998,21,21,21,21,21,21,21,21,21,21
130543,0,1,1998,0,0,0,0,0,26,0,0,0,15
130543,1,1,1998,0,0,0,0,0,0,0,0,0,0
130544,1,1,1998,0,0,0,0,0,0,0,0,0,0
130544,2,1,1998,0,0,0,0,0,0,0,0,0,0
130545,1,1,1998,0,0,0,0,0,0,0,0,0,0
130545,2,1,1998,0,0,19,0,0,0,4,0,0,0
130545,3,1,1998,0,0,0,0,0,0,0,0,0,0
130546,1,1,1998,0,0,0,0,0,0,0,0,0,0
130546,2,1,1998,0,0,0,0,0,0,0,0,0,0
130547,1,1,1998,0,5,0,0,0,0,0,0,11,0
130548,0,1,1998,0,0,0,11,2,0,0,0,0,0
130548,0,2,1998,0,0,0,0,0,0,0,0,0,0
130548,1,1,1998,0,0,0,0,0,0,0,0,0,0
130549,1,1,1998,4,4,4,4,4,4,4,4,4,4
130550,1,1,1998,0,0,0,0,0,0,0,0,0,0
130550,2,1,1998,3,3,3,3,3,3,3,3,3,3
130551,0,1,1998,16,16,16,16,16,16,16,16,16,16
130551,1,1,1998,12,12,12,12,12,12,12,12,12,12
130552,0,1,1998,0,0,0,0,0,0,0,0,0,0
130552,1,1,1998,0,0,0,0,0,0,0,0,0,0
130553,1,1,1998,0,0,0,0,0,0,0,0,0,0
130554,1,1,1998,0,0,0,0,0,0,0,0,0,0
130554,2,1,1998,0,0,0,0,0,0,0,0,0,0
130555,1,1,1998,17,17,17,17,17,17,17,17,17,17
130556,0,1,1998,0,0,0,0,0,0,0,0,0,0
130556,1,1,1998,0,0,22,0,0,20,0,11,0,0
130557,1,1,1998,3,3,3,3,3,3,3,3,3,3
130558,0,1,1998,18,18,18,18,18,18,18,18,18,18
130558,1,1,1998,0,0,0,0,0,0,0,0,0,0
130558,2,1,1998,0,0,0,0,0,0,0,0,0,0
130559,1,1,1998,9,9,9,9,9,9,9,9,9,9
130560,0,1,1998,29,29,29,29,29,29,29,29,29,29
130560,1,1,1998,0,0,0,0,0,0,0,0,0,0
130561,1,1,1998,10,10,10,10,10,10,10,10,10,10
130562,1,1,1998,0,0,0,0,0,0,0,0,0,0
130563,1,1,1998,0,0,0,0,0,0,0,0,0,0
130564,1,1,1998,0,0,0,0,0,0,0,0,0,0
130564,2,1,1998,0,0,0,0,0,0,0,0,0,0
130565,1,2,1998,0,0,0,0,9,5,14,21,15,0
130566,1,1,1998,12,12,12,12,12,12,12,12,12,12
130567,1,1,1998,0,0,0,0,0,0,0,0,0,0
130567,2,1,1998,0,0,0,0,0,0,0,0,0,0
130568,1,1,1998,25,25,25,25,25,25,25,25,25,25
130569,0,1,1998,6,6,6,6,6,6,6,6,6,6
130569,1,1,1998,0,0,0,0,0,0,0,0,0,0
130570,1,1,1998,0,0,0,0,0,0,0,0,0,0
130571,1,1,1998,0,0,0,0,0,0,0,0,0,0
130571,2,1,1998,0,10,0,0,0,0,0,0,0,0
130572,1,1,1998,0,0,0,0,0,0,0,0,0,0
130573,1,1,1998,8,0,0,12,0,0,0,20,6,0
130574,1,1,1998,0,0,0,0,0,0,0,0,0,0
130574,2,1,1998,0,0,0,0,0,0,0,0,0,0
130575,1,1,1998,0,0,0,0,0,0,0,0,0,0
130575,2,1,1998,0,0,0,0,0,0,0,0,0,0
130576,1,1,1998,5,5,5,5,5,5,5,5,5,5
130576,2,1,1998,0,0,0,0,0,0,0,0,0,0
130577,1,1,1998,0,0,0,0,0,0,0,0,0,0
130577,2,1,1998,0,0,0,0,6,0,0,0,0,0
130578,1,1,1998,25,25,25,25,25,25,25,25,25,25
130579,1,1,1998,0,0,0,0,0,0,0,0,0,0
130579,2,1,1998,0,0,0,0,0,0,0,0,0,0
130580,1,1,1998,0,0,0,0,0,0,0,0,0,0
130581,1,1,1998,3,3,3,3,3,3,3,3,3,3
130581,2,1,1998,0,0,0,0,0,0,0,0,0,0
130581,3,1,1998,0,0,0,0,0,0,0,0,0,0
130581,4,1,1998,0,0,0,0,0,0,0,0,0,0
130581,5,1,1998,0,0,0,0,0,0,0,0,0,0
130582,1,1,1998,0,0,0,0,0,0,0,0,0,0
130583,1,1,1998,0,0,16,0,0,0,0,0,0,16
130584,1,1,1998,19,0,0,21,5,0,0,0,0,0
130585,0,1,1998,0,0,0,0,0,0,0,0,0,0
130585,1,1,1998,0,0,0,0,0,0,0,0,0,0
130586,1,1,1998,9,9,9,9,9,9,9,9,9,9
130586,2,1,1998,0,0,0,0,0,0,0,0,0,0
130587,1,1,1998,16,16,16,16,16,16,16,16,16,16
130587,2,1,1998,0,0,0,0,0,0,0,0,0,0
130588,1,1,1998,16,16,16,16,16,16,16,16,16,16
130589,0,1,1998,0,0,0,0,0,0,0,0,0,0
130589,1,1,1998,0,0,0,4,0,0,0,0,0,0
130590,0,1,1998,21,21,21,21,21,21,21,21,21,21
130590,1,1,1998,0,16,0,15,0,0,0,0,0,29
130591,1,1,1998,0,0,15,22,0,18,0,0,30,0
130592,1,1,1998,7,7,7,7,7,7,7,7,7,7
130593,1,1,1998,0,0,0,0,0,0,0,0,0,0
130594,1,1,1998,19,19,19,19,19,19,19,19,19,19
130595,1,1,1998,0,0,0,0,0,0,0,0,0,0
130595,2,1,1998,0,0,0,0,0,0,0,0,0,0
130596,1,1,1998,6,6,6,6,6,6,6,6,6,6
130597,1,1,1998,0,0,0,0,0,0,34,27,2,11
130598,1,1,1998,0,0,0,0,0,0,0,0,0,0
130599,1,1,1998,0,0,0,0,0,0,0,0,0,0
130600,1,1,1998,0,0,0,0,0,0,0,0,0,0
130600,2,1,1998,0,0,0,0,0,0,0,0,0,0
130601,1,1,1998,0,0,0,0,0,0,0,0,0,0
130601,2,1,1998,0,0,0,0,0,0,0,0,0,0
130602,1,1,1998,0,0,0,0,0,0,0,0,0,0
130602,2,1,1998,0,0,0,0,0,0,0,0,0,0
130603,1,1,1998,0,0,0,0,0,0,0,0,0,0
130603,2,1,1998,0,0,0,0,0,0,0,0,0,0
130604,1,1,1998,0,0,0,0,0,0,0,0,0,0
130604,2,1,1998,0,0,0,0,0,0,0,0,0,0
130605,1,1,1998,0,0,0,0,0,0,0,0,0,0
130605,2,1,1998,0,0,0,0,0,0,0,0,0,0
130606,0,1,1998,16,16,16,16,16,16,16,16,16,16
130606,1,1,1998,0,0,0,0,0,0,0,0,0,0
130607,1,1,1998,0,0,0,0,0,0,0,0,0,0
130607,2,1,1998,0,0,0,0,0,0,0,0,0,0
130608,0,1,1998,36,36,36,36,36,36,36,36,36,36
130608,1,1,1998,0,0,0,0,0,0,0,0,0,0
130609,1,1,1998,0,0,0,0,0,0,0,0,0,0
130610,1,1,1998,0,0,0,0,0,0,0,0,0,0
130610,2,1,1998,0,0,0,0,0,0,0,0,0,0
130611,1,1,1998,0,0,0,0,0,0,0,0,0,0
130612,1,1,1998,0,0,0,0,0,0,0,0,0,0
130613,0,1,1998,0,0,0,0,0,0,0,0,0,0
130613,1,1,1998,0,0,0,0,0,0,0,0,0,0
130614,1,1,1998,0,0,0,0,0,0,0,0,0,0
130615,0,1,1998,0,0,0,0,0,0,0,0,0,0
130615,1,1,1998,0,0,0,0,0,0,0,0,0,0
130616,1,1,1998,18,18,18,18,18,18,18,18,18,18
130617,1,1,1998,4,4,4,4,4,4,4,4,4,4
130618,1,1,1998,32,32,32,32,32,32,32,32,32,32
130619,1,1,1998,18,18,18,18,18,18,18,18,18,18
130620,1,1,1998,0,0,0,0,0,0,0,0,0,0
130621,1,1,1998,7,7,7,7,7,7,7,7,7,7
130621,2,1,1998,0,0,5,0,21,0,23,0,18,0
130622,1,1,1998,24,24,24,24,24,24,24,24,24,24
130623,1,1,1998,14,14,14,14,14,14,14,14,14,14
130623,2,1,1998,0,0,0,0,0,0,0,0,0,0
130624,1,1,1998,0,0,0,0,0,0,0,0,0,0
130624,2,1,1998,0,0,0,0,0,0,0,0,0,0
130625,0,1,1998,0,0,0,0,0,0,0,0,0,0
130625,1,1,1998,0,0,0,0,0,0,0,0,0,0
130626,1,1,1998,0,0,0,0,0,0,0,0,0,0
130626,2,1,1998,0,0,0,0,0,0,0,0,0,0
130627,1,1,1998,0,0,0,0,0,0,0,0,0,0
130628,1,1,1998,0,0,0,0,0,0,0,0,0,0
130628,2,1,1998,0,0,0,0,0,0,0,0,0,0
130629,1,1,1998,0,0,0,0,0,0,0,0,0,0
130629,2,1,1998,0,0,0,0,0,0,0,0,0,0
130630,1,1,1998,0,0,0,0,0,0,0,0,0,0
130631,1,1,1998,0,0,0,0,0,0,0,0,0,0
130631,2,1,1998,0,0,0,0,0,0,0,0,0,0
130632,1,1,1998,0,0,0,16,0,0,0,0,0,0
130632,2,1,1998,0,0,0,0,0,0,0,0,0,0
130633,1,1,1998,0,0,17,12,0,10,0,0,0,0
130633,2,1,1998,0,0,0,0,0,0,0,0,0,0
130634,1,1,1998,0,0,0,0,0,0,0,0,0,0
130634,2,1,1998,0,0,0,0,0,0,0,0,0,0
130635,1,1,1998,0,0,0,0,0,0,0,0,0,0
130635,2,1,1998,0,0,0,0,0,0,0,0,0,0
130635,3,1,1998,0,0,0,0,0,0,0,0,0,0
130636,1,1,1998,0,0,0,0,0,0,0,0,0,0
130636,2,1,1998,0,0,0,0,0,0,0,0,0,0
130636,3,1,1998,0,0,0,0,0,0,0,0,0,0
130637,1,1,1998,0,0,0,0,0,0,0,0,0,0
130637,2,1,1998,0,13,0,3,0,0,0,0,0,0
130637,3,1,1998,0,0,0,0,0,0,0,0,0,0
130637,4,1,1998,0,0,0,0,0,0,0,0,0,0
130638,0,1,1998,0,0,0,0,0,0,0,0,0,0
130638,1,1,1998,0,0,0,0,0,0,0,0,0,0
130639,0,1,1998,5,5,5,5,5,5,5,5,5,5
130639,1,1,1998,0,0,0,0,0,0,0,0,0,0
130640,1,1,1998,4,4,4,4,4,4,4,4,4,4
130641,1,1,1998,0,0,0,0,0,0,0,0,0,0
130641,2,1,1998,0,0,0,0,0,0,0,0,0,0
130641,3,1,1998,0,0,0,0,0,0,0,0,0,0
130642,1,1,1998,3,3,3,3,3,3,3,3,3,3
130643,1,1,1998,0,0,0,0,0,0,0,0,0,0
130644,1,1,1998,0,0,0,0,0,0,0,0,0,0
130644,2,1,1998,0,0,0,0,0,0,0,0,0,0
130645,1,1,1998,0,0,0,0,0,0,0,0,0,0
130646,1,1,1998,0,0,0,0,0,0,0,0,0,0
130646,2,1,1998,0,0,0,0,0,0,0,0,0,0
130647,1,1,1998,0,0,0,0,0,0,0,0,0,0
130647,2,1,1998,0,0,0,0,0,0,0,0,0,0
130648,1,1,1998,0,0,0,0,0,0,24,17,17,21
130649,1,1,1998,0,0,0,0,0,0,0,0,0,0
130650,1,1,1998,0,0,0,0,0,0,0,0,0,0
130650,2,1,1998,0,0,0,0,0,0,0,0,0,0
130651,1,1,1998,0,0,0,0,0,0,0,0,0,0
130651,2,1,1998,0,0,0,0,0,0,0,0,0,0
130652,1,1,1998,0,0,0,0,0,0,0,0,0,0
130652,2,1,1998,0,0,0,0,0,0,0,0,0,0
130653,0,1,1998,0,0,0,0,0,0,0,0,0,0
130653,1,1,1998,0,0,0,0,0,0,0,0,0,0
130654,1,1,1998,30,10,0,0,13,15,0,0,9,3
130654,2,1,1998,0,0,0,16,0,0,0,0,0,0
130655,1,1,1998,20,20,20,20,20,20,20,20,20,20
130655,2,1,1998,0,0,0,0,0,0,0,0,0,0
130656,1,1,1998,10,10,10,10,10,10,10,10,10,10
130656,2,1,1998,0,0,0,0,0,0,0,0,0,0
130657,1,1,1998,9,0,0,0,0,0,0,0,0,0
130658,1,1,1998,13,13,13,13,13,13,13,13,13,13
130659,1,1,1998,19,19,19,19,19,19,19,19,19,19
130659,2,1,1998,0,0,0,0,0,0,0,0,0,0
130660,1,1,1998,15,27,0,14,18,0,18,11,25,4
130661,1,1,1998,0,0,0,0,0,0,0,0,0,0
130662,1,1,1998,36,36,36,36,36,36,36,36,36,36
130663,1,1,1998,0,0,0,0,0,0,0,0,0,0
130663,2,1,1998,0,0,0,0,0,0,0,0,0,0
130664,1,1,1998,0,0,0,0,0,0,0,0,0,0
130665,1,1,1998,0,0,0,0,0,0,0,0,0,0
130666,1,1,1998,0,0,0,0,0,0,0,0,0,0
130667,1,1,1998,0,0,0,0,0,0,0,0,0,0
130667,2,1,1998,0,0,0,0,0,0,0,0,0,0
130668,1,1,1998,0,0,0,0,0,0,0,0,0,0
130669,1,1,1998,0,0,0,0,0,0,0,0,0,0
130669,2,1,1998,0,0,0,0,0,0,0,0,0,0
130669,3,1,1998,0,0,0,0,0,0,0,0,0,0
130670,1,1,1998,0,0,0,0,0,0,0,0,0,0
130671,1,1,1998,0,0,0,0,0,0,0,0,0,0
130672,1,1,1998,2,2,2,2,2,2,2,2,2,2
130673,1,1,1998,0,0,0,0,0,0,0,0,0,0
130673,2,1,1998,0,0,0,0,0,0,0,0,0,0
130674,0,1,1998,13,13,13,13,13,13,13,13,13,13
130674,1,1,1998,19,19,19,19,19,19,19,19,19,19
130675,1,1,1998,0,0,0,0,0,0,0,0,0,0
130675,2,1,1998,0,0,0,0,0,0,0,0,0,0
130676,1,1,1998,0,0,0,0,0,0,0,0,0,0
130676,2,1,1998,0,15,0,0,0,5,0,0,0,0
130676,3,1,1998,0,0,0,0,0,0,0,0,0,0
130677,1,1,1998,0,0,0,0,0,0,0,0,0,0
130677,2,1,1998,0,0,0,0,0,0,0,0,0,0
130678,1,1,1998,0,0,0,0,0,0,0,0,0,0
130679,1,1,1998,0,0,0,0,0,0,0,0,0,0
130679,2,1,1998,0,0,0,0,0,0,0,0,0,0
130679,3,1,1998,0,0,0,0,0,0,0,0,0,0
130679,4,1,1998,0,0,0,0,0,0,0,0,0,0
130680,1,1,1998,21,21,21,21,21,21,21,21,21,21
130681,1,1,1998,0,0,0,0,0,0,0,0,0,0
130682,1,1,1998,28,28,28,28,28,28,28,28,28,28
130683,1,1,1998,20,20,20,20,20,20,20,20,20,20
130684,0,1,1998,32,32,32,32,32,32,32,32,32,32
130684,1,1,1998,0,0,0,0,0,0,0,0,0,0
130685,1,1,1998,0,0,0,0,0,0,0,0,0,0
130685,2,1,1998,0,0,0,0,0,0,0,0,0,0
130686,1,1,1998,0,0,0,0,0,0,0,0,0,0
130686,2,1,1998,0,0,0,0,0,0,0,0,0,0
130687,1,1,1998,0,0,0,0,0,0,0,0,0,0
130688,1,1,1998,0,0,0,0,0,0,0,0,0,0
130688,2,1,1998,0,0,0,0,0,0,0,0,0,0
130689,1,1,1998,0,0,0,0,0,0,0,0,0,0
130690,1,1,1998,0,0,0,0,0,0,0,0,0,0
130691,1,1,1998,0,15,0,0,0,0,0,0,0,0
130691,2,1,1998,0,0,0,0,0,0,0,0,0,0
130692,1,1,1998,0,0,0,0,0,0,0,0,0,0
130693,1,1,1998,0,0,0,0,0,0,0,0,0,0
130693,2,1,1998,0,0,0,0,0,0,0,0,0,0
130693,3,1,1998,0,0,0,0,0,0,0,0,0,0
130693,4,1,1998,0,0,0,0,0,0,0,0,0,0
130694,1,1,1998,0,0,0,0,0,7,0,0,0,0
130694,2,1,1998,0,0,0,0,0,0,0,0,0,0
130694,3,1,1998,0,0,0,0,0,0,0,0,0,0
130695,0,1,1998,1,1,1,1,1,1,1,1,1,1
130695,1,1,1998,0,0,0,0,0,0,0,0,0,0
130696,1,1,1998,0,0,0,0,0,0,0,0,0,0
130696,2,1,1998,0,0,0,0,0,0,0,0,0,0
130697,1,1,1998,0,0,0,0,0,0,0,0,0,0
130697,2,1,1998,0,0,0,0,0,0,0,0,0,0
130697,3,1,1998,0,0,0,0,0,0,0,0,0,0
130698,1,1,1998,0,0,0,0,0,0,0,0,0,0
130698,2,1,1998,0,0,0,0,0,0,0,0,0,0
130699,1,1,1998,16,14,11,26,12,5,14,15,14,14
130699,2,1,1998,2,2,2,2,2,2,2,2,2,2
130700,1,1,1998,0,0,0,0,0,0,0,0,0,0
130700,2,1,1998,0,0,0,0,0,0,0,0,0,0
130700,3,1,1998,0,0,0,0,0,0,0,0,0,0
130700,4,1,1998,0,0,0,0,0,0,0,0,0,0
130700,5,1,1998,0,0,0,0,0,0,0,0,0,0
130700,6,1,1998,0,0,0,0,0,0,0,0,0,0
130700,7,1,1998,0,0,0,0,0,0,0,0,0,0
130700,8,1,1998,0,0,0,0,0,0,0,0,0,0
130700,9,1,1998,0,0,0,0,0,0,0,0,0,0
130701,1,1,1998,0,0,0,0,0,0,0,0,0,0
130702,0,1,1998,27,40,24,20,17,0,15,8,17,19
130702,1,1,1998,0,0,0,0,0,0,0,0,0,0
130703,1,1,1998,0,0,0,0,0,8,0,0,0,0
130703,2,1,1998,0,0,0,0,0,0,0,0,0,0
130704,0,1,1998,9,9,9,9,9,9,9,9,9,9
130704,1,1,1998,0,0,0,0,23,0,0,7,16,10
130705,1,1,1998,0,0,0,0,0,0,0,0,0,0
130706,1,1,1998,0,0,0,0,0,0,0,0,0,0
130707,1,1,1998,0,0,0,0,0,0,0,0,0,0
130707,2,1,1998,0,0,0,0,0,0,0,0,0,0
130708,1,1,1998,0,0,0,0,0,0,0,0,0,0
130708,2,1,1998,0,0,0,0,0,0,0,0,0,0
130709,1,1,1998,17,17,17,17,17,17,17,17,17,17
130710,0,1,1998,0,0,0,0,0,0,0,0,0,0
130710,1,1,1998,0,0,0,0,0,0,0,0,0,0
130711,1,1,1998,0,0,0,0,0,0,0,0,0,0
130711,2,1,1998,0,0,0,0,0,0,0,0,0,0
130712,1,1,1998,0,0,0,0,0,0,0,0,0,7
130712,2,1,1998,0,0,0,0,0,0,0,0,0,0
130713,1,1,1998,0,0,0,0,0,0,0,0,0,0
130713,2,1,1998,0,0,0,0,0,0,0,0,0,0
130714,1,1,1998,0,0,0,0,0,0,0,0,9,0
130715,1,1,1998,0,0,0,0,0,0,0,0,0,0
130716,1,1,1998,0,0,0,0,0,0,0,0,0,0
130716,2,1,1998,0,0,0,0,0,0,0,0,0,0
130717,1,1,1998,0,0,0,0,0,0,0,0,0,0
130717,2,1,1998,0,0,0,0,0,0,0,0,0,0
130718,1,1,1998,0,0,0,0,0,0,0,0,0,0
130719,1,1,1998,0,0,0,0,0,0,0,0,0,0
130720,1,1,1998,18,18,18,18,18,18,18,18,18,18
130720,2,1,1998,0,0,0,0,0,0,0,0,0,0
130721,1,1,1998,0,0,0,0,0,0,0,0,0,0
130722,1,1,1998,0,0,0,0,0,0,0,0,0,0
130722,2,1,1998,0,0,0,0,0,0,0,0,0,0
130722,3,1,1998,0,0,0,0,0,0,0,0,0,0
130723,1,1,1998,0,0,0,0,0,0,0,0,0,0
130723,2,1,1998,0,0,0,0,0,0,0,0,0,0
130724,1,1,1998,0,0,0,0,0,0,0,0,0,0
130725,1,1,1998,0,0,0,0,0,0,0,0,0,0
130726,0,1,1998,4,4,4,4,4,4,4,4,4,4
130726,1,1,1998,0,0,0,0,0,0,0,0,0,0
130727,1,1,1998,5,5,5,5,5,5,5,5,5,5
130728,1,1,1998,0,0,0,0,0,0,0,0,0,0
130728,2,1,1998,0,0,0,0,0,0,0,0,0,0
130729,1,1,1998,0,9,0,0,0,0,0,0,0,0
130729,2,1,1998,5,5,5,5,5,5,5,5,5,5
130730,1,1,1998,0,0,0,0,0,0,0,0,0,0
130730,2,1,1998,0,0,0,0,0,0,0,0,0,0
130731,1,1,1998,0,0,0,0,0,0,0,0,0,0
130731,2,1,1998,0,0,0,0,0,0,0,0,0,0
130732,1,1,1998,0,0,0,0,0,0,0,0,0,0
130732,2,1,1998,0,0,0,0,0,0,0,0,0,0
130733,1,1,1998,0,0,0,0,0,0,0,0,0,0
130733,2,1,1998,0,0,0,8,18,0,0,0,0,0
130734,1,1,1998,0,0,0,0,0,0,0,0,0,0
130734,2,1,1998,0,0,0,0,0,0,0,0,0,0
130735,1,1,1998,0,0,0,0,0,0,0,0,0,0
130736,1,1,1998,0,0,0,0,0,0,0,0,0,0
130736,2,1,1998,0,0,0,0,0,0,0,0,0,0
130737,0,1,1998,25,25,25,25,25,25,25,25,25,25
130737,1,1,1998,5,5,5,5,5,5,5,5,5,5
130738,1,1,1998,5,0,11,0,0,17,20,12,36,9
130738,2,1,1998,0,0,9,0,12,0,0,0,0,0
130739,1,1,1998,0,0,0,0,0,0,0,0,0,0
130740,1,1,1998,0,0,0,0,0,0,0,0,0,0
130741,1,1,1998,5,5,5,5,5,5,5,5,5,5
130742,1,1,1998,0,0,0,0,0,0,0,0,0,0
130742,2,1,1998,7,0,0,22,0,0,0,0,0,0
130743,1,1,1998,0,0,0,0,0,0,0,0,0,0
130743,2,1,1998,0,0,0,0,0,0,0,0,0,0
130744,0,1,1998,3,3,3,3,3,3,3,3,3,3
130744,1,1,1998,0,0,0,0,0,0,0,0,0,0
130745,1,1,1998,0,14,0,20,0,0,0,12,0,27
130746,1,1,1998,0,0,0,0,0,0,0,0,0,0
130746,2,1,1998,0,0,0,0,0,0,0,0,0,0
130747,1,1,1998,0,0,0,0,0,0,0,0,0,0
130747,2,1,1998,0,0,0,0,0,0,0,0,0,0