ST_CASE,VEH_NO,PER_NO,YEAR,P1,P2,P3,P4,P5,P6,P7,P8,P9,P10
131030,0,1,1998,0,0,0,0,0,0,0,0,0,0
131030,1,1,1998,0,0,0,0,0,0,0,0,0,0
131031,0,1,1998,0,0,0,0,0,0,0,0,0,0
131031,1,1,1998,0,0,0,0,0,0,0,0,0,0
131032,1,1,1998,0,0,0,0,0,0,0,0,0,0
131032,2,1,1998,0,0,0,0,0,0,0,0,0,0
131033,1,1,1998,0,0,0,0,0,0,0,0,0,0
131033,2,1,1998,0,0,0,0,0,0,0,0,0,0
131034,1,1,1998,23,23,23,23,23,23,23,23,23,23
131035,1,1,1998,0,0,0,0,0,0,0,0,0,0
131036,1,1,1998,20,20,20,20,20,20,20,20,20,20
131037,1,1,1998,0,0,0,0,0,0,0,0,0,0
131038,0,1,1998,0,0,0,0,0,0,0,0,0,0
131038,1,1,1998,0,0,0,0,0,0,0,0,0,0
131039,1,1,1998,0,0,0,0,0,0,0,0,0,0
131040,1,1,1998,0,0,0,0,0,0,0,0,0,0
131041,1,1,1998,0,0,0,0,0,0,0,0,0,0
131041,2,1,1998,0,0,0,0,0,0,0,0,0,0
131042,1,1,1998,0,0,0,0,0,0,0,0,0,0
131042,2,1,1998,0,0,0,0,0,0,0,0,0,0
131043,1,1,1998,0,0,0,0,0,0,0,0,0,0
131044,1,1,1998,0,0,0,0,0,0,0,0,0,0
131045,1,1,1998,15,9,16,13,7,9,11,7,10,11
131045,2,1,1998,0,0,0,0,0,0,0,0,0,0
131046,1,1,1998,18,18,18,18,18,18,18,18,18,18
131047,1,1,1998,11,11,11,11,11,11,11,11,11,11
131047,2,1,1998,0,0,0,0,0,0,0,0,0,0
131048,1,1,1998,20,20,20,20,20,20,20,20,20,20
131049,1,1,1998,0,0,0,0,0,0,0,0,0,0
131050,1,1,1998,0,0,0,0,0,0,0,0,0,0
131050,2,1,1998,0,0,0,0,0,0,0,0,0,0
131051,1,1,1998,31,31,31,31,31,31,31,31,31,31
131052,1,1,1998,0,0,0,0,0,0,0,0,0,0
131052,2,1,1998,0,0,0,0,0,0,0,0,0,0
131053,1,1,1998,0,19,0,0,0,15,0,0,0,4
131053,2,1,1998,0,0,0,3,0,0,0,17,0,0
131054,1,1,1998,0,0,0,0,0,0,0,0,0,0
131054,2,1,1998,0,0,0,0,0,0,0,0,0,0
131055,0,1,1998,0,0,0,0,0,0,0,0,0,0
131055,1,1,1998,0,0,0,0,0,0,0,0,0,0
131056,1,1,1998,0,0,0,0,0,0,0,0,0,0
131057,0,1,1998,0,0,0,0,0,0,0,0,0,0
131057,1,1,1998,31,21,16,21,16,0,30,0,0,11
131058,1,1,1998,0,0,0,0,0,0,0,0,0,0
131059,1,1,1998,0,0,0,0,0,0,0,0,0,0
131059,2,1,1998,0,0,0,0,0,0,0,0,0,0
131060,1,1,1998,28,28,28,28,28,28,28,28,28,28
131061,1,1,1998,11,11,11,11,11,11,11,11,11,11
131062,1,1,1998,0,0,0,0,0,0,0,0,0,0
131062,2,1,1998,0,0,0,0,0,0,0,0,0,0
131063,1,1,1998,14,14,14,14,14,14,14,14,14,14
131064,1,1,1998,0,0,0,0,0,0,0,0,0,0
131065,1,1,1998,0,0,0,0,0,0,0,0,0,0
131066,1,1,1998,11,11,11,11,11,11,11,11,11,11
131067,1,1,1998,0,0,0,0,0,0,0,0,0,0
131067,2,1,1998,0,0,0,0,0,0,0,0,0,0
131068,1,1,1998,0,0,0,0,0,0,0,0,0,0
131068,2,1,1998,0,0,0,0,0,0,0,0,0,0
131069,1,1,1998,0,0,0,0,0,0,0,0,0,0
131069,2,1,1998,0,0,0,0,0,0,0,0,0,0
131069,3,1,1998,0,0,0,0,0,0,0,0,0,0
131070,0,1,1998,0,0,0,0,0,0,0,0,0,0
131070,1,1,1998,2,2,2,2,2,2,2,2,2,2
131071,1,1,1998,19,19,19,19,19,19,19,19,19,19
131072,1,1,1998,0,0,0,0,0,0,20,0,0,0
131072,2,1,1998,0,0,0,0,0,16,0,0,8,0
131073,1,1,1998,0,0,0,0,0,0,0,0,0,0
131073,2,1,1998,0,0,0,0,0,0,0,0,0,0
131074,1,1,1998,23,23,23,23,23,23,23,23,23,23
131075,1,1,1998,0,0,0,0,0,0,0,0,0,0
131075,2,1,1998,0,0,0,0,0,0,0,0,0,0
131076,1,1,1998,0,0,0,0,0,0,0,0,0,0
131076,2,1,1998,0,0,0,0,0,0,0,0,0,0
131077,1,1,1998,0,0,0,0,0,0,0,0,0,0
131077,2,1,1998,0,0,0,0,0,0,0,0,0,0
131078,1,1,1998,0,0,0,0,0,0,0,0,0,0
131079,0,1,1998,22,22,22,22,22,22,22,22,22,22
131079,1,1,1998,0,0,0,0,0,0,0,0,0,0
131080,1,1,1998,0,0,0,0,0,0,0,0,0,0
131080,2,1,1998,0,0,0,0,0,0,21,0,0,0
131081,1,1,1998,0,0,0,0,0,0,0,0,0,0
131081,2,1,1998,0,0,0,0,0,0,0,0,0,0
131082,0,1,1998,13,13,13,13,13,13,13,13,13,13
131082,1,1,1998,15,32,0,18,13,20,6,23,3,14
131083,1,1,1998,13,0,8,0,12,0,0,16,0,0
131084,1,1,1998,0,0,0,0,0,0,0,0,0,0
131084,2,1,1998,0,0,0,0,0,0,0,0,0,0
131085,1,1,1998,0,0,0,0,0,0,0,0,0,0
131086,1,1,1998,0,0,0,0,0,0,0,0,0,0
131087,1,1,1998,15,15,15,15,15,15,15,15,15,15
131087,2,1,1998,0,0,0,0,0,0,0,0,0,0
131088,1,1,1998,0,0,0,0,0,0,0,0,0,0
131088,2,1,1998,0,0,0,0,0,0,0,0,0,0
131089,1,1,1998,28,28,28,28,28,28,28,28,28,28
131089,2,1,1998,0,0,0,0,0,0,0,0,0,0
131090,0,1,1998,0,0,0,0,0,0,0,0,0,0
131090,1,1,1998,0,0,0,0,0,0,0,0,0,0
131090,2,1,1998,0,0,0,0,0,0,0,5,0,17
131091,1,1,1998,0,0,0,0,0,0,0,0,0,0
131091,2,1,1998,0,0,0,0,0,0,0,0,0,0
131092,1,1,1998,0,0,0,0,0,0,0,0,0,0
131093,1,1,1998,0,0,0,0,13,12,0,0,0,0
131094,1,1,1998,0,0,0,0,0,0,0,0,0,0
131094,2,1,1998,0,0,0,0,0,0,0,0,0,0
131094,3,1,1998,0,0,0,0,0,0,0,0,0,0
131095,1,1,1998,0,0,0,0,0,0,0,0,0,0
131096,1,1,1998,0,0,0,0,0,0,0,0,0,0
131096,2,1,1998,0,0,0,0,0,0,0,0,0,0
131097,1,1,1998,0,0,0,0,0,0,0,0,0,0
131098,1,1,1998,6,6,6,6,6,6,6,6,6,6
131099,1,1,1998,0,0,0,0,0,0,0,0,0,0
131099,2,1,1998,0,0,0,0,0,0,0,0,0,0
131100,0,1,1998,24,24,24,24,24,24,24,24,24,24
131100,1,1,1998,0,0,0,0,0,0,0,0,0,0
131101,1,1,1998,0,31,0,0,0,0,0,40,12,21
131102,1,1,1998,0,0,0,0,0,0,0,0,0,0
131102,2,1,1998,0,0,0,0,0,0,0,0,0,0
131103,1,1,1998,0,0,0,0,0,0,0,0,0,0
131103,2,1,1998,0,0,0,0,0,0,0,0,0,0
131104,1,1,1998,18,18,18,18,18,18,18,18,18,18
131105,1,1,1998,0,0,0,0,0,0,0,0,0,0
131106,1,1,1998,0,0,0,0,0,0,0,0,0,0
131106,2,1,1998,0,0,0,0,0,0,0,0,0,0
131107,1,1,1998,15,15,15,15,15,15,15,15,15,15
131108,1,1,1998,13,13,13,13,13,13,13,13,13,13
131109,1,1,1998,0,0,0,0,0,0,0,0,0,0
131109,2,1,1998,0,0,0,0,0,0,0,0,0,0
131110,1,1,1998,0,0,0,0,0,0,0,0,0,0
131110,2,1,1998,0,0,0,0,0,0,0,0,0,0
131111,1,1,1998,17,27,15,11,0,12,0,30,7,26
131111,2,1,1998,0,0,0,0,0,0,0,0,0,0
131112,1,1,1998,0,0,0,0,0,0,0,0,0,0
131112,2,1,1998,0,0,0,0,0,0,0,0,0,0
131113,1,1,1998,0,0,0,0,0,0,0,0,0,0
131113,2,1,1998,0,0,0,0,0,0,0,0,0,0
131113,3,1,1998,0,0,0,0,0,0,0,0,0,0
131114,0,1,1998,0,0,0,0,0,0,0,0,0,0
131114,1,1,1998,0,0,0,0,0,0,0,0,0,0
131115,1,1,1998,10,10,10,10,10,10,10,10,10,10
131116,1,1,1998,0,0,0,0,0,0,0,0,0,0
131116,2,1,1998,0,0,0,0,0,0,0,0,0,0
131117,0,1,1998,20,20,20,20,20,20,20,20,20,20
131117,0,2,1998,0,0,0,0,0,0,0,0,0,0
131117,1,1,1998,0,0,0,0,0,0,0,0,0,0
131118,0,1,1998,0,0,0,0,0,0,0,0,0,0
131118,1,1,1998,0,0,0,0,0,0,0,0,0,0
131119,1,1,1998,24,24,24,24,24,24,24,24,24,24
131120,1,1,1998,28,14,19,0,12,17,7,10,0,0
131121,1,1,1998,0,0,0,0,0,0,0,0,0,0
131121,2,1,1998,0,0,0,0,0,0,0,0,0,0
131122,1,1,1998,0,0,0,0,0,0,0,0,0,0
131122,2,1,1998,0,5,0,0,0,0,0,0,15,0
131123,1,1,1998,0,0,0,0,0,0,0,0,0,0
131123,2,1,1998,0,0,0,0,0,0,0,0,0,0
131124,1,1,1998,0,0,0,0,0,0,0,0,0,0
131125,1,1,1998,33,33,33,33,33,33,33,33,33,33
131126,1,1,1998,36,36,36,36,36,36,36,36,36,36
131127,1,1,1998,17,17,17,17,17,17,17,17,17,17
131127,2,1,1998,8,8,8,8,8,8,8,8,8,8
131128,1,1,1998,17,17,17,17,17,17,17,17,17,17
131129,1,1,1998,0,0,0,0,0,0,0,0,0,0
131130,1,1,1998,10,10,10,10,10,10,10,10,10,10
131130,2,1,1998,0,0,0,0,0,0,0,8,0,9
131131,1,1,1998,0,0,0,0,0,0,0,0,0,0
131132,1,1,1998,0,0,0,0,0,0,0,0,0,0
131133,1,1,1998,5,5,5,5,5,5,5,5,5,5
131134,1,1,1998,0,0,0,0,0,0,0,0,0,0
131134,2,1,1998,0,0,0,0,0,0,0,0,0,0
131135,1,1,1998,0,0,0,0,0,0,0,0,0,0
131135,2,1,1998,0,0,0,0,0,0,0,0,0,0
131136,1,1,1998,0,0,0,0,0,0,0,0,0,0
131136,2,1,1998,0,0,0,0,0,0,0,0,0,0
131137,1,1,1998,0,0,0,0,0,0,0,0,0,0
131138,1,1,1998,0,0,0,0,0,0,0,0,0,0
131138,2,1,1998,0,0,0,0,0,0,0,0,0,0
131138,3,1,1998,0,0,0,0,0,0,0,0,0,0
131139,1,1,1998,18,18,18,18,18,18,18,18,18,18
131140,1,1,1998,25,31,28,0,15,9,28,5,12,22
131140,2,1,1998,0,0,0,0,0,0,0,0,0,0
131141,0,1,1998,0,0,0,0,0,0,0,0,0,0
131141,1,1,1998,0,0,0,0,8,0,0,0,0,0
131142,1,1,1998,0,0,0,0,0,0,0,0,0,0
131143,1,1,1998,0,0,0,0,0,0,0,0,0,0
131143,2,1,1998,0,0,0,0,0,0,0,0,0,0
131144,0,1,1998,0,0,0,0,0,0,0,0,0,0
131144,1,1,1998,0,0,0,0,0,0,0,0,0,0
131145,1,1,1998,0,0,0,0,0,0,0,0,0,0
131145,2,1,1998,0,0,0,0,0,0,0,0,0,0
131146,1,1,1998,0,0,0,0,0,0,0,0,0,0
131146,2,1,1998,0,0,0,0,0,0,0,0,0,0
131146,3,1,1998,0,0,0,0,0,0,0,0,0,0
131147,1,1,1998,0,0,0,0,0,0,0,0,0,0
131147,2,1,1998,0,0,0,0,0,0,0,0,0,0
131148,1,1,1998,18,18,18,18,18,18,18,18,18,18
131149,0,1,1998,0,0,0,0,0,0,0,0,0,0
131149,1,1,1998,0,0,0,0,0,0,0,0,0,0
131150,1,1,1998,0,0,0,0,0,0,0,0,0,0
131150,2,1,1998,0,0,0,0,0,0,0,0,0,0
131151,1,1,1998,25,25,25,25,25,25,25,25,25,25
131152,0,1,1998,19,19,19,19,19,19,19,19,19,19
131152,1,1,1998,0,0,0,0,0,0,0,0,0,10
131153,1,1,1998,0,0,0,0,0,0,0,0,0,22
131154,1,1,1998,21,21,21,21,21,21,21,21,21,21
131155,1,1,1998,25,25,25,25,25,25,25,25,25,25
131155,2,1,1998,0,0,0,0,0,0,0,0,0,0
131155,3,1,1998,0,0,0,0,0,0,0,0,0,0
131156,1,1,1998,0,0,0,0,0,0,0,0,0,0
131156,2,1,1998,0,0,0,0,0,0,0,0,0,0
131157,1,1,1998,0,0,0,0,0,0,0,0,0,10
131157,2,1,1998,0,0,0,0,0,0,0,0,0,0
131158,0,1,1998,0,0,0,0,0,0,0,0,0,0
131158,0,2,1998,0,0,0,0,0,0,0,0,0,0
131158,1,1,1998,0,0,0,0,0,0,0,0,0,0
131159,0,1,1998,0,0,0,0,0,0,0,0,0,0
131159,1,1,1998,0,0,0,0,0,0,0,0,0,0
131159,2,1,1998,0,0,0,0,0,0,0,0,0,0
131160,1,1,1998,8,30,19,12,20,14,28,0,15,8
131160,2,1,1998,0,0,0,0,0,0,0,0,0,0
131161,1,1,1998,0,0,0,0,0,0,0,0,0,0
131162,1,1,1998,22,22,22,22,22,22,22,22,22,22
131162,2,1,1998,0,0,0,0,0,0,0,0,0,0
131162,3,1,1998,0,0,0,0,0,0,0,0,0,0
131163,1,1,1998,10,10,10,10,10,10,10,10,10,10
131163,2,1,1998,0,0,0,0,0,0,0,0,0,0
131163,3,1,1998,0,0,0,0,0,0,0,0,0,0
131164,1,1,1998,4,0,0,0,0,0,0,0,0,0
131165,1,1,1998,0,0,0,0,0,13,0,0,0,0
131165,2,1,1998,0,0,0,0,0,0,0,0,0,0
131166,1,1,1998,0,0,0,0,0,0,0,0,0,0
131167,1,1,1998,0,0,0,0,0,0,0,0,0,0
131167,2,1,1998,0,0,0,0,0,0,0,0,0,0
131168,1,1,1998,0,0,0,0,0,0,0,0,0,0
131168,2,1,1998,0,0,0,0,0,0,0,0,0,0
131169,1,1,1998,0,0,0,0,0,0,0,0,0,0
131170,1,1,1998,0,0,0,0,0,0,0,0,0,0
131170,2,1,1998,0,0,0,0,0,0,0,0,0,0
131171,1,1,1998,0,0,0,0,0,0,0,0,0,0
131171,2,1,1998,0,0,0,0,0,0,0,0,0,0
131172,1,1,1998,20,20,20,20,20,20,20,20,20,20
131172,2,1,1998,0,0,0,0,0,0,0,0,0,0
131173,1,1,1998,0,0,0,0,0,0,0,0,0,0
131173,2,1,1998,0,0,0,0,0,0,0,0,0,0
131174,1,1,1998,0,0,0,0,0,0,0,0,0,0
131174,2,1,1998,5,18,16,22,14,0,8,0,13,10
131175,0,1,1998,0,0,0,0,0,0,0,0,0,0
131175,1,1,1998,0,0,0,0,0,0,0,0,0,0
131176,2,1,1998,0,0,0,0,0,0,0,0,0,0
131177,1,1,1998,0,0,0,0,0,0,0,0,0,0
131177,2,1,1998,0,0,0,0,0,0,0,0,0,0
131178,1,4,1998,20,18,16,9,12,4,31,0,14,4
131179,1,1,1998,21,21,21,21,21,21,21,21,21,21
131180,1,1,1998,15,15,15,15,15,15,15,15,15,15
131181,1,1,1998,8,8,8,8,8,8,8,8,8,8
131182,1,1,1998,0,0,0,0,0,0,0,0,0,0
131183,1,1,1998,20,6,15,19,13,8,16,21,29,0
131183,2,1,1998,7,7,7,7,7,7,7,7,7,7
131184,1,1,1998,10,10,10,10,10,10,10,10,10,10
131185,1,1,1998,9,9,9,9,9,9,9,9,9,9
131186,0,1,1998,0,0,0,0,0,0,0,0,0,0
131186,1,1,1998,0,0,0,0,0,0,0,0,0,0
131187,1,1,1998,0,0,0,0,0,0,0,0,0,0
131187,2,1,1998,0,0,0,0,0,0,0,0,0,0
131188,1,1,1998,0,0,0,0,0,0,0,0,0,0
131189,0,1,1998,0,0,0,0,0,0,0,0,0,0
131189,1,1,1998,0,0,0,0,0,0,0,0,0,0
131190,0,1,1998,0,0,0,0,0,0,0,0,0,0
131190,1,1,1998,0,0,0,0,0,0,0,0,0,0
131190,2,1,1998,0,0,19,0,0,0,0,0,0,0
131190,3,1,1998,0,0,0,0,0,0,0,0,0,0
131190,4,1,1998,0,0,0,0,0,0,0,0,0,0
131190,5,1,1998,0,0,0,0,0,0,0,0,0,0
131191,1,1,1998,0,0,0,0,0,0,0,0,0,0
131192,1,1,1998,0,0,0,0,0,0,0,0,0,0
131192,2,1,1998,0,0,0,0,0,0,0,0,0,0
131194,1,1,1998,0,0,0,0,0,0,0,0,0,0
131194,2,1,1998,0,0,0,0,0,0,0,0,0,0
131195,1,1,1998,24,24,24,24,24,24,24,24,24,24
131196,1,1,1998,0,0,0,0,0,0,0,0,0,0
131196,2,1,1998,0,0,0,0,0,0,0,0,0,0
131197,1,1,1998,0,0,0,0,0,0,0,0,0,0
131198,1,1,1998,0,0,0,0,0,0,0,0,0,0
131198,2,1,1998,0,0,0,0,0,0,0,0,0,0
131199,0,1,1998,7,0,16,0,0,0,22,26,4,0
131199,1,1,1998,0,0,0,0,0,0,0,0,0,0
131200,1,1,1998,10,10,10,10,10,10,10,10,10,10
131201,0,1,1998,5,25,0,35,0,9,20,0,0,31
131201,1,1,1998,0,0,0,0,0,0,0,0,0,0
131202,1,1,1998,0,0,0,0,0,0,0,0,0,0
131203,0,1,1998,0,0,0,0,0,0,0,0,0,0
131203,1,1,1998,0,0,17,19,0,0,0,0,0,0
131204,1,1,1998,18,18,18,18,18,18,18,18,18,18
131205,1,1,1998,0,0,0,0,0,0,0,0,0,0
131205,2,1,1998,0,0,0,0,0,0,0,0,0,0
131206,1,1,1998,0,0,0,0,0,0,0,0,0,0
131207,1,1,1998,0,0,0,0,0,0,0,0,0,0
131207,2,1,1998,0,0,0,0,0,0,0,0,0,0
131208,1,1,1998,0,0,0,0,0,0,0,0,0,0
131209,1,1,1998,5,5,5,5,5,5,5,5,5,5
131210,0,1,1998,8,0,11,0,0,0,6,0,0,0
131210,1,1,1998,0,0,0,0,0,0,0,0,0,0
131211,1,1,1998,12,15,26,0,0,13,0,11,0,16
131211,2,1,1998,0,0,0,0,0,0,0,0,0,0
131212,1,1,1998,0,0,0,0,0,0,0,0,0,0
131212,2,1,1998,0,0,0,0,0,0,0,0,0,0
131212,3,1,1998,0,0,0,0,0,0,0,0,0,0
131213,1,1,1998,16,16,16,16,16,16,16,16,16,16
131214,1,1,1998,17,18,20,15,14,12,4,29,16,18
131215,1,1,1998,26,26,26,26,26,26,26,26,26,26
131216,1,1,1998,0,0,16,0,23,14,0,0,0,0
131216,2,1,1998,0,0,0,0,0,14,0,0,0,0
131217,1,1,1998,0,0,0,0,0,0,0,0,0,0
131218,1,1,1998,0,0,0,0,0,0,0,0,0,0
131219,0,1,1998,21,35,19,23,36,0,26,17,0,13
131219,1,1,1998,0,0,0,0,0,0,0,0,0,0
131220,1,1,1998,0,0,0,25,0,11,0,0,15,0
131221,1,1,1998,5,5,5,5,5,5,5,5,5,5
131222,0,1,1998,0,0,0,0,0,0,0,17,0,0
131222,1,1,1998,0,0,30,0,0,0,0,0,0,0
131223,1,1,1998,20,20,20,20,20,20,20,20,20,20
131223,2,1,1998,0,0,0,0,0,0,0,0,0,0
131224,0,1,1998,0,0,0,0,0,0,0,0,0,0
131224,1,1,1998,0,0,2,0,0,0,8,12,0,0
131225,0,1,1998,0,0,0,0,0,0,0,0,0,0
131225,1,1,1998,0,0,0,0,0,0,0,0,0,0
131226,1,1,1998,0,0,0,0,0,0,0,0,0,0
131226,2,1,1998,0,0,0,0,0,0,0,0,0,0
131227,1,1,1998,24,24,24,24,24,24,24,24,24,24
131228,1,1,1998,0,0,0,0,0,0,0,0,0,0
131229,1,1,1998,0,0,0,0,0,0,0,0,0,0
131230,0,1,1998,9,9,9,9,9,9,9,9,9,9
131230,1,1,1998,0,0,0,0,0,0,0,0,0,0
131231,1,1,1998,0,0,0,0,0,6,0,16,8,21
131231,2,1,1998,0,0,0,0,0,0,0,0,0,0
131232,1,1,1998,21,21,21,21,21,21,21,21,21,21
131232,2,1,1998,0,0,0,0,0,0,0,0,0,0
131233,1,1,1998,0,0,0,0,0,0,0,0,0,0
131234,1,1,1998,0,0,0,0,0,0,0,0,0,0
131234,2,1,1998,12,12,12,12,12,12,12,12,12,12
131235,1,1,1998,15,15,15,15,15,15,15,15,15,15
131236,1,1,1998,0,0,0,0,0,0,0,0,0,0
131237,1,1,1998,0,0,0,0,0,0,0,0,0,0
131237,2,1,1998,0,0,0,0,0,0,0,0,0,0
131238,1,1,1998,0,0,0,0,0,0,0,0,0,0
131238,2,1,1998,0,0,0,0,0,0,0,0,0,0
131239,1,1,1998,2,2,2,2,2,2,2,2,2,2
131239,2,1,1998,0,0,0,0,0,0,0,0,0,0
131240,1,1,1998,0,0,0,0,0,0,0,0,0,0
131240,2,1,1998,0,0,0,0,0,0,0,0,0,0
131241,1,1,1998,0,13,0,18,0,19,0,11,16,17
131242,1,1,1998,0,0,0,0,0,0,0,0,0,0
131242,2,1,1998,0,0,0,0,0,0,0,0,0,0
131243,1,1,1998,0,0,0,0,0,0,0,0,0,0
131244,0,1,1998,0,0,0,0,0,0,0,0,0,10
131244,1,1,1998,0,0,0,0,0,0,10,4,17,0
131245,1,1,1998,0,0,0,0,0,0,0,0,0,0
131245,2,1,1998,0,0,0,0,0,0,0,0,0,0
131245,3,1,1998,0,0,0,0,0,0,0,0,0,0
131246,0,1,1998,2,2,2,2,2,2,2,2,2,2
131246,1,1,1998,0,0,0,0,0,0,0,0,0,0
131247,1,1,1998,0,0,0,0,0,0,0,0,0,0
131248,1,1,1998,18,18,18,18,18,18,18,18,18,18
131249,0,1,1998,30,30,30,30,30,30,30,30,30,30
131249,1,1,1998,0,0,0,0,0,0,0,0,0,0
131250,1,1,1998,0,0,0,0,0,0,0,0,0,0
131250,2,1,1998,0,0,0,0,0,0,0,0,0,0
131251,1,1,1998,19,19,19,19,19,19,19,19,19,19
131252,1,1,1998,21,21,21,21,21,21,21,21,21,21
131253,1,1,1998,0,0,0,0,0,0,0,0,0,0
131253,2,1,1998,0,0,0,0,0,0,0,0,0,0
131254,1,1,1998,0,0,0,0,0,0,0,0,0,0
131254,2,1,1998,0,0,0,0,0,0,0,0,0,0
131255,1,1,1998,0,0,0,0,0,0,0,0,0,0
131255,2,1,1998,0,0,0,0,0,0,0,0,0,0
131256,1,1,1998,0,0,0,0,0,0,0,0,0,0
131257,1,1,1998,0,0,0,0,0,0,0,0,0,0
131257,2,1,1998,9,28,14,16,11,7,4,7,15,14
131258,1,1,1998,12,12,12,12,12,12,12,12,12,12
131259,1,1,1998,12,12,12,12,12,12,12,12,12,12
131259,2,1,1998,10,10,10,10,10,10,10,10,10,10
131260,1,1,1998,20,20,20,20,20,20,20,20,20,20
131261,1,1,1998,0,0,0,0,0,0,0,0,0,0
131262,0,1,1998,0,0,0,0,0,0,0,0,0,0
131262,1,1,1998,0,4,0,0,0,0,0,0,0,0
131263,0,1,1998,16,16,16,16,16,16,16,16,16,16
131263,1,1,1998,6,6,6,6,6,6,6,6,6,6
131264,0,1,1998,18,18,18,18,18,18,18,18,18,18
131264,1,1,1998,0,0,0,0,0,0,0,0,0,0
131265,1,1,1998,0,0,20,0,0,0,0,0,0,0
131266,1,1,1998,7,7,7,7,7,7,7,7,7,7
131267,0,1,1998,22,22,22,22,22,22,22,22,22,22
131267,1,1,1998,0,0,0,0,0,0,0,0,0,0
131268,0,1,1998,0,0,0,0,0,0,0,0,0,0
131268,1,1,1998,0,0,0,0,0,0,0,0,0,0
131269,0,1,1998,0,0,0,0,0,0,0,0,0,0
131269,1,1,1998,0,0,0,0,0,0,0,0,0,0
131270,1,1,1998,21,21,21,21,21,21,21,21,21,21
131271,0,1,1998,0,0,0,0,0,0,0,0,0,0
131271,1,1,1998,0,0,0,13,0,10,5,0,0,0
131272,1,1,1998,0,0,0,0,0,0,0,0,0,0
131272,2,1,1998,0,0,0,15,0,0,0,0,0,15
131272,3,1,1998,0,0,0,0,0,0,0,0,0,0
131272,4,1,1998,0,0,0,0,0,0,0,0,0,0
131272,5,1,1998,0,0,0,0,0,0,0,5,0,0
131272,6,1,1998,31,0,0,0,11,0,0,0,10,0
131272,7,1,1998,0,0,0,0,0,0,0,0,0,0
131273,1,1,1998,0,0,22,0,5,0,4,0,0,0
131273,2,1,1998,0,0,0,0,0,0,0,0,0,0
131273,3,1,1998,0,23,20,0,0,10,0,0,0,7
131274,1,1,1998,0,0,0,0,0,0,0,0,0,0
131274,2,1,1998,0,0,0,0,0,0,0,0,0,0
131275,1,1,1998,0,0,0,0,0,0,0,0,0,0
131275,2,1,1998,0,0,0,0,0,0,0,0,0,0
131276,1,1,1998,0,0,0,0,0,0,0,0,0,0
131276,2,1,1998,0,0,0,0,0,0,0,0,0,0
131276,3,1,1998,0,0,0,0,0,0,0,0,0,0
131277,0,1,1998,0,0,0,0,0,0,0,0,0,0
131277,1,1,1998,0,0,0,0,0,0,0,0,0,0
131278,0,1,1998,0,0,0,0,0,0,0,0,0,0
131278,1,1,1998,0,0,0,0,0,0,0,0,0,0
131279,1,1,1998,0,0,0,0,0,0,0,0,0,0
131280,1,1,1998,0,0,0,0,0,0,0,0,0,0
131280,2,1,1998,0,0,0,0,0,0,0,0,0,0
131281,0,1,1998,15,15,15,15,15,15,15,15,15,15
131281,1,1,1998,0,0,0,0,0,0,0,0,0,0
131281,2,1,1998,0,0,0,0,0,0,0,0,0,0
131281,3,1,1998,0,0,0,0,0,0,0,0,0,0
131281,4,1,1998,0,0,0,0,0,0,0,0,0,0
131281,5,1,1998,0,0,0,0,0,0,0,0,0,0
131282,0,1,1998,0,0,0,0,0,0,0,0,0,0
131282,1,1,1998,0,0,0,0,0,0,0,0,0,0
131283,0,1,1998,2,2,2,2,2,2,2,2,2,2
131283,1,1,1998,0,0,0,0,0,0,0,0,0,0
131284,1,1,1998,17,17,17,17,17,17,17,17,17,17
131284,2,1,1998,0,0,0,0,0,24,0,0,0,0
131285,1,1,1998,0,0,0,0,0,0,0,0,0,0
131285,2,1,1998,0,0,0,0,0,0,0,0,0,0
131286,1,1,1998,0,0,0,0,0,0,0,0,0,0
131287,1,1,1998,0,0,0,0,0,0,0,0,0,0
131287,2,1,1998,0,0,0,0,0,0,0,0,0,0
131288,0,1,1998,0,0,0,0,0,0,0,0,0,0
131288,1,1,1998,0,0,0,0,0,0,0,0,0,0
131289,0,1,1998,19,19,19,19,19,19,19,19,19,19
131289,1,1,1998,0,0,0,0,0,0,0,0,0,0
131290,1,1,1998,0,0,0,0,0,0,0,0,0,0
131290,2,1,1998,0,0,0,0,0,0,0,0,0,0
131291,1,1,1998,0,0,0,0,0,0,0,0,0,0
131292,1,1,1998,19,19,19,19,19,19,19,19,19,19
131293,1,1,1998,20,0,5,0,0,15,0,0,0,9
131294,1,1,1998,0,0,0,0,0,0,0,0,0,0
131294,2,1,1998,0,0,0,0,0,0,0,0,0,0
131294,3,1,1998,0,0,0,0,0,0,0,0,0,0
131295,1,1,1998,0,0,0,0,0,0,0,0,0,0
131295,2,1,1998,0,0,0,0,0,0,0,0,0,0
131296,1,1,1998,0,0,0,0,0,0,0,0,0,0
131296,2,1,1998,0,0,0,0,0,0,0,0,0,0
131297,0,1,1998,20,20,20,20,20,20,20,20,20,20
131297,1,1,1998,0,0,0,0,0,0,0,0,0,0
131298,1,1,1998,0,0,0,0,0,0,0,0,0,0
131299,0,1,1998,16,16,16,16,16,16,16,16,16,16
131299,1,1,1998,13,23,0,0,0,0,0,35,0,3
131300,0,1,1998,0,0,0,0,0,0,0,0,0,0
131300,1,1,1998,0,0,0,0,0,0,0,0,0,0
131301,1,1,1998,0,0,0,0,0,0,0,0,0,0
131301,2,1,1998,0,0,0,0,0,0,0,0,0,0
131302,1,1,1998,0,0,0,0,0,0,0,0,0,0
131303,1,1,1998,17,17,17,17,17,17,17,17,17,17