ST_CASE,VEH_NO,PER_NO,YEAR,P1,P2,P3,P4,P5,P6,P7,P8,P9,P10
170113,2,1,1998,0,0,0,0,0,0,0,0,0,0
170114,1,1,1998,12,12,12,12,12,12,12,12,12,12
170114,2,1,1998,0,0,0,0,0,0,0,0,0,0
170115,1,1,1998,0,0,0,0,0,0,0,0,0,0
170115,2,1,1998,0,0,0,0,0,0,0,0,0,0
170116,1,1,1998,0,0,0,0,0,0,0,0,0,0
170116,2,1,1998,0,0,0,0,0,0,0,0,0,0
170117,1,1,1998,0,0,0,0,0,0,0,0,0,0
170117,2,1,1998,0,0,0,0,0,0,0,0,0,0
170118,1,1,1998,9,9,9,9,9,9,9,9,9,9
170118,2,1,1998,5,5,5,5,5,5,5,5,5,5
170118,3,1,1998,0,0,0,0,6,0,0,0,0,0
170119,1,1,1998,0,0,0,0,0,0,0,0,0,0
170119,2,1,1998,0,0,0,0,0,0,0,0,0,0
170121,1,1,1998,16,16,16,16,16,16,16,16,16,16
170122,1,1,1998,22,22,22,22,22,22,22,22,22,22
170123,1,1,1998,0,0,0,0,0,0,0,0,0,0
170123,2,1,1998,23,11,23,10,28,12,20,17,38,3
170124,0,1,1998,0,0,0,0,0,0,0,0,0,0
170124,1,1,1998,0,0,0,0,0,0,0,0,0,0
170125,1,1,1998,0,0,0,0,0,0,0,0,0,0
170125,2,1,1998,0,0,0,0,0,0,0,0,0,0
170126,1,1,1998,0,0,7,0,0,0,0,0,0,0
170126,2,1,1998,0,0,0,0,0,0,8,0,0,0
170127,1,1,1998,0,0,0,0,0,0,0,0,0,0
170127,2,1,1998,0,0,0,0,0,0,0,0,0,0
170128,1,1,1998,0,0,0,0,0,0,0,0,0,0
170129,0,1,1998,3,3,3,3,3,3,3,3,3,3
170129,0,2,1998,0,14,28,0,0,6,18,0,0,0
170129,1,1,1998,0,14,0,0,0,0,2,0,0,0
170129,2,1,1998,0,0,0,0,0,0,0,0,0,0
170130,1,1,1998,0,0,0,0,0,0,0,0,0,0
170131,1,1,1998,1,1,1,1,1,1,1,1,1,1
170131,2,1,1998,0,0,0,0,0,0,0,0,0,0
170132,1,1,1998,33,33,33,33,33,33,33,33,33,33
170132,2,1,1998,0,0,0,0,0,0,0,0,0,0
170133,1,1,1998,0,11,0,0,0,0,0,0,0,0
170134,1,1,1998,0,0,0,0,0,0,0,0,0,0
170134,2,1,1998,0,0,0,0,0,0,0,0,0,0
170135,1,1,1998,0,0,0,0,0,0,0,0,0,0
170135,2,1,1998,0,0,0,0,0,0,0,0,0,0
170136,1,1,1998,28,28,28,28,28,28,28,28,28,28
170136,2,1,1998,0,0,0,0,0,0,0,0,0,0
170136,3,1,1998,0,0,0,0,0,0,8,0,0,0
170136,4,1,1998,0,0,0,0,0,0,0,0,0,0
170137,0,1,1998,0,53,29,35,0,10,23,0,28,17
170137,1,1,1998,0,0,0,0,0,0,0,0,0,0
170138,1,1,1998,14,14,14,14,14,14,14,14,14,14
170138,2,1,1998,0,0,0,0,0,0,0,0,0,0
170139,1,1,1998,11,11,11,11,11,11,11,11,11,11
170140,0,1,1998,26,26,26,26,26,26,26,26,26,26
170140,1,1,1998,0,0,0,0,0,0,0,0,0,0
170141,1,1,1998,3,3,3,3,3,3,3,3,3,3
170142,1,1,1998,6,6,6,6,6,6,6,6,6,6
170142,2,1,1998,0,0,0,0,0,0,0,0,0,0
170143,1,1,1998,0,7,0,0,0,0,0,0,0,0
170144,1,1,1998,0,0,0,0,0,0,0,0,0,0
170144,2,1,1998,0,0,0,0,0,0,0,0,0,0
170145,1,1,1998,18,18,18,18,18,18,18,18,18,18
170146,1,1,1998,0,0,0,0,0,0,0,0,0,0
170146,2,1,1998,0,0,0,0,0,0,0,0,0,0
170147,1,1,1998,0,0,0,0,0,0,0,0,0,0
170147,2,1,1998,0,0,0,0,0,0,0,0,0,0
170148,1,1,1998,0,0,0,0,0,0,0,0,0,0
170148,2,1,1998,0,0,0,0,0,0,0,0,0,0
170149,1,1,1998,15,15,15,15,15,15,15,15,15,15
170150,1,1,1998,28,28,28,28,28,28,28,28,28,28
170150,2,1,1998,0,0,0,0,0,0,0,0,0,0
170151,0,1,1998,0,0,0,0,0,0,0,0,0,0
170151,1,1,1998,32,32,32,32,32,32,32,32,32,32
170152,0,1,1998,8,8,8,8,8,8,8,8,8,8
170152,1,1,1998,17,12,0,6,0,13,12,10,13,24
170153,1,1,1998,0,0,0,0,0,0,0,0,0,0
170153,2,1,1998,0,0,0,0,0,0,0,0,0,0
170154,1,1,1998,1,1,1,1,1,1,1,1,1,1
170154,2,1,1998,0,0,0,0,0,0,0,0,0,0
170155,1,1,1998,0,0,0,0,0,0,0,0,0,0
170155,2,1,1998,0,0,0,0,0,0,0,0,0,0
170156,1,1,1998,3,8,14,16,9,7,4,24,15,8
170156,2,1,1998,0,0,0,16,0,0,0,0,0,0
170156,3,1,1998,0,0,0,0,0,0,0,0,0,0
170157,0,1,1998,16,16,16,16,16,16,16,16,16,16
170157,1,1,1998,30,30,30,30,30,30,30,30,30,30
170157,2,1,1998,0,0,0,0,0,0,0,0,0,0
170157,3,1,1998,0,0,0,0,0,0,0,0,0,0
170158,1,1,1998,21,21,21,21,21,21,21,21,21,21
170160,1,1,1998,0,0,0,0,0,0,0,0,0,0
170161,1,1,1998,18,18,18,18,18,18,18,18,18,18
170162,1,1,1998,0,0,0,0,0,0,0,2,0,0
170162,2,1,1998,0,0,0,0,0,0,0,0,0,0
170163,1,1,1998,0,0,0,0,0,0,0,0,0,0
170163,2,1,1998,0,0,0,0,0,0,0,0,0,0
170164,1,1,1998,0,0,0,0,0,0,0,0,0,0
170165,1,1,1998,18,18,18,18,18,18,18,18,18,18
170166,0,1,1998,0,0,0,0,0,0,0,0,0,0
170166,1,1,1998,0,0,0,0,0,0,0,0,0,0
170167,1,1,1998,0,0,0,0,0,0,0,0,0,0
170167,2,1,1998,0,0,0,0,0,0,0,0,0,0
170168,0,1,1998,0,0,0,0,0,0,0,0,0,0
170168,1,1,1998,0,0,0,0,0,0,0,0,0,0
170169,0,1,1998,0,0,0,0,0,0,0,0,0,0
170169,1,1,1998,0,6,0,0,0,8,0,0,0,9
170170,0,1,1998,0,0,0,0,0,0,0,0,0,0
170171,1,1,1998,0,0,0,0,0,0,0,0,0,0
170172,1,1,1998,10,0,0,0,0,0,0,0,0,0
170172,2,1,1998,0,0,0,0,0,0,0,0,0,0
170173,0,1,1998,0,0,0,0,0,0,0,0,0,0
170173,1,1,1998,0,0,0,0,0,0,0,0,0,0
170174,1,1,1998,0,0,0,0,0,0,0,0,0,0
170174,2,1,1998,0,0,0,0,0,0,0,0,0,0
170175,1,1,1998,25,25,25,25,25,25,25,25,25,25
170176,1,1,1998,11,11,11,11,11,11,11,11,11,11
170176,2,1,1998,0,0,0,0,0,0,0,0,0,0
170177,1,1,1998,0,0,0,0,0,0,0,0,0,0
170178,1,1,1998,0,0,0,0,0,0,0,0,0,0
170178,2,1,1998,0,0,0,0,0,0,0,0,0,0
170178,3,1,1998,0,0,0,0,0,0,0,0,0,0
170179,1,1,1998,0,0,0,0,0,0,0,0,0,0
170179,2,1,1998,1,1,1,1,1,1,1,1,1,1
170180,0,1,1998,0,0,0,0,0,0,0,0,0,0
170180,1,1,1998,11,30,17,15,7,11,0,0,15,0
170181,0,1,1998,1,1,1,1,1,1,1,1,1,1
170181,1,1,1998,0,16,0,21,10,0,0,0,0,0
170182,1,1,1998,13,13,13,13,13,13,13,13,13,13
170183,1,1,1998,6,6,6,6,6,6,6,6,6,6
170184,1,1,1998,0,0,0,0,0,0,0,0,0,0
170184,2,1,1998,21,21,21,21,21,21,21,21,21,21
170185,1,1,1998,0,0,0,0,0,0,0,0,0,0
170186,0,1,1998,0,0,0,0,0,0,0,0,0,0
170186,1,1,1998,0,0,0,0,0,0,0,0,0,0
170187,1,1,1998,0,0,0,0,0,0,0,0,0,0
170187,2,1,1998,0,0,0,0,0,0,0,0,0,0
170187,3,1,1998,0,0,0,0,0,0,0,0,0,0
170188,0,1,1998,14,14,14,14,14,14,14,14,14,14
170188,1,1,1998,0,2,0,26,0,10,0,10,0,0
170189,0,1,1998,0,0,0,0,0,0,0,0,0,0
170189,1,1,1998,0,0,0,0,0,0,0,0,0,0
170190,0,1,1998,0,0,0,0,0,0,0,0,0,0
170190,1,1,1998,0,16,0,0,0,0,0,0,0,0
170191,1,1,1998,0,0,0,0,0,0,0,0,0,0
170191,2,1,1998,0,0,0,0,0,0,0,0,0,0
170192,1,1,1998,0,0,0,0,0,0,0,0,0,0
170192,2,1,1998,0,0,0,0,0,0,0,0,0,0
170193,1,1,1998,24,24,24,24,24,24,24,24,24,24
170194,0,1,1998,0,0,0,9,0,0,0,0,0,0
170194,1,1,1998,0,0,0,0,13,0,0,0,0,0
170195,0,1,1998,3,3,3,3,3,3,3,3,3,3
170195,1,1,1998,0,0,0,0,0,0,0,0,0,0
170196,1,1,1998,0,0,0,0,0,0,0,0,0,0
170196,2,1,1998,0,0,0,0,0,0,0,0,0,0
170197,1,1,1998,0,0,0,0,0,0,0,0,0,0
170197,2,1,1998,0,0,0,0,0,0,0,0,0,0
170198,1,1,1998,13,13,13,13,13,13,13,13,13,13
170198,2,1,1998,0,0,0,0,0,0,0,0,0,0
170199,1,1,1998,18,18,18,18,18,18,18,18,18,18
170200,1,1,1998,0,0,0,0,0,0,0,0,0,0
170200,2,1,1998,0,0,0,0,0,0,0,0,0,0
170201,1,1,1998,0,0,0,0,0,0,0,0,0,0
170201,2,1,1998,0,0,0,0,0,0,0,0,0,0
170202,1,1,1998,31,31,31,31,31,31,31,31,31,31
170202,2,1,1998,1,1,1,1,1,1,1,1,1,1
170203,1,1,1998,12,0,8,5,0,5,0,19,6,6
170204,1,1,1998,0,0,0,0,0,0,0,0,0,0
170204,2,1,1998,0,0,0,0,0,0,0,0,0,0
170205,1,1,1998,21,21,21,21,21,21,21,21,21,21
170206,1,1,1998,0,0,0,0,0,0,0,0,0,0
170206,2,1,1998,0,0,0,0,0,0,0,0,0,0
170207,1,1,1998,0,0,0,0,0,0,0,0,0,0
170208,1,1,1998,21,21,21,21,21,21,21,21,21,21
170208,2,1,1998,0,0,0,0,0,0,0,0,0,0
170208,3,1,1998,0,0,0,0,0,0,0,0,0,0
170209,1,1,1998,20,20,20,20,20,20,20,20,20,20
170209,2,1,1998,0,0,0,0,0,0,0,9,0,6
170210,1,1,1998,0,0,0,0,0,0,0,0,0,0
170211,1,1,1998,0,0,0,0,0,0,0,0,0,0
170211,2,1,1998,0,0,0,0,0,0,0,0,0,0
170211,3,1,1998,0,0,0,0,0,0,0,0,0,0
170212,1,1,1998,0,0,0,0,0,0,0,0,0,0
170212,2,1,1998,0,0,0,0,0,0,0,0,0,0
170212,3,1,1998,0,0,0,0,0,0,0,0,0,0
170213,1,1,1998,0,0,0,0,0,0,0,0,0,0
170213,2,1,1998,0,0,0,0,0,0,0,0,0,0
170214,0,1,1998,5,0,0,0,0,0,0,47,41,0
170214,1,1,1998,0,0,0,0,0,0,0,0,0,0
170215,1,1,1998,0,0,0,0,0,0,0,0,0,0
170215,2,1,1998,0,0,0,0,0,0,0,0,0,0
170216,0,1,1998,0,0,0,0,0,0,0,0,0,0
170216,1,1,1998,0,0,0,0,0,0,0,0,0,0
170217,1,1,1998,18,18,18,18,18,18,18,18,18,18
170218,1,1,1998,20,20,20,20,20,20,20,20,20,20
170219,0,1,1998,0,0,0,0,0,0,0,0,11,0
170219,1,1,1998,0,0,0,0,0,0,0,0,0,0
170220,0,1,1998,0,0,0,0,0,0,0,0,0,0
170220,1,1,1998,0,0,0,0,0,0,0,0,0,0
170221,1,1,1998,0,0,0,0,0,0,0,0,2,0
170221,2,1,1998,0,0,0,0,0,0,0,0,0,0
170222,1,1,1998,0,0,0,0,0,0,0,0,0,0
170222,2,1,1998,0,0,0,0,0,0,0,0,0,0
170223,1,1,1998,14,14,14,14,14,14,14,14,14,14
170223,2,1,1998,0,0,0,0,0,0,0,0,0,0
170224,1,1,1998,0,0,0,0,0,0,0,0,0,0
170224,2,1,1998,0,0,0,0,0,0,0,0,0,0
170225,1,1,1998,16,22,22,17,9,9,5,10,26,3
170225,2,1,1998,0,0,0,0,0,0,0,0,0,0
170226,0,1,1998,0,0,0,0,0,0,0,0,0,0
170226,1,1,1998,0,0,0,0,0,0,0,0,0,0
170227,1,1,1998,0,0,0,0,0,0,0,0,0,0
170228,1,1,1998,11,11,11,11,11,11,11,11,11,11
170229,0,1,1998,0,0,0,0,0,0,0,0,0,0
170229,0,2,1998,0,0,0,0,0,0,0,0,0,0
170229,1,1,1998,0,0,0,0,0,0,0,0,0,0
170229,2,1,1998,0,0,0,0,0,0,0,0,0,0
170230,1,1,1998,0,0,0,0,0,0,0,0,0,0
170231,1,1,1998,0,0,0,0,0,0,0,0,0,0
170231,2,1,1998,0,0,0,0,0,0,62,0,0,0
170232,1,1,1998,20,20,20,20,20,20,20,20,20,20
170233,1,1,1998,4,4,4,4,4,4,4,4,4,4
170234,1,1,1998,19,19,19,19,19,19,19,19,19,19
170235,1,1,1998,0,0,0,0,0,0,0,0,0,0
170235,2,1,1998,0,0,0,0,0,0,0,0,0,0
170236,1,1,1998,12,12,12,12,12,12,12,12,12,12
170236,2,1,1998,0,0,0,0,0,0,0,0,0,0
170237,1,1,1998,18,18,18,18,18,18,18,18,18,18
170237,2,1,1998,0,0,0,0,0,0,0,0,0,0
170238,1,1,1998,32,32,32,32,32,32,32,32,32,32
170239,1,1,1998,0,0,0,0,0,0,0,0,0,0
170239,2,1,1998,0,0,0,0,0,0,0,0,0,0
170240,0,1,1998,0,0,0,0,0,0,0,0,0,0
170240,1,1,1998,0,0,0,0,0,0,0,0,0,0
170241,1,1,1998,0,0,0,0,0,0,0,0,0,0
170241,2,1,1998,0,0,0,0,0,0,0,0,0,0
170242,1,1,1998,0,28,0,0,0,26,0,0,0,0
170242,2,1,1998,0,0,0,0,0,0,0,0,0,0
170242,3,1,1998,0,0,0,0,17,0,0,0,0,9
170243,1,1,1998,0,0,0,0,0,0,0,0,0,0
170243,2,1,1998,0,0,0,0,0,0,0,0,0,0
170244,1,1,1998,0,0,0,0,0,0,0,0,0,0
170244,2,1,1998,0,0,0,0,0,0,0,0,0,0
170245,1,1,1998,15,15,15,15,15,15,15,15,15,15
170246,1,1,1998,0,0,0,0,0,0,0,0,0,0
170246,2,1,1998,0,0,0,0,0,0,0,0,0,0
170246,3,1,1998,0,0,0,0,0,0,0,0,0,0
170247,1,1,1998,5,5,5,5,5,5,5,5,5,5
170247,2,1,1998,0,0,0,0,0,0,0,0,0,0
170248,1,1,1998,0,0,0,0,0,0,0,0,0,0
170249,1,1,1998,21,21,21,21,21,21,21,21,21,21
170249,2,1,1998,0,0,0,0,0,0,0,2,0,0
170250,0,1,1998,0,0,0,0,0,0,0,0,0,0
170250,1,1,1998,0,0,0,0,8,4,0,0,21,0
170251,0,1,1998,0,0,0,0,0,0,0,0,0,0
170251,1,1,1998,0,0,0,0,0,0,0,0,0,0
170252,1,1,1998,7,7,7,7,7,7,7,7,7,7
170252,2,1,1998,0,0,0,0,0,0,0,24,8,0
170253,1,1,1998,2,2,2,2,2,2,2,2,2,2
170254,1,1,1998,0,0,0,0,0,0,0,0,0,0
170254,2,1,1998,0,0,0,0,0,0,0,0,0,0
170255,0,1,1998,0,0,0,0,0,0,0,0,0,0
170255,1,1,1998,0,0,0,0,0,0,0,0,0,0
170256,1,1,1998,0,0,0,0,0,0,0,0,0,0
170256,2,1,1998,0,0,0,0,0,0,0,0,0,0
170257,1,1,1998,13,13,13,13,13,13,13,13,13,13
170258,0,1,1998,0,0,0,0,0,0,0,0,0,0
170258,1,1,1998,0,0,0,0,0,0,0,0,0,0
170259,0,1,1998,3,3,3,3,3,3,3,3,3,3
170259,1,1,1998,0,0,0,0,0,0,0,0,0,0
170260,1,1,1998,19,19,19,19,19,19,19,19,19,19
170261,1,1,1998,0,0,0,0,0,0,0,0,0,0
170262,1,1,1998,0,0,0,0,0,0,0,0,0,0
170263,1,1,1998,25,25,25,25,25,25,25,25,25,25
170264,0,1,1998,0,0,0,0,0,0,0,0,0,0
170264,1,1,1998,0,0,0,0,0,0,0,0,0,0
170265,1,1,1998,0,0,0,0,0,0,0,0,0,0
170265,2,1,1998,0,0,0,0,0,0,0,0,12,0
170266,0,1,1998,7,7,7,7,7,7,7,7,7,7
170266,0,2,1998,13,10,0,14,27,0,20,7,0,0
170266,1,1,1998,0,0,0,0,0,0,0,0,0,0
170266,3,1,1998,0,0,0,0,0,0,0,0,0,0
170266,4,1,1998,0,0,0,0,0,0,0,0,0,0
170267,1,1,1998,22,22,22,22,22,22,22,22,22,22
170268,1,1,1998,0,0,0,0,0,0,0,0,0,0
170268,2,1,1998,0,0,22,0,0,21,0,0,0,0
170269,1,1,1998,0,0,0,0,0,0,0,0,25,0
170269,2,1,1998,0,0,0,0,0,0,0,0,0,0
170270,1,1,1998,0,0,0,0,0,0,0,0,0,0
170270,2,1,1998,0,0,0,0,0,0,0,12,0,0
170271,1,1,1998,14,14,14,14,14,14,14,14,14,14
170272,1,1,1998,5,5,5,5,5,5,5,5,5,5
170273,0,1,1998,24,24,24,24,24,24,24,24,24,24
170273,1,1,1998,0,0,0,0,0,0,0,0,0,0
170274,0,1,1998,24,24,24,24,24,24,24,24,24,24
170274,1,1,1998,0,0,0,0,0,0,0,0,0,0
170275,1,1,1998,19,19,19,19,19,19,19,19,19,19
170275,2,1,1998,0,0,0,0,0,0,0,0,0,0
170276,0,1,1998,14,14,14,14,14,14,14,14,14,14
170276,1,1,1998,0,0,0,0,0,0,0,0,0,0
170277,1,1,1998,0,0,0,0,0,0,0,14,0,0
170278,1,1,1998,0,0,0,0,0,0,0,0,0,0
170279,1,1,1998,0,0,0,0,0,0,0,0,0,0
170279,2,1,1998,0,0,0,0,0,0,0,0,0,0
170280,1,1,1998,0,0,0,0,0,0,0,0,0,0
170280,2,1,1998,0,0,0,0,0,0,0,0,0,0
170281,1,1,1998,0,0,0,0,0,0,0,0,0,0
170282,0,1,1998,0,0,0,0,0,0,0,0,0,0
170282,1,1,1998,0,0,0,0,0,0,0,0,0,0
170283,1,1,1998,0,0,0,0,0,0,0,0,0,0
170283,2,1,1998,0,19,0,0,0,0,0,0,0,0
170284,1,1,1998,7,7,7,7,7,7,7,7,7,7
170285,1,1,1998,24,24,24,24,24,24,24,24,24,24
170286,1,1,1998,0,0,0,0,0,0,0,0,0,0
170286,2,1,1998,0,0,0,0,0,0,0,0,0,0
170287,1,1,1998,0,0,0,0,0,0,0,0,0,0
170287,2,1,1998,0,0,0,0,0,0,0,0,0,0
170288,1,1,1998,4,4,4,4,4,4,4,4,4,4
170289,1,1,1998,0,0,0,0,0,0,0,0,0,0
170289,2,1,1998,0,0,0,0,0,0,0,0,0,0
170290,1,1,1998,16,16,16,16,16,16,16,16,16,16
170291,1,1,1998,0,0,0,0,0,0,0,0,0,0
170291,2,1,1998,0,0,0,0,0,0,0,0,0,0
170292,1,1,1998,0,0,0,0,0,0,0,0,0,0
170292,2,1,1998,7,0,0,0,0,0,0,0,0,0
170293,1,1,1998,0,0,0,0,0,0,0,0,0,0
170293,2,1,1998,0,0,0,0,0,0,0,0,0,0
170294,1,1,1998,40,40,40,40,40,40,40,40,40,40
170294,2,1,1998,0,0,6,12,0,0,0,0,0,0
170295,1,1,1998,0,0,0,0,0,0,0,0,0,0
170296,1,1,1998,0,0,0,0,0,0,0,0,0,21
170296,2,1,1998,0,0,0,0,0,0,0,0,0,0
170297,1,1,1998,6,6,6,6,6,6,6,6,6,6
170298,0,1,1998,0,0,0,0,0,0,0,0,0,0
170298,1,1,1998,0,0,0,0,0,0,0,0,0,0
170299,1,1,1998,0,0,0,0,0,0,0,0,0,0
170299,2,1,1998,0,0,0,0,0,0,0,0,0,0
170300,1,1,1998,19,19,19,19,19,19,19,19,19,19
170301,0,1,1998,0,0,0,0,0,0,0,0,0,0
170301,1,1,1998,0,0,0,0,0,0,0,0,0,0
170302,1,1,1998,0,0,0,0,0,0,0,0,0,0
170302,2,1,1998,0,0,0,0,0,0,0,0,0,0
170303,1,1,1998,0,0,0,0,0,0,0,0,0,0
170304,1,1,1998,0,0,0,0,0,0,0,0,0,0
170304,2,1,1998,0,0,0,0,0,0,0,0,0,0
170305,1,1,1998,0,0,0,0,0,0,0,0,0,0
170305,2,1,1998,0,0,0,0,0,0,0,0,0,0
170306,0,1,1998,0,0,0,0,0,0,0,0,0,0
170306,1,1,1998,0,0,0,0,0,0,0,0,0,0
170307,1,1,1998,17,17,17,17,17,17,17,17,17,17
170308,1,1,1998,32,32,32,32,32,32,32,32,32,32
170308,2,1,1998,0,0,0,0,0,0,0,0,0,0
170309,0,1,1998,0,0,0,0,0,0,0,0,0,0
170309,1,1,1998,0,0,17,0,0,0,0,32,4,0
170310,1,1,1998,0,0,0,0,0,0,0,0,0,0
170311,0,1,1998,0,0,0,0,0,0,0,0,0,0
170311,1,1,1998,0,0,0,0,0,0,0,0,0,0
170312,1,1,1998,8,0,0,12,22,0,4,8,0,23
170313,1,1,1998,0,0,0,0,0,0,0,0,0,0
170313,2,1,1998,0,0,0,0,0,0,0,0,0,0
170314,0,1,1998,0,0,0,0,0,0,0,0,0,0
170314,1,1,1998,0,0,0,0,0,0,0,0,0,0
170315,1,1,1998,21,21,21,21,21,21,21,21,21,21
170316,0,1,1998,0,0,0,0,0,0,0,0,0,0
170316,1,1,1998,0,0,0,0,0,0,0,0,0,0
170317,1,1,1998,0,0,0,0,0,0,0,0,0,0
170317,2,1,1998,0,0,0,0,0,0,0,0,0,0
170318,1,1,1998,0,0,0,0,0,0,0,0,0,0
170318,2,1,1998,11,0,0,0,0,12,0,0,0,0
170319,1,1,1998,0,0,0,0,0,0,0,0,0,0
170320,1,1,1998,0,0,0,0,0,0,0,0,0,0
170320,2,1,1998,0,0,0,0,0,0,0,0,0,0
170320,3,1,1998,0,0,0,0,0,0,0,0,0,0
170321,1,1,1998,13,0,8,25,29,17,12,25,34,20
170322,1,1,1998,0,0,0,0,0,0,0,0,0,0
170322,2,1,1998,0,0,0,0,0,0,0,0,0,0
170323,1,1,1998,0,0,0,0,0,0,0,0,0,0
170324,0,1,1998,18,0,17,0,28,11,13,0,18,20
170324,1,1,1998,0,8,0,0,17,0,9,4,25,0
170324,2,1,1998,8,8,8,8,8,8,8,8,8,8
170325,1,1,1998,0,0,0,0,0,0,0,0,0,0
170325,2,1,1998,0,0,0,0,0,0,0,0,0,0
170326,0,1,1998,2,2,2,2,2,2,2,2,2,2
170326,1,1,1998,0,0,0,0,0,0,0,0,0,0
170327,1,1,1998,0,0,0,0,0,0,0,0,0,0
170328,0,1,1998,36,36,36,36,36,36,36,36,36,36
170328,1,1,1998,0,0,0,0,0,0,0,0,0,0
170329,1,1,1998,0,0,0,0,0,0,0,0,0,0
170329,2,1,1998,0,0,0,0,0,0,0,0,0,0
170331,1,1,1998,3,3,3,3,3,3,3,3,3,3
170332,1,1,1998,15,15,15,15,15,15,15,15,15,15
170332,2,1,1998,2,2,2,2,2,2,2,2,2,2
170333,1,1,1998,18,18,18,18,18,18,18,18,18,18
170334,1,1,1998,0,0,0,0,0,0,0,0,0,0
170334,2,1,1998,0,0,0,0,0,0,0,0,0,0
170335,1,1,1998,0,5,0,0,5,0,2,0,0,0
170336,1,1,1998,22,22,22,22,22,22,22,22,22,22
170337,1,1,1998,17,17,17,17,17,17,17,17,17,17
170338,1,1,1998,30,30,30,30,30,30,30,30,30,30
170339,1,1,1998,0,0,0,0,0,0,0,0,0,0
170340,0,1,1998,30,30,30,30,30,30,30,30,30,30
170340,1,1,1998,0,0,7,0,0,0,0,0,14,0
170340,2,1,1998,11,17,0,24,21,20,0,25,0,10
170341,1,1,1998,0,0,0,14,0,0,7,0,0,0
170341,2,1,1998,0,0,0,0,0,0,0,0,0,0
170342,0,1,1998,34,34,34,34,34,34,34,34,34,34
170342,1,1,1998,0,0,0,0,0,0,0,19,0,0
170343,1,1,1998,0,0,0,0,0,0,0,0,0,0
170343,2,1,1998,3,3,3,3,3,3,3,3,3,3
170344,0,1,1998,0,0,0,0,0,0,0,0,0,0
170344,0,2,1998,17,0,41,18,11,16,33,0,12,0
170344,1,1,1998,25,4,10,6,9,19,9,10,21,0
170345,1,1,1998,0,0,0,0,0,0,0,0,0,0
170345,2,1,1998,0,0,0,0,0,0,0,0,0,0
170346,1,1,1998,0,0,0,0,0,0,0,0,0,0
170346,2,1,1998,0,0,0,0,0,0,0,0,0,0
170346,3,1,1998,0,0,0,0,0,0,0,0,0,16
170346,4,1,1998,0,0,0,0,0,0,0,0,0,0
170347,1,1,1998,0,0,0,0,0,0,0,0,0,0
170347,2,1,1998,0,0,0,0,0,0,0,0,0,0
170347,3,1,1998,0,0,0,0,0,0,0,0,0,0
170347,4,1,1998,0,0,0,0,0,0,0,0,0,0
170349,1,1,1998,32,32,32,32,32,32,32,32,32,32
170350,0,1,1998,7,7,7,7,7,7,7,7,7,7
170350,1,1,1998,16,6,6,9,5,5,24,5,36,0
170351,1,1,1998,10,10,10,10,10,10,10,10,10,10
170352,1,1,1998,0,0,0,0,0,0,0,0,0,0
170353,0,1,1998,0,0,0,9,0,0,0,0,0,0
170353,0,2,1998,0,0,27,27,0,0,0,17,0,14
170353,1,1,1998,1,1,1,1,1,1,1,1,1,1
170354,1,1,1998,0,0,0,0,0,0,0,0,0,0
170355,1,1,1998,0,0,0,0,0,0,0,0,0,0
170355,2,1,1998,0,0,0,0,0,0,0,0,0,0
170356,1,1,1998,28,28,28,28,28,28,28,28,28,28
170357,0,1,1998,0,0,0,0,0,0,0,0,0,0
170357,1,1,1998,20,20,20,20,20,20,20,20,20,20
170358,1,1,1998,0,0,0,0,0,0,0,0,0,0
170358,2,1,1998,0,0,0,0,0,0,0,0,0,0
170359,1,1,1998,0,0,0,0,0,0,0,0,0,0
170359,2,1,1998,0,0,0,0,0,0,0,0,0,0
170360,1,1,1998,0,0,0,0,0,0,0,0,0,0
170361,0,1,1998,0,0,0,0,0,0,0,0,0,0
170361,1,1,1998,13,13,13,13,13,13,13,13,13,13
170362,1,1,1998,0,0,0,0,0,0,0,0,0,0
170363,1,1,1998,0,0,0,0,0,0,0,0,0,0
170363,2,1,1998,0,0,0,0,0,0,0,0,0,0
170364,1,1,1998,0,0,0,0,0,0,0,0,0,0
170364,2,1,1998,0,0,0,0,0,0,0,0,0,0
170365,1,1,1998,17,17,17,17,17,17,17,17,17,17
170365,2,1,1998,0,0,0,0,0,0,0,0,0,0
170366,1,1,1998,14,12,13,9,14,9,0,9,8,14
170367,1,1,1998,9,0,0,0,0,0,0,0,0,0
170368,0,1,1998,0,0,0,0,0,0,0,0,0,0
170368,1,1,1998,0,0,0,0,0,0,0,0,0,0
170369,1,1,1998,11,11,11,11,11,11,11,11,11,11
170370,1,1,1998,33,33,33,33,33,33,33,33,33,33
170370,2,1,1998,4,0,0,0,0,0,0,0,0,0
170371,1,1,1998,0,0,0,0,0,0,0,0,0,0
170372,1,1,1998,12,12,12,12,12,12,12,12,12,12
170372,2,1,1998,0,0,0,0,0,0,0,0,0,0
170373,1,1,1998,0,0,0,0,0,0,0,0,0,0
170374,1,1,1998,0,0,0,0,0,0,0,0,0,0
170375,1,1,1998,0,0,0,0,0,0,0,0,3,0
170376,1,1,1998,10,10,10,10,10,10,10,10,10,10
170377,1,1,1998,0,0,0,0,0,0,0,0,0,5
170378,0,1,1998,0,0,0,0,0,0,0,0,0,0
170378,1,1,1998,0,0,0,0,0,0,0,0,0,0
170379,1,1,1998,0,0,0,0,0,0,0,0,0,0
170380,1,1,1998,0,0,0,0,0,0,0,0,0,0
170381,1,1,1998,19,19,19,19,19,19,19,19,19,19