ST_CASE,VEH_NO,PER_NO,YEAR,P1,P2,P3,P4,P5,P6,P7,P8,P9,P10
200015,3,1,1998,0,0,0,0,0,0,0,0,0,0
200016,1,1,1998,0,0,0,0,17,13,0,0,0,0
200016,2,1,1998,0,0,0,0,0,0,0,0,0,0
200017,1,1,1998,19,31,6,23,5,9,26,14,24,15
200017,2,1,1998,18,20,15,15,25,14,12,0,8,29
200018,1,1,1998,27,27,27,27,27,27,27,27,27,27
200019,1,1,1998,0,0,0,0,0,0,0,0,0,0
200020,1,1,1998,0,0,0,0,0,0,0,0,0,0
200021,1,1,1998,0,0,0,0,0,0,0,0,0,0
200021,2,1,1998,0,0,0,0,0,0,0,0,0,0
200022,1,1,1998,0,0,0,0,0,0,0,0,0,0
200022,2,1,1998,0,0,0,0,0,0,0,0,16,0
200023,0,1,1998,0,0,0,0,0,0,0,0,0,0
200023,1,1,1998,0,0,0,0,0,0,0,0,0,0
200024,1,1,1998,0,0,0,0,0,0,0,0,0,0
200024,2,1,1998,0,0,0,0,0,0,0,0,22,0
200025,1,1,1998,0,0,0,0,0,0,0,0,0,0
200025,2,1,1998,0,0,0,0,0,0,0,0,0,0
200026,1,1,1998,0,0,0,0,0,0,0,0,0,0
200026,2,1,1998,8,0,0,8,17,25,18,9,7,26
200027,1,1,1998,0,0,0,0,0,0,0,0,0,0
200027,2,1,1998,0,0,0,0,0,0,0,0,0,0
200027,3,1,1998,0,0,0,0,0,0,0,0,0,0
200028,1,1,1998,24,24,24,24,24,24,24,24,24,24
200028,2,1,1998,0,0,0,0,0,0,0,0,0,0
200029,0,1,1998,23,23,23,23,23,23,23,23,23,23
200029,1,1,1998,0,0,0,0,0,0,0,0,0,0
200030,1,1,1998,0,0,0,0,0,0,0,0,0,0
200030,2,1,1998,0,0,0,0,0,0,0,0,0,0
200031,1,1,1998,0,0,0,0,0,0,0,0,0,0
200031,2,1,1998,0,0,0,12,0,0,0,0,0,0
200032,1,1,1998,0,0,0,0,0,0,0,0,0,0
200032,2,1,1998,0,0,0,0,0,0,0,0,0,0
200033,1,1,1998,0,0,0,0,0,0,0,0,0,0
200033,2,1,1998,11,11,11,11,11,11,11,11,11,11
200034,0,1,1998,0,0,0,0,0,0,0,0,0,0
200034,1,1,1998,0,0,0,0,0,0,15,0,0,0
200035,1,1,1998,9,9,9,9,9,9,9,9,9,9
200036,0,1,1998,29,29,29,29,29,29,29,29,29,29
200036,1,1,1998,0,0,7,0,0,0,0,0,0,0
200037,1,1,1998,0,0,0,0,0,0,0,0,0,0
200037,2,1,1998,0,0,0,0,0,0,0,0,0,0
200039,1,1,1998,0,0,0,0,0,0,0,0,0,0
200040,1,1,1998,0,0,0,0,0,0,0,0,0,0
200042,1,1,1998,23,23,23,23,23,23,23,23,23,23
200043,1,1,1998,0,0,0,0,0,0,0,0,0,0
200043,2,1,1998,9,9,9,9,9,9,9,9,9,9
200044,1,1,1998,0,0,0,0,0,0,0,0,0,0
200045,1,1,1998,3,3,3,3,3,3,3,3,3,3
200046,1,1,1998,23,23,23,23,23,23,23,23,23,23
200047,0,1,1998,0,0,0,0,0,0,0,0,0,0
200047,1,1,1998,0,0,0,0,0,0,0,0,0,0
200048,1,1,1998,10,13,16,13,0,21,17,8,23,26
200049,1,1,1998,27,27,27,27,27,27,27,27,27,27
200049,2,1,1998,0,0,0,0,0,0,15,0,13,0
200051,0,1,1998,0,0,18,26,0,0,0,0,0,0
200051,1,1,1998,0,0,0,0,0,0,0,0,0,0
200052,1,1,1998,22,9,21,12,20,43,19,11,22,15
200052,2,1,1998,0,0,0,0,10,8,0,0,0,0
200053,1,1,1998,0,0,0,0,0,0,0,0,0,0
200054,1,1,1998,0,0,0,0,0,0,0,0,0,0
200054,2,1,1998,0,0,0,0,0,0,0,0,0,0
200055,1,1,1998,0,0,0,0,0,0,0,0,0,0
200056,0,1,1998,0,0,0,0,0,0,0,0,0,0
200056,1,1,1998,0,0,0,0,0,0,0,0,0,0
200057,1,1,1998,22,22,22,22,22,22,22,22,22,22
200058,1,1,1998,0,0,0,0,0,0,0,0,0,0
200058,2,1,1998,0,0,0,0,0,0,0,0,0,0
200059,1,1,1998,15,15,15,15,15,15,15,15,15,15
200060,1,1,1998,0,0,0,0,0,0,0,0,0,0
200060,2,1,1998,0,0,0,0,0,0,0,0,0,0
200061,1,1,1998,26,26,26,26,26,26,26,26,26,26
200062,0,1,1998,0,0,0,0,0,0,0,0,0,0
200062,1,1,1998,0,0,0,0,0,0,0,0,0,0
200063,1,1,1998,0,0,0,0,0,0,0,0,0,0
200063,2,1,1998,0,0,0,0,0,0,0,0,0,0
200064,1,1,1998,28,28,28,28,28,28,28,28,28,28
200066,1,1,1998,0,0,0,0,0,0,0,0,20,0
200066,2,1,1998,16,16,16,16,16,16,16,16,16,16
200067,1,1,1998,0,0,0,0,0,0,0,0,0,0
200067,2,1,1998,28,0,0,17,0,0,0,0,0,0
200068,1,1,1998,0,0,0,0,0,0,0,0,0,0
200068,2,1,1998,0,0,0,0,0,0,0,0,0,0
200069,1,1,1998,0,0,0,0,0,0,0,0,0,0
200069,2,1,1998,0,0,0,0,0,0,0,0,0,0
200070,1,1,1998,0,0,0,0,0,0,0,0,0,0
200071,1,1,1998,0,0,0,0,0,0,0,0,0,0
200071,2,1,1998,0,0,0,0,0,0,0,0,0,0
200072,1,1,1998,22,22,22,22,22,22,22,22,22,22
200073,1,1,1998,13,13,13,13,13,13,13,13,13,13
200075,0,1,1998,0,0,0,0,0,0,34,0,0,0
200075,1,1,1998,0,0,0,0,0,0,0,0,0,0
200076,1,1,1998,0,0,0,0,0,0,0,0,0,0
200076,2,1,1998,0,0,0,0,0,0,0,0,0,0
200076,3,1,1998,0,0,0,0,0,0,0,0,0,0
200077,1,1,1998,0,0,0,0,0,0,0,0,0,0
200077,2,1,1998,0,0,0,0,0,0,0,0,0,0
200078,1,1,1998,0,0,0,0,0,0,0,12,0,0
200079,0,1,1998,15,15,15,15,15,15,15,15,15,15
200079,1,1,1998,15,15,15,15,15,15,15,15,15,15
200080,1,1,1998,0,0,0,0,0,0,0,0,0,0
200080,2,1,1998,0,0,0,0,0,0,0,0,0,0
200081,0,1,1998,0,0,0,0,0,0,0,0,0,0
200081,1,1,1998,0,0,0,0,0,0,0,0,0,0
200082,1,1,1998,0,0,0,0,0,0,0,0,0,0
200083,1,1,1998,0,0,0,0,0,0,0,0,0,0
200083,2,1,1998,0,0,0,0,0,0,0,0,0,0
200083,3,1,1998,0,0,0,0,0,0,0,0,0,0
200084,1,1,1998,0,0,0,0,0,0,0,0,0,0
200084,2,1,1998,0,0,0,0,0,0,0,0,0,0
200085,1,1,1998,0,0,0,0,0,0,0,0,0,0
200086,1,1,1998,0,0,0,0,0,0,0,0,0,0
200086,2,1,1998,0,0,0,0,0,0,0,0,0,0
200087,1,1,1998,0,0,0,0,0,0,0,0,0,0
200087,2,1,1998,0,0,0,0,0,0,0,0,0,0
200088,1,1,1998,0,0,0,0,0,0,0,0,0,0
200088,2,1,1998,0,0,0,0,0,0,0,0,0,0
200089,1,1,1998,0,0,0,0,0,0,0,0,0,0
200089,2,1,1998,0,0,0,0,0,0,0,0,0,0
200090,1,1,1998,6,6,6,6,6,6,6,6,6,6
200090,2,1,1998,0,0,0,0,0,0,0,0,0,0
200091,0,1,1998,8,8,8,8,8,8,8,8,8,8
200091,1,1,1998,8,8,8,8,8,8,8,8,8,8
200092,1,1,1998,0,0,0,0,0,0,0,0,0,0
200092,2,1,1998,0,0,0,0,0,0,0,0,0,0
200093,1,1,1998,29,29,29,29,29,29,29,29,29,29
200094,1,1,1998,13,13,13,13,13,13,13,13,13,13
200094,2,1,1998,0,0,0,0,0,0,0,0,0,0
200095,1,1,1998,0,0,0,0,0,0,0,0,0,0
200096,1,1,1998,0,0,0,0,0,0,0,0,0,0
200096,2,1,1998,0,0,0,0,0,0,0,0,0,0
200097,1,1,1998,0,0,0,0,0,0,0,0,0,0
200097,2,1,1998,16,0,0,0,0,0,0,0,14,0
200098,1,1,1998,0,0,0,0,0,0,0,0,0,0
200099,1,1,1998,0,0,0,0,0,0,0,0,0,0
200099,2,1,1998,0,0,0,0,0,0,0,0,0,0
200100,1,1,1998,0,0,0,0,0,0,0,0,0,0
200101,1,1,1998,0,0,0,0,0,0,12,0,0,0
200102,1,1,1998,0,0,0,0,0,0,0,0,0,0
200102,2,1,1998,0,0,0,0,0,0,0,0,0,0
200103,1,1,1998,0,0,0,0,0,0,0,0,0,0
200103,2,1,1998,0,0,0,0,0,0,0,0,0,0
200104,1,1,1998,0,0,0,0,0,0,0,0,0,8
200104,2,1,1998,0,0,0,0,0,0,0,0,0,0
200105,1,1,1998,0,0,0,0,0,0,0,0,0,0
200105,2,1,1998,0,0,0,0,0,0,0,0,0,0
200106,1,1,1998,17,17,17,17,17,17,17,17,17,17
200107,1,1,1998,0,0,0,0,0,0,0,0,0,0
200108,1,1,1998,0,0,0,0,0,0,0,0,0,0
200109,1,1,1998,4,4,4,4,4,4,4,4,4,4
200111,1,1,1998,0,0,0,0,0,0,0,0,0,0
200112,0,1,1998,0,36,0,0,0,0,0,0,19,21
200112,1,1,1998,7,13,16,17,20,25,22,16,0,0
200113,1,1,1998,0,0,0,0,0,0,0,0,0,0
200113,2,1,1998,0,0,0,0,0,0,0,0,0,0
200114,1,1,1998,0,0,0,0,0,0,0,0,0,0
200115,1,1,1998,24,24,24,24,24,24,24,24,24,24
200116,0,1,1998,0,0,0,0,0,0,0,0,0,0
200116,1,1,1998,0,0,0,0,0,0,0,0,0,0
200117,1,1,1998,14,14,14,14,14,14,14,14,14,14
200118,1,1,1998,0,0,0,0,0,0,0,0,0,0
200119,1,1,1998,0,0,0,0,0,0,0,0,0,0
200119,2,1,1998,9,9,9,9,9,9,9,9,9,9
200120,1,1,1998,31,31,31,31,31,31,31,31,31,31
200121,1,1,1998,0,0,0,0,0,0,0,0,0,0
200121,2,1,1998,0,0,0,15,21,0,17,0,0,0
200122,1,1,1998,0,0,0,0,0,0,0,0,0,0
200123,0,1,1998,0,0,0,0,0,0,0,0,0,0
200123,1,1,1998,0,9,0,0,0,0,0,25,0,0
200124,1,1,1998,0,0,0,0,0,0,0,0,0,0
200125,1,1,1998,20,20,20,20,20,20,20,20,20,20
200126,1,1,1998,0,0,0,0,0,0,0,0,0,0
200126,2,1,1998,0,0,0,0,0,0,0,0,0,0
200126,3,1,1998,0,0,0,0,0,0,0,0,0,0
200127,1,1,1998,0,0,0,0,0,0,0,0,0,0
200128,1,1,1998,0,0,0,0,0,0,0,0,0,0
200130,1,1,1998,18,18,18,18,18,18,18,18,18,18
200131,1,1,1998,3,0,0,0,0,0,6,0,17,0
200132,1,1,1998,16,16,16,16,16,16,16,16,16,16
200132,2,1,1998,0,0,0,0,0,0,0,0,0,0
200133,1,1,1998,0,0,0,0,0,0,0,0,0,0
200133,2,1,1998,24,24,24,24,24,24,24,24,24,24
200134,1,1,1998,0,0,0,0,0,0,0,0,0,0
200134,2,1,1998,0,0,0,0,0,0,0,0,0,0
200135,0,1,1998,0,0,0,4,25,0,0,0,0,0
200135,1,1,1998,0,0,0,0,0,0,0,0,0,0
200136,1,1,1998,0,0,0,0,0,0,0,0,0,0
200136,2,1,1998,0,0,0,0,0,0,0,0,0,0
200137,1,1,1998,0,0,0,0,0,22,0,0,0,0
200138,1,1,1998,0,0,0,0,0,0,0,0,0,0
200138,2,1,1998,2,2,2,2,2,2,2,2,2,2
200138,3,1,1998,0,0,0,0,0,0,0,0,0,0
200139,1,1,1998,7,7,7,7,7,7,7,7,7,7
200140,1,1,1998,0,0,0,0,0,0,0,0,0,0
200140,2,1,1998,0,0,0,0,0,0,0,0,0,0
200141,1,1,1998,7,7,7,7,7,7,7,7,7,7
200142,1,1,1998,11,13,0,0,27,0,8,0,0,0
200143,1,1,1998,1,1,1,1,1,1,1,1,1,1
200144,1,1,1998,21,21,21,21,21,21,21,21,21,21
200145,1,1,1998,0,0,0,0,0,0,0,0,0,0
200146,1,1,1998,0,0,0,0,0,0,0,0,0,0
200147,1,1,1998,0,0,0,0,0,0,0,0,0,0
200147,2,1,1998,0,0,0,0,0,0,0,0,0,0
200148,1,1,1998,0,0,0,0,0,0,0,0,0,0
200148,2,1,1998,0,0,0,0,0,0,0,0,0,0
200149,1,1,1998,0,0,0,0,0,0,0,0,0,0
200149,2,1,1998,0,0,0,0,0,0,0,0,0,0
200150,1,1,1998,0,0,0,0,19,0,0,0,0,0
200151,1,1,1998,19,19,19,19,19,19,19,19,19,19
200151,2,1,1998,0,0,0,0,0,0,0,0,0,0
200152,1,1,1998,0,0,0,0,0,0,0,0,0,0
200152,2,1,1998,0,0,0,0,0,0,0,0,0,0
200153,1,1,1998,0,0,0,0,0,0,0,0,0,0
200153,2,1,1998,0,0,0,0,0,0,0,0,0,0
200154,1,1,1998,0,0,0,0,0,0,0,0,0,0
200155,1,1,1998,9,0,0,0,0,0,0,0,0,0
200155,2,1,1998,0,0,0,0,0,0,0,0,0,0
200156,0,1,1998,0,0,0,0,0,0,0,0,0,0
200156,1,1,1998,0,0,0,0,0,0,0,0,0,0
200157,1,1,1998,0,0,0,0,0,0,0,0,0,0
200157,2,1,1998,0,0,0,0,0,0,0,0,0,0
200158,1,1,1998,0,0,0,0,0,0,0,0,0,0
200158,2,1,1998,0,0,0,0,0,0,0,0,0,0
200159,1,1,1998,0,0,0,0,0,0,0,0,0,0
200159,2,1,1998,0,0,0,0,0,0,0,0,0,0
200159,3,1,1998,0,0,0,0,0,0,0,0,0,0
200160,1,1,1998,0,0,0,0,0,0,0,0,0,0
200160,2,1,1998,0,0,0,0,0,0,0,0,0,0
200160,3,1,1998,0,0,0,0,0,0,0,0,0,13
200161,1,1,1998,0,11,0,0,0,0,10,0,7,0
200161,2,1,1998,0,0,0,0,0,0,0,0,0,0
200162,1,1,1998,0,0,0,0,0,0,0,0,0,0
200162,2,1,1998,0,0,7,4,0,0,0,0,0,0
200163,1,1,1998,0,0,0,0,0,0,0,10,0,0
200164,1,1,1998,0,0,8,0,0,0,0,0,0,0
200164,2,1,1998,0,0,0,0,0,0,0,0,0,0
200165,0,1,1998,31,31,31,31,31,31,31,31,31,31
200165,1,1,1998,0,0,0,0,0,0,0,0,0,0
200166,1,1,1998,20,20,20,20,20,20,20,20,20,20
200166,2,1,1998,0,0,0,0,0,0,0,0,0,0
200167,0,1,1998,0,0,0,0,0,0,0,0,0,0
200167,1,1,1998,0,0,0,0,0,0,0,0,8,0
200168,1,1,1998,0,0,0,0,0,0,0,0,0,0
200169,1,1,1998,0,0,0,0,0,0,0,0,0,0
200170,1,1,1998,0,0,0,0,0,0,0,0,0,0
200171,1,1,1998,16,16,16,16,16,16,16,16,16,16
200172,1,1,1998,0,0,0,0,0,0,0,0,0,0
200172,2,1,1998,0,0,0,0,0,0,0,0,0,0
200173,1,1,1998,21,21,21,21,21,21,21,21,21,21
200174,1,1,1998,0,0,0,0,0,0,0,0,0,0
200174,2,1,1998,0,5,8,0,10,0,12,14,21,9
200175,1,1,1998,0,0,0,0,0,0,0,0,0,0
200176,1,1,1998,0,0,0,0,0,0,0,0,0,0
200176,2,1,1998,0,0,0,0,0,0,0,0,0,0
200177,1,1,1998,0,0,0,0,0,0,0,0,0,0
200177,2,1,1998,20,20,20,20,20,20,20,20,20,20
200178,1,1,1998,15,15,15,15,15,15,15,15,15,15
200179,1,1,1998,13,13,13,13,13,13,13,13,13,13
200180,1,1,1998,0,0,0,0,15,0,0,0,0,0
200181,1,1,1998,0,0,0,0,0,0,0,0,0,0
200181,2,1,1998,0,0,0,0,0,0,0,0,0,0
200182,0,1,1998,14,14,14,14,14,14,14,14,14,14
200182,1,1,1998,0,0,0,0,0,0,0,0,0,0
200183,1,1,1998,0,0,0,0,0,0,0,0,0,0
200184,1,1,1998,2,0,0,21,12,0,0,0,3,0
200185,1,1,1998,5,5,5,5,5,5,5,5,5,5
200186,1,1,1998,27,37,0,31,0,13,19,12,0,10
200187,1,1,1998,0,9,0,0,0,19,0,0,0,0
200188,1,1,1998,15,15,15,15,15,15,15,15,15,15
200188,2,1,1998,13,13,13,13,13,13,13,13,13,13
200189,1,1,1998,0,0,0,0,0,0,0,0,0,0
200190,1,1,1998,0,0,0,0,0,0,0,0,0,0
200191,1,1,1998,0,0,0,0,0,0,0,0,0,0
200192,1,1,1998,19,19,19,19,19,19,19,19,19,19
200192,2,1,1998,0,11,0,0,0,0,0,0,0,0
200192,3,1,1998,14,14,13,26,14,12,23,12,25,14
200193,1,1,1998,0,0,3,0,10,0,0,0,0,0
200193,2,1,1998,0,0,0,0,0,0,0,0,0,0
200195,1,1,1998,0,0,0,0,0,0,0,0,0,0
200195,2,1,1998,0,0,0,0,0,0,0,0,0,0
200195,3,1,1998,0,0,0,0,0,0,0,0,0,0
200196,1,1,1998,0,0,0,0,0,0,0,0,0,0
200196,2,1,1998,0,0,0,0,0,0,0,0,0,0
200197,1,1,1998,0,0,0,0,0,0,0,0,0,0
200197,2,1,1998,0,0,0,0,0,0,0,0,0,0
200198,1,1,1998,0,0,0,0,0,0,0,0,0,0
200198,2,1,1998,0,0,0,0,0,0,0,0,0,0
200199,1,1,1998,0,0,0,0,0,0,0,0,0,0
200199,2,1,1998,0,0,0,0,0,0,0,0,0,0
200199,3,1,1998,0,0,0,0,0,0,0,0,0,0
200200,1,1,1998,0,0,0,0,0,0,0,0,0,0
200200,2,1,1998,0,0,0,0,0,0,0,0,0,0
200201,1,1,1998,0,0,0,0,0,0,0,0,0,0
200201,2,1,1998,0,0,0,0,0,0,0,0,0,0
200202,1,1,1998,0,0,0,0,0,0,0,3,0,0
200203,1,1,1998,0,0,0,0,0,0,0,0,0,0
200203,2,1,1998,0,0,0,0,0,0,0,0,0,0
200204,1,1,1998,0,0,0,0,0,0,0,0,0,0
200205,1,1,1998,0,0,0,0,0,0,0,0,0,0
200205,2,1,1998,0,0,0,0,0,0,0,0,0,0
200206,1,1,1998,0,0,0,0,0,0,0,0,0,0
200207,1,1,1998,18,18,18,18,18,18,18,18,18,18
200208,1,1,1998,0,0,0,0,0,0,0,0,0,0
200209,1,1,1998,0,0,0,0,0,0,0,0,0,0
200209,2,1,1998,0,0,0,0,0,0,0,0,0,0
200210,1,1,1998,0,0,0,0,27,0,0,0,0,0
200212,1,1,1998,14,14,14,14,14,14,14,14,14,14
200212,2,1,1998,0,0,0,0,0,0,0,0,0,0
200213,1,1,1998,0,0,0,0,0,0,0,0,0,0
200214,1,1,1998,0,0,0,0,0,0,0,19,0,0
200215,1,1,1998,0,0,0,8,0,0,0,0,0,0
200215,2,1,1998,0,0,0,0,0,0,0,0,0,0
200215,3,1,1998,0,0,0,0,0,0,0,0,0,0
200216,1,1,1998,1,1,1,1,1,1,1,1,1,1
200217,0,1,1998,4,0,0,0,0,0,0,0,0,0
200217,1,1,1998,0,0,0,0,0,0,0,0,0,0
200218,1,1,1998,0,0,0,0,0,0,0,0,0,0
200219,1,1,1998,0,0,0,0,0,0,0,0,0,0
200219,2,1,1998,0,0,0,0,0,0,0,0,0,0
200220,0,1,1998,36,36,36,36,36,36,36,36,36,36
200220,1,1,1998,6,15,7,13,0,7,18,21,12,0
200221,1,1,1998,0,0,0,0,0,0,0,0,0,0
200222,1,1,1998,0,0,0,0,0,0,0,0,0,0
200223,1,1,1998,0,0,0,0,0,0,0,0,0,0
200224,1,1,1998,0,0,0,0,0,0,0,0,0,0
200224,2,1,1998,0,0,0,0,0,0,0,0,0,0
200225,1,1,1998,0,0,0,0,0,0,0,0,0,0
200226,1,1,1998,0,0,0,0,0,0,0,0,0,0
200227,1,1,1998,0,0,0,0,0,0,0,0,0,0
200227,2,1,1998,0,0,0,0,6,0,0,0,0,0
200228,1,1,1998,0,0,0,0,0,0,0,0,0,0
200228,2,1,1998,0,0,0,0,0,0,0,0,0,0
200228,3,1,1998,0,0,0,0,0,0,0,0,0,0
200229,1,1,1998,0,0,0,0,0,0,0,0,0,0
200229,2,1,1998,0,0,0,0,0,0,0,0,0,0
200230,1,1,1998,0,0,0,0,0,0,0,0,0,0
200230,2,1,1998,0,0,0,0,0,0,0,0,0,0
200230,3,1,1998,0,0,0,0,0,0,0,0,0,0
200230,4,1,1998,0,0,0,0,0,0,0,0,0,0
200230,5,1,1998,0,0,0,0,0,0,0,0,0,0
200231,1,1,1998,6,6,6,6,6,6,6,6,6,6
200232,0,1,1998,0,0,0,0,0,0,0,0,0,0
200232,1,1,1998,0,0,0,0,0,0,0,0,0,0
200233,0,1,1998,24,0,0,16,0,0,0,0,0,0
200233,1,1,1998,23,0,0,0,0,8,0,0,1,0
200234,1,1,1998,18,18,18,18,18,18,18,18,18,18
200235,0,1,1998,0,0,0,0,0,0,0,0,0,0
200235,1,1,1998,31,0,0,21,0,14,44,15,16,10
200236,1,1,1998,0,0,0,5,0,0,0,0,0,0
200237,1,1,1998,4,2,0,5,0,0,0,0,5,0
200237,2,1,1998,7,0,0,0,0,0,10,0,0,0
200237,3,1,1998,0,0,0,0,0,0,0,0,0,0
200238,1,1,1998,0,0,0,0,0,0,0,0,0,0
200238,2,1,1998,0,0,0,0,0,0,0,0,0,0
200239,1,1,1998,20,20,20,20,20,20,20,20,20,20
200240,1,1,1998,0,0,0,0,0,0,0,0,0,0
200240,2,1,1998,0,0,0,0,0,0,0,0,0,0
200241,1,1,1998,0,0,0,0,0,0,0,0,0,0
200241,2,1,1998,0,0,0,0,0,0,0,0,0,0
200243,1,1,1998,3,3,3,3,3,3,3,3,3,3
200244,1,1,1998,0,0,0,0,0,0,0,0,0,0
200245,1,1,1998,8,8,8,8,8,8,8,8,8,8
200246,1,1,1998,0,0,0,0,0,0,0,0,0,0
200246,2,1,1998,0,0,0,0,0,0,0,0,0,0
200247,0,1,1998,0,6,0,0,0,0,0,0,0,0
200247,1,1,1998,0,0,0,0,0,0,0,0,0,0
200249,1,1,1998,0,0,0,0,0,0,0,0,0,0
200249,2,1,1998,0,0,0,0,0,0,0,0,0,0
200250,1,1,1998,0,0,0,0,0,0,0,0,0,0
200251,1,1,1998,0,0,0,0,0,0,0,0,0,0
200251,2,1,1998,0,0,0,0,0,0,0,0,0,0
200252,1,1,1998,0,0,0,0,0,0,0,0,0,0
200252,2,1,1998,0,0,0,0,0,0,0,0,0,0
200252,3,1,1998,0,0,0,0,0,0,0,0,0,0
200253,1,1,1998,0,0,0,0,0,0,10,0,0,0
200254,1,1,1998,0,0,0,0,0,0,0,0,0,0
200255,1,1,1998,0,0,0,0,0,0,0,0,0,0
200256,1,1,1998,29,29,29,29,29,29,29,29,29,29
200257,1,1,1998,35,13,31,29,17,0,25,24,17,26
200258,1,1,1998,15,19,0,0,17,0,0,0,0,12
200259,1,1,1998,18,18,18,18,18,18,18,18,18,18
200260,1,1,1998,0,0,0,0,0,0,0,0,0,0
200261,1,1,1998,0,0,0,0,0,36,18,0,0,10
200262,1,1,1998,17,17,17,17,17,17,17,17,17,17
200263,1,1,1998,0,0,0,0,0,0,0,0,0,0
200263,2,1,1998,0,0,0,0,0,0,0,0,0,0
200264,0,1,1998,17,17,17,17,17,17,17,17,17,17
200264,1,1,1998,0,0,0,0,19,0,0,0,0,0
200265,1,1,1998,10,10,10,10,10,10,10,10,10,10
200265,2,1,1998,10,10,10,10,10,10,10,10,10,10
200266,1,1,1998,0,0,3,0,0,0,0,13,0,0
200266,2,1,1998,18,18,18,18,18,18,18,18,18,18
200267,1,1,1998,0,0,0,0,0,0,0,0,0,0
200267,2,1,1998,0,0,0,0,0,0,0,0,11,0
200268,1,1,1998,20,20,20,20,20,20,20,20,20,20
200269,1,1,1998,2,0,0,0,0,0,0,0,0,0
200270,0,1,1998,0,0,0,0,0,0,0,0,0,0
200270,1,1,1998,0,0,0,0,0,0,0,0,0,0
200272,1,1,1998,0,0,0,0,0,0,0,0,0,0
200272,2,1,1998,0,0,0,0,0,0,0,0,0,0
200273,0,1,1998,25,25,25,25,25,25,25,25,25,25
200273,1,1,1998,0,0,0,0,0,0,0,0,0,0
200274,1,1,1998,17,17,17,17,17,17,17,17,17,17
200275,1,1,1998,0,0,3,15,0,0,18,19,0,0
200275,2,1,1998,12,0,0,0,20,0,6,0,0,0
200276,1,1,1998,6,6,6,6,6,6,6,6,6,6
200277,1,1,1998,0,0,0,0,0,0,0,0,0,0
200277,2,1,1998,0,0,0,0,0,0,0,0,0,0
200278,1,1,1998,21,21,21,21,21,21,21,21,21,21
200278,2,1,1998,0,0,0,0,0,0,0,0,0,0
200279,1,1,1998,0,0,0,0,0,0,43,0,0,0
200279,2,1,1998,0,12,0,7,0,9,13,14,30,0
200280,1,1,1998,11,0,19,0,0,11,0,0,4,11
200280,2,1,1998,0,0,0,0,0,0,0,0,0,0
200281,1,1,1998,0,0,0,0,0,0,0,0,0,0
200281,2,1,1998,0,0,0,0,0,0,0,0,0,0
200282,1,1,1998,0,0,0,0,0,0,0,0,0,0
200282,2,1,1998,0,0,0,0,0,0,0,0,0,0
200283,1,1,1998,0,0,0,0,0,0,0,0,0,0
200283,2,1,1998,0,0,0,0,0,0,0,0,0,0
200284,1,1,1998,0,0,0,0,0,0,0,17,11,0
200285,1,1,1998,37,37,37,37,37,37,37,37,37,37
200286,1,1,1998,0,0,0,0,0,0,0,0,0,0
200286,2,1,1998,0,0,0,0,0,0,0,0,0,0
200287,1,1,1998,0,0,0,0,0,0,0,0,0,0
200288,1,1,1998,10,10,10,10,10,10,10,10,10,10
200289,1,1,1998,40,40,40,40,40,40,40,40,40,40
200290,1,1,1998,0,0,0,0,0,0,0,0,0,0
200290,2,1,1998,0,0,0,0,0,0,0,0,0,0
200291,1,1,1998,17,17,17,17,17,17,17,17,17,17
200292,1,1,1998,0,0,0,0,0,0,0,0,0,0
200293,1,1,1998,8,8,8,8,8,8,8,8,8,8
200293,2,1,1998,20,20,20,20,20,20,20,20,20,20
200294,1,1,1998,0,0,0,0,0,0,0,0,0,0
200295,1,1,1998,0,0,0,0,0,0,0,0,0,38
200296,1,1,1998,0,0,0,0,0,0,0,0,0,0
200297,1,1,1998,19,27,16,13,21,37,24,31,17,27
200298,1,1,1998,0,0,0,0,0,0,0,0,0,0
200299,1,1,1998,0,0,0,0,0,0,27,0,19,0
200300,0,1,1998,0,3,19,27,17,20,33,0,14,19
200300,1,1,1998,0,0,0,0,0,0,0,0,0,0
200301,1,1,1998,20,6,11,18,12,16,18,20,25,16
200302,1,1,1998,0,0,0,0,0,0,0,0,0,0
200303,1,1,1998,9,9,9,9,9,9,9,9,9,9
200304,1,1,1998,0,0,0,0,0,0,0,0,0,0
200304,2,1,1998,0,0,0,0,0,0,0,0,0,0
200305,1,1,1998,0,0,0,0,0,0,0,0,0,0
200305,2,1,1998,0,0,0,0,0,0,0,0,0,0
200306,1,1,1998,0,0,0,0,0,0,0,0,0,0
200306,2,1,1998,0,0,0,0,0,0,0,0,0,0
200307,1,1,1998,21,21,21,21,21,21,21,21,21,21
200308,0,1,1998,0,0,0,0,0,0,0,0,0,0
200308,0,2,1998,25,27,23,6,30,19,12,19,19,18
200308,1,1,1998,17,17,17,17,17,17,17,17,17,17
200309,1,1,1998,0,0,0,0,0,0,0,0,0,0
200309,2,1,1998,0,0,0,0,0,0,0,0,0,0
200309,3,1,1998,0,0,9,0,0,0,0,0,0,0
200309,4,1,1998,0,0,0,0,0,1,0,0,0,0
200310,1,1,1998,19,0,0,0,12,26,26,0,0,0
200310,2,1,1998,0,0,0,0,0,0,0,0,0,0
200311,1,1,1998,0,0,0,0,0,0,0,0,0,0
200312,1,1,1998,15,15,15,15,15,15,15,15,15,15
200313,1,1,1998,0,0,0,0,0,0,0,0,0,0
200313,2,1,1998,0,0,0,0,0,0,0,0,0,0
200314,1,1,1998,0,0,0,0,0,0,0,0,0,0