ST_CASE,VEH_NO,PER_NO,YEAR,P1,P2,P3,P4,P5,P6,P7,P8,P9,P10
200316,1,1,1998,17,0,29,0,7,29,10,10,0,0
200317,1,1,1998,17,9,13,18,30,16,17,15,14,15
200318,1,1,1998,0,0,0,0,0,0,0,0,0,0
200318,2,1,1998,16,14,0,18,23,17,11,19,22,3
200319,1,1,1998,30,0,10,25,0,0,0,19,16,0
200320,1,1,1998,0,0,0,0,0,0,0,0,0,0
200320,2,1,1998,0,0,0,0,0,0,0,0,0,0
200321,1,1,1998,0,0,0,0,0,0,0,0,0,0
200321,2,1,1998,0,0,0,0,0,0,0,0,0,0
200322,1,1,1998,0,0,0,0,0,0,0,0,0,0
200322,2,1,1998,0,0,0,0,26,0,0,0,0,0
200323,1,1,1998,12,12,12,12,12,12,12,12,12,12
200324,1,1,1998,2,2,2,2,2,2,2,2,2,2
200324,2,1,1998,0,0,0,0,0,0,0,0,0,0
200325,1,1,1998,0,0,0,0,0,0,0,0,0,0
200325,2,1,1998,0,0,0,0,0,0,0,0,0,0
200326,1,1,1998,0,0,0,0,0,0,12,0,0,0
200327,0,1,1998,22,22,22,22,22,22,22,22,22,22
200327,1,1,1998,0,0,0,0,0,0,0,0,0,0
200328,1,1,1998,19,19,19,19,19,19,19,19,19,19
200329,1,1,1998,0,0,0,0,0,0,0,0,0,0
200329,2,1,1998,0,0,0,0,0,0,0,0,0,0
200330,1,1,1998,0,0,0,0,0,0,0,0,0,0
200330,2,1,1998,0,0,0,0,0,0,0,0,0,0
200331,1,1,1998,0,0,0,0,0,0,0,0,0,0
200331,2,1,1998,0,0,0,0,0,0,0,0,0,0
200331,3,1,1998,0,0,0,0,0,0,0,0,0,0
200332,1,1,1998,0,0,0,0,0,0,0,0,0,0
200332,2,1,1998,0,0,0,0,0,0,0,0,0,0
200332,3,1,1998,0,0,0,0,0,0,0,0,0,0
200333,1,1,1998,0,0,0,0,0,0,0,0,0,0
200334,1,1,1998,0,0,0,0,0,0,0,0,0,0
200334,2,1,1998,0,0,0,0,0,0,0,9,0,0
200335,1,1,1998,41,41,41,41,41,41,41,41,41,41
200336,1,1,1998,10,10,10,10,10,10,10,10,10,10
200337,1,1,1998,0,0,0,0,0,0,0,0,0,0
200338,1,1,1998,0,0,0,0,0,0,0,0,0,0
200339,1,1,1998,0,0,0,0,0,0,0,0,0,0
200340,1,1,1998,0,9,17,4,0,0,22,0,13,0
200341,1,1,1998,7,7,7,7,7,7,7,7,7,7
200342,1,1,1998,0,0,0,0,0,0,0,0,0,0
200342,2,1,1998,0,0,0,0,0,0,0,11,0,0
200343,0,1,1998,24,24,24,24,24,24,24,24,24,24
200343,1,1,1998,24,24,24,24,24,24,24,24,24,24
200344,1,1,1998,0,0,0,0,0,0,0,0,0,0
200345,1,1,1998,0,0,0,0,0,0,0,0,0,0
200346,1,1,1998,0,0,0,0,0,0,0,0,0,0
200347,1,1,1998,0,0,0,0,0,0,0,0,0,0
200348,1,1,1998,0,0,0,0,0,0,0,0,0,0
200349,1,1,1998,0,0,0,0,0,0,0,0,0,0
200349,2,1,1998,8,0,0,0,0,0,24,0,0,0
200350,1,1,1998,10,5,21,19,0,30,18,8,13,18
200351,0,1,1998,0,14,0,0,0,0,6,0,0,0
200351,1,1,1998,0,0,0,0,0,0,0,0,0,0
200352,1,1,1998,0,0,0,0,0,0,0,0,0,0
200353,1,1,1998,0,0,0,0,0,0,0,0,0,0
200354,1,1,1998,7,7,7,7,7,7,7,7,7,7
200354,2,1,1998,0,0,0,0,0,0,0,0,0,0
200355,1,1,1998,0,0,0,0,0,0,0,0,0,0
200355,2,1,1998,0,0,0,0,0,0,0,0,0,0
200356,1,1,1998,0,0,0,0,0,0,0,0,0,0
200357,1,1,1998,0,0,0,0,0,0,0,0,0,0
200357,2,1,1998,0,0,0,0,0,0,0,0,0,0
200358,0,1,1998,0,0,0,0,0,0,0,0,0,0
200358,1,1,1998,0,0,0,0,0,0,0,0,0,0
200359,1,1,1998,0,0,0,0,0,7,0,0,0,0
200359,2,1,1998,0,28,0,0,0,0,0,0,0,0
200360,1,1,1998,0,0,0,0,0,0,0,0,0,0
200360,2,1,1998,0,0,0,0,0,0,0,0,0,0
200361,0,1,1998,0,0,0,0,0,0,0,0,0,0
200361,1,1,1998,0,0,0,0,0,0,0,0,0,0
200362,1,1,1998,4,4,4,4,4,4,4,4,4,4
200363,1,1,1998,0,0,0,0,0,0,0,0,5,0
200363,2,1,1998,0,0,0,0,0,0,0,0,0,0
200364,1,1,1998,15,15,15,15,15,15,15,15,15,15
200364,2,1,1998,15,15,15,15,15,15,15,15,15,15
200365,1,1,1998,0,0,0,0,0,0,0,0,0,0
200365,2,1,1998,0,0,0,0,0,0,0,0,0,8
200366,1,1,1998,0,0,0,0,0,0,0,0,0,0
200366,2,1,1998,3,0,0,0,0,0,0,0,0,0
200367,0,1,1998,0,12,16,0,0,31,0,0,0,0
200367,1,1,1998,0,0,0,0,29,0,0,0,25,0
200368,1,1,1998,0,0,0,0,0,0,0,0,0,0
200369,1,1,1998,19,19,19,19,19,19,19,19,19,19
200370,1,1,1998,2,2,2,2,2,2,2,2,2,2
200370,2,1,1998,0,0,0,0,0,0,0,0,0,0
200371,1,1,1998,0,0,0,0,0,0,0,0,0,0
200371,2,1,1998,0,0,0,0,0,0,0,0,0,0
200372,1,1,1998,1,1,1,1,1,1,1,1,1,1
200372,2,1,1998,0,0,0,0,0,0,0,0,0,0
200373,1,1,1998,18,18,18,18,18,18,18,18,18,18
200374,1,1,1998,0,12,0,0,0,0,27,0,0,0
200374,2,1,1998,0,0,0,0,0,0,0,0,0,0
200375,1,1,1998,17,17,17,17,17,17,17,17,17,17
200376,1,1,1998,0,0,0,0,0,0,0,0,0,0
200376,2,1,1998,3,0,0,0,11,0,0,0,30,0
200377,0,1,1998,0,0,0,0,0,0,0,0,0,0
200377,1,1,1998,0,0,0,0,0,0,0,0,0,0
200378,1,1,1998,0,0,0,0,0,0,0,0,0,0
200378,2,1,1998,0,0,0,0,0,0,0,0,0,0
200379,1,1,1998,26,26,26,26,26,26,26,26,26,26
200380,1,1,1998,0,0,0,0,0,0,0,0,0,0
200380,2,1,1998,0,0,0,0,0,0,0,0,0,0
200381,0,1,1998,0,0,0,0,0,0,0,0,0,0
200381,0,2,1998,0,0,0,0,0,0,0,12,0,0
200381,1,1,1998,0,0,0,0,0,0,0,0,0,0
200381,2,1,1998,0,0,0,0,0,0,0,0,0,0
200382,1,1,1998,23,0,16,20,20,0,0,10,0,15
200383,1,1,1998,0,0,0,0,0,0,0,0,0,0
200383,2,1,1998,0,0,0,0,0,0,0,0,0,0
200384,1,1,1998,0,12,6,0,0,0,0,0,0,0
200385,1,1,1998,24,24,24,24,24,24,24,24,24,24
200386,1,1,1998,12,24,22,13,21,16,11,0,10,11
200387,1,1,1998,12,26,19,0,8,22,17,0,9,9
200388,0,1,1998,0,0,0,0,0,0,0,0,0,0
200388,1,1,1998,0,0,0,0,0,0,0,0,0,0
200389,1,1,1998,30,30,30,30,30,30,30,30,30,30
200390,1,1,1998,13,13,13,13,13,13,13,13,13,13
200391,1,1,1998,0,0,0,0,0,0,0,0,0,0
200391,2,1,1998,0,0,0,0,0,0,0,0,0,0
200392,1,1,1998,0,0,0,0,0,0,0,0,0,0
200392,2,1,1998,0,0,0,0,0,0,0,0,0,0
200393,1,1,1998,0,0,0,0,0,0,0,0,0,0
200393,2,1,1998,0,0,0,0,0,0,0,0,0,0
200393,3,1,1998,0,0,0,0,0,0,0,0,0,0
200394,1,1,1998,0,13,16,20,22,26,0,24,27,17
200395,1,1,1998,22,22,22,22,22,22,22,22,22,22
200395,2,1,1998,0,0,0,0,0,0,0,0,0,0
200396,1,1,1998,0,0,0,0,0,0,0,0,0,0
200396,2,1,1998,0,0,0,0,0,0,0,0,0,0
200397,1,1,1998,4,4,4,4,4,4,4,4,4,4
200397,2,1,1998,0,0,0,0,0,0,0,0,0,0
200398,1,1,1998,0,30,21,20,0,7,11,0,17,0
200398,2,1,1998,0,0,0,0,0,0,0,0,0,0
200399,1,1,1998,0,0,0,0,0,0,0,0,0,0
200399,2,1,1998,0,0,0,0,0,0,0,0,0,0
200401,1,1,1998,0,0,0,0,0,0,0,0,0,0
200401,2,1,1998,0,0,0,0,0,0,0,0,0,0
200402,1,1,1998,0,0,0,0,0,0,0,0,0,0
200402,2,1,1998,0,0,0,0,0,0,0,0,0,0
200403,1,1,1998,0,0,0,0,0,0,0,0,0,0
200405,1,1,1998,69,69,69,69,69,69,69,69,69,69
200406,1,1,1998,10,10,10,10,10,10,10,10,10,10
200407,0,1,1998,0,0,0,0,0,0,0,0,0,0
200407,1,1,1998,0,0,0,0,0,0,0,0,0,0
200408,0,1,1998,0,0,0,0,0,0,0,0,0,0
200408,0,2,1998,0,0,0,0,0,0,0,0,0,0
200408,1,1,1998,0,0,0,0,0,0,0,0,0,0
200408,2,1,1998,0,0,0,0,0,0,0,0,0,0
200409,1,1,1998,0,0,0,0,0,0,0,0,0,0
200410,1,1,1998,0,0,0,0,0,0,0,0,0,0
200410,2,1,1998,0,0,0,0,0,0,0,0,0,0
200411,1,1,1998,17,17,17,17,17,17,17,17,17,17
200412,1,1,1998,0,0,0,0,0,0,0,0,0,0
200412,2,1,1998,0,0,0,0,0,0,0,0,0,0
200413,1,1,1998,23,9,8,23,9,18,15,21,11,20
200414,1,1,1998,0,0,0,0,0,0,0,0,0,0
200414,2,1,1998,0,0,0,0,0,0,0,0,0,0
200415,1,1,1998,0,0,0,0,0,0,0,0,0,0
200415,2,1,1998,6,0,0,0,0,0,0,0,0,0
200416,1,1,1998,0,0,0,0,0,0,0,0,0,0
200416,2,1,1998,0,0,0,0,0,0,0,0,0,0
200417,1,1,1998,0,0,0,0,0,0,0,0,0,0
200418,1,1,1998,18,0,0,0,0,0,0,0,0,0
200418,2,1,1998,0,0,0,0,0,0,0,0,0,0
200419,0,1,1998,8,22,25,24,9,0,22,26,15,18
200419,1,1,1998,0,8,0,0,0,0,0,3,0,0
200420,1,1,1998,7,25,22,30,0,25,25,25,24,29
200421,1,1,1998,35,35,35,35,35,35,35,35,35,35
200422,1,1,1998,0,0,0,0,0,0,0,0,0,0
200423,1,1,1998,15,30,22,9,13,34,7,0,37,11
200424,1,1,1998,0,0,0,0,0,0,0,0,0,0
200425,1,1,1998,0,0,0,0,0,0,0,0,0,0
200425,2,1,1998,0,0,0,0,0,0,0,0,0,0
200426,1,1,1998,11,11,11,11,11,11,11,11,11,11
200426,2,1,1998,0,0,0,0,0,0,0,0,0,0
200427,1,1,1998,0,0,0,0,0,0,0,0,0,0
200427,2,1,1998,0,0,0,0,0,0,0,0,0,0
200428,1,1,1998,0,0,0,0,0,0,0,0,0,0
200429,1,1,1998,0,0,0,0,0,0,0,0,0,0
200429,2,1,1998,5,0,0,0,0,0,0,0,0,0
200430,1,1,1998,9,9,9,9,9,9,9,9,9,9
200431,1,1,1998,0,0,0,0,0,4,0,0,0,0
200431,2,1,1998,11,11,11,11,11,11,11,11,11,11
200432,1,1,1998,0,0,0,0,0,0,0,0,0,0
200432,2,1,1998,0,0,0,0,0,0,0,0,0,0
200433,1,1,1998,0,0,0,0,0,0,0,0,0,0
200434,1,1,1998,0,0,0,0,0,0,0,0,0,0
200435,1,1,1998,0,0,0,0,11,0,0,0,0,0
200436,1,1,1998,0,0,0,0,0,0,0,0,0,24
200436,2,1,1998,0,0,0,0,0,0,0,0,0,0
200437,1,1,1998,0,0,0,0,0,0,0,0,0,0
200437,2,1,1998,0,0,0,0,0,0,0,0,0,0
200438,1,1,1998,0,0,0,0,0,0,0,0,0,0
200438,2,1,1998,0,0,0,0,0,0,0,0,0,0
200439,1,1,1998,26,26,26,26,26,26,26,26,26,26
200440,1,1,1998,0,0,0,17,0,0,0,0,0,0
200441,1,1,1998,0,0,0,0,0,0,0,0,0,0
200442,1,1,1998,0,0,0,0,0,0,0,0,0,0
200443,1,1,1998,0,0,6,0,0,0,0,0,0,0
200444,1,1,1998,0,0,0,0,0,0,0,0,0,0
200444,2,1,1998,0,0,0,0,0,0,0,0,0,0
200445,1,1,1998,25,25,25,25,25,25,25,25,25,25
200446,1,1,1998,0,0,0,0,0,0,0,0,0,0
200446,2,1,1998,0,0,0,0,0,15,10,0,0,0
200447,1,1,1998,0,0,18,0,26,0,28,0,26,0
200448,0,1,1998,17,17,17,17,17,17,17,17,17,17
200449,1,1,1998,0,0,0,0,0,0,12,0,0,0
200449,2,1,1998,0,0,0,0,0,0,0,0,0,0
200449,3,1,1998,0,0,0,0,0,0,0,0,0,0
200450,1,1,1998,0,0,0,0,0,0,0,0,0,0
200450,2,1,1998,0,0,0,0,0,0,0,0,0,0
200451,1,1,1998,5,0,0,0,0,0,0,0,0,0
200451,2,1,1998,0,0,5,0,0,0,0,0,0,0
200452,1,1,1998,0,0,0,0,0,0,0,0,0,0
200453,1,1,1998,0,0,0,0,0,0,0,0,0,0
200453,2,1,1998,0,0,12,0,0,0,0,0,0,0
200454,1,1,1998,23,23,23,23,23,23,23,23,23,23
200455,1,1,1998,0,0,0,0,0,0,0,0,0,0
200455,2,1,1998,0,0,0,0,0,0,0,0,0,0
200455,3,1,1998,11,9,13,23,10,3,9,17,26,20
210001,1,1,1998,24,24,24,24,24,24,24,24,24,24
210002,1,1,1998,0,0,0,0,0,0,0,0,0,0
210002,2,1,1998,0,0,0,0,0,0,0,0,0,0
210003,1,1,1998,21,21,21,21,21,21,21,21,21,21
210004,1,1,1998,0,0,0,0,0,0,0,0,0,0
210004,2,1,1998,0,0,0,0,0,0,0,0,0,0
210005,1,1,1998,25,25,25,25,25,25,25,25,25,25
210005,2,1,1998,0,0,0,0,0,0,0,0,0,0
210006,1,1,1998,3,0,0,0,0,0,0,0,0,0
210006,2,1,1998,0,0,0,0,0,0,0,0,0,0
210007,1,1,1998,0,0,0,0,0,0,0,0,0,0
210007,2,1,1998,0,0,0,0,0,0,0,0,0,0
210008,1,1,1998,0,0,0,0,0,0,0,0,0,0
210008,2,1,1998,0,0,0,0,0,0,0,0,0,0
210009,1,1,1998,0,0,0,0,0,0,0,0,0,0
210010,0,1,1998,0,0,0,0,0,0,0,0,0,0
210010,1,1,1998,0,0,0,0,0,0,0,0,0,0
210011,1,1,1998,0,0,0,0,0,0,0,0,0,0
210011,2,1,1998,0,0,0,0,0,0,0,0,0,0
210012,1,1,1998,0,0,0,0,0,0,0,0,0,0
210012,2,1,1998,0,0,0,0,0,0,0,0,0,0
210012,3,1,1998,0,0,0,0,0,0,0,0,0,0
210013,1,1,1998,7,0,0,0,0,0,0,0,0,0
210013,2,1,1998,0,0,0,0,0,0,0,0,0,0
210014,1,1,1998,27,27,27,27,27,27,27,27,27,27
210014,2,1,1998,0,0,0,0,0,0,0,0,0,0
210015,1,1,1998,17,17,17,17,17,17,17,17,17,17
210016,1,1,1998,0,0,8,0,8,0,0,0,0,0
210017,1,1,1998,19,19,19,19,19,19,19,19,19,19
210018,1,1,1998,0,0,0,0,0,0,0,0,0,0
210019,1,1,1998,0,0,0,0,0,0,0,0,0,0
210020,1,1,1998,0,0,0,0,0,0,0,0,0,0
210020,2,1,1998,0,0,0,0,0,0,0,0,0,3
210020,3,1,1998,0,0,0,0,0,0,0,0,0,0
210021,0,1,1998,0,0,0,0,0,0,0,0,0,0
210021,1,1,1998,0,0,0,0,0,0,0,0,0,0
210022,0,1,1998,16,16,16,16,16,16,16,16,16,16
210022,1,1,1998,0,0,0,0,0,0,0,0,0,0
210022,2,1,1998,0,0,0,0,0,0,0,0,0,0
210023,1,1,1998,0,0,0,0,0,0,0,0,0,0
210024,1,1,1998,0,0,0,0,0,0,0,0,0,0
210024,2,1,1998,0,0,0,0,0,0,0,0,0,0
210024,3,1,1998,0,0,0,0,0,0,0,0,0,0
210025,1,1,1998,0,0,0,0,0,0,0,0,0,0
210025,2,1,1998,0,0,0,0,0,0,0,0,0,0
210026,1,1,1998,0,0,0,0,0,0,0,0,0,0
210026,2,1,1998,0,0,0,0,0,0,0,0,0,0
210027,1,1,1998,0,0,0,20,37,0,0,0,0,26
210028,1,1,1998,23,23,23,23,23,23,23,23,23,23
210029,1,1,1998,0,0,0,0,0,0,0,0,0,0
210029,2,1,1998,0,0,0,0,0,0,0,0,0,0
210030,1,1,1998,0,0,0,0,0,0,0,0,0,0
210031,1,1,1998,15,15,15,15,15,15,15,15,15,15
210032,1,1,1998,0,0,0,0,0,0,0,0,0,0
210032,2,1,1998,0,0,0,0,0,0,0,0,0,0
210033,1,1,1998,0,0,0,0,0,0,12,0,0,0
210034,1,1,1998,0,0,0,0,0,0,0,0,0,0
210034,2,1,1998,0,0,0,0,0,0,0,0,0,0
210035,1,1,1998,21,21,21,21,21,21,21,21,21,21
210036,1,1,1998,30,30,30,30,30,30,30,30,30,30
210036,2,1,1998,0,0,0,0,0,0,0,0,0,0
210037,1,1,1998,29,29,29,29,29,29,29,29,29,29
210038,1,1,1998,0,0,0,0,0,0,0,0,0,0
210038,2,1,1998,0,0,0,0,0,0,0,0,0,0
210039,1,1,1998,0,0,0,0,0,0,0,0,0,0
210040,1,1,1998,12,12,12,12,12,12,12,12,12,12
210040,2,1,1998,0,0,0,0,0,0,0,0,0,0
210041,1,1,1998,0,0,0,0,0,0,0,0,0,0
210041,2,1,1998,0,0,0,0,0,0,0,0,0,0
210042,1,1,1998,54,54,54,54,54,54,54,54,54,54
210042,2,1,1998,0,0,0,0,0,0,0,0,0,0
210043,1,1,1998,0,0,0,0,0,0,0,0,0,0
210043,2,1,1998,0,0,0,0,0,0,0,0,0,0
210044,1,1,1998,0,0,0,0,0,0,0,0,0,0
210045,1,1,1998,17,17,17,17,17,17,17,17,17,17
210046,1,1,1998,0,0,0,0,0,0,0,0,0,0
210046,2,1,1998,0,0,0,0,0,0,0,0,0,0
210047,1,1,1998,20,18,15,17,8,22,7,13,29,10
210048,1,1,1998,22,8,22,14,0,0,10,19,17,19
210049,1,1,1998,0,0,0,0,0,0,0,0,0,0
210049,2,1,1998,0,0,0,0,0,0,0,0,0,0
210050,1,1,1998,5,0,0,0,0,0,0,0,0,0
210050,2,1,1998,0,0,0,0,0,0,0,0,0,0
210051,0,1,1998,12,0,0,0,0,0,0,0,0,0
210051,1,1,1998,8,8,8,8,8,8,8,8,8,8
210052,1,1,1998,16,16,16,16,16,16,16,16,16,16
210053,1,1,1998,0,0,0,0,0,0,0,0,0,0
210053,2,1,1998,0,0,0,0,0,0,0,0,0,0
210054,1,1,1998,29,29,29,29,29,29,29,29,29,29
210055,1,1,1998,0,0,0,0,0,0,14,0,0,0
210055,2,1,1998,0,0,0,0,0,0,0,0,0,0
210056,0,1,1998,0,0,0,0,0,0,0,0,0,0
210056,1,1,1998,18,18,18,18,18,18,18,18,18,18
210057,1,1,1998,0,0,0,0,0,0,0,0,0,0
210057,2,1,1998,0,0,6,0,0,0,0,0,0,0
210058,1,1,1998,12,11,17,13,12,15,11,15,17,15
210059,1,1,1998,0,0,0,0,0,0,0,0,0,0
210059,2,1,1998,0,0,0,0,0,0,0,0,0,0
210060,1,1,1998,27,27,27,27,27,27,27,27,27,27
210061,1,1,1998,0,0,0,0,0,0,0,0,0,0
210061,2,1,1998,0,0,0,0,0,0,0,0,0,0
210062,0,1,1998,21,21,21,21,21,21,21,21,21,21
210062,1,1,1998,0,0,0,0,0,0,0,0,0,0
210063,1,1,1998,0,0,0,0,0,0,0,0,0,0
210063,2,1,1998,0,0,0,0,0,0,0,0,0,0
210064,1,1,1998,0,0,0,0,0,0,0,0,0,0
210064,2,1,1998,0,0,0,0,0,0,0,0,0,0
210065,1,1,1998,0,0,0,12,0,3,0,0,0,0
210066,0,1,1998,17,17,17,17,17,17,17,17,17,17
210066,1,1,1998,0,18,0,0,0,13,0,18,0,12
210067,1,1,1998,12,12,12,12,12,12,12,12,12,12
210068,1,1,1998,0,0,0,0,0,0,0,0,0,0
210069,1,1,1998,0,0,0,0,0,0,0,0,0,0
210069,2,1,1998,0,0,0,0,0,0,0,0,0,0
210070,0,1,1998,0,0,0,0,0,0,0,0,0,0
210070,1,1,1998,0,0,0,0,0,0,0,0,0,0
210071,1,1,1998,0,0,0,0,0,0,3,0,0,0
210071,2,1,1998,0,0,0,0,0,0,0,0,0,37
210072,1,1,1998,31,31,31,31,31,31,31,31,31,31
210073,1,1,1998,0,0,0,0,0,0,0,0,0,0
210073,2,1,1998,0,0,0,0,0,0,0,0,0,0
210074,1,1,1998,0,0,0,0,0,0,22,0,0,0
210074,2,1,1998,0,0,0,4,0,0,0,0,0,0
210075,1,1,1998,0,0,0,0,0,0,0,0,0,0
210076,1,1,1998,0,0,0,0,0,0,0,0,0,0
210076,2,1,1998,0,0,0,0,0,0,0,0,0,0
210077,1,1,1998,0,0,0,0,0,0,0,0,0,0
210078,1,1,1998,0,0,10,0,0,10,0,13,0,12
210079,1,1,1998,0,0,20,0,0,0,0,5,17,0
210081,0,1,1998,0,18,0,0,0,0,0,0,0,0
210081,1,1,1998,0,0,0,0,0,0,0,0,0,0
210081,2,1,1998,0,0,0,0,0,0,0,0,0,0
210082,1,1,1998,0,0,0,0,0,0,0,23,0,0
210082,2,1,1998,0,0,0,0,0,0,0,0,0,0
210083,1,1,1998,0,0,0,0,0,0,0,0,0,0
210083,2,1,1998,0,0,0,0,0,0,0,0,0,0
210084,1,1,1998,0,0,0,0,0,0,0,0,0,0
210084,2,1,1998,0,0,0,0,0,0,0,0,0,0
210085,1,1,1998,0,0,0,0,0,0,0,0,0,0
210085,2,1,1998,4,4,4,4,4,4,4,4,4,4
210086,1,1,1998,8,8,8,8,8,8,8,8,8,8
210087,1,1,1998,0,0,0,0,0,0,0,0,0,0
210088,0,1,1998,0,0,4,0,0,0,0,0,0,0
210088,0,2,1998,0,0,0,0,0,0,0,0,8,0
210088,0,3,1998,0,0,0,0,0,0,0,0,0,0
210088,1,1,1998,0,0,0,0,0,0,0,0,0,0
210088,2,1,1998,0,0,0,0,0,0,0,0,0,0
210089,0,1,1998,0,20,0,0,0,14,0,0,0,0
210089,0,2,1998,0,0,0,0,5,23,0,29,0,0
210089,1,1,1998,0,0,0,0,0,0,0,0,0,0
210090,1,1,1998,0,0,0,0,0,0,0,0,0,0
210091,1,1,1998,29,29,29,29,29,29,29,29,29,29
210091,2,1,1998,0,0,0,0,0,0,0,0,0,0
210092,1,1,1998,11,11,11,11,11,11,11,11,11,11
210093,1,1,1998,6,6,6,6,6,6,6,6,6,6
210093,2,1,1998,6,0,0,0,0,0,0,0,0,0
210093,3,1,1998,0,0,0,0,0,0,0,0,0,0
210094,1,1,1998,0,0,0,0,0,0,0,0,0,0
210094,2,1,1998,0,0,0,0,0,0,0,0,0,0
210095,1,1,1998,0,0,0,0,0,0,0,0,0,0
210095,2,1,1998,0,0,0,0,0,0,0,0,0,0
210096,1,1,1998,0,0,0,0,0,0,0,0,0,0
210096,2,1,1998,0,0,9,0,0,0,0,0,0,0
210097,1,1,1998,19,29,26,30,22,12,11,33,18,29
210098,1,1,1998,11,11,11,11,11,11,11,11,11,11
210099,1,1,1998,0,0,0,0,0,0,0,0,0,0
210099,2,1,1998,0,0,0,0,0,0,0,0,0,0
210100,1,1,1998,0,0,0,0,0,0,0,0,0,0
210101,1,1,1998,0,0,0,0,0,0,0,0,0,0
210102,1,1,1998,0,0,0,0,0,0,0,0,0,0
210102,2,1,1998,0,0,0,0,0,0,0,0,0,0
210103,1,1,1998,22,22,22,22,22,22,22,22,22,22
210104,1,1,1998,0,0,0,0,0,0,0,0,0,0
210105,1,1,1998,18,18,18,18,18,18,18,18,18,18
210105,2,1,1998,0,0,0,0,5,0,13,0,18,0
210106,1,1,1998,9,9,9,9,9,9,9,9,9,9
210107,1,1,1998,0,0,0,0,0,0,0,0,0,0
210108,1,1,1998,0,0,12,0,0,0,0,0,0,20
210109,1,1,1998,0,0,0,0,0,0,12,12,16,24
210110,0,1,1998,0,0,0,0,0,0,0,0,0,0
210111,1,1,1998,0,0,0,0,0,0,0,0,0,0
210111,2,1,1998,0,0,0,0,0,0,0,0,0,0
210112,0,1,1998,26,26,26,26,26,26,26,26,26,26
210112,1,1,1998,0,0,0,0,0,0,0,0,0,0
210113,1,1,1998,12,20,14,19,28,8,24,13,10,13
210114,1,1,1998,0,0,0,0,0,0,0,0,0,0
210114,2,1,1998,0,0,0,0,0,0,0,0,0,0
210115,1,1,1998,0,0,0,0,0,0,0,0,0,0
210116,0,1,1998,0,0,0,0,0,0,0,5,0,20
210116,1,1,1998,0,0,0,0,0,0,0,0,0,0
210117,1,1,1998,0,0,0,0,0,0,0,0,0,0
210118,1,1,1998,0,0,0,0,0,0,0,0,0,0
210118,3,1,1998,0,0,0,0,0,0,0,0,0,11
210119,1,1,1998,14,14,14,14,14,14,14,14,14,14
210119,2,1,1998,0,0,0,0,0,0,0,0,0,0
210119,3,1,1998,0,0,0,0,0,0,0,0,0,0
210120,1,1,1998,13,18,26,10,0,23,15,13,11,25
210121,1,1,1998,0,0,0,0,0,0,0,0,0,0
210122,1,1,1998,0,0,0,0,0,0,0,0,0,0
210122,2,1,1998,0,0,0,0,0,0,0,0,0,0
210123,1,1,1998,0,0,0,0,0,0,0,0,0,0
210123,2,1,1998,0,0,0,0,0,0,0,0,0,0
210124,1,1,1998,0,0,0,13,0,0,23,0,0,0
210124,2,1,1998,0,0,0,0,0,0,0,0,0,0
210125,1,1,1998,10,10,10,10,10,10,10,10,10,10
210126,0,1,1998,0,0,12,0,0,7,0,35,7,0
210126,1,1,1998,0,0,0,0,7,0,0,0,0,0
210127,1,1,1998,7,7,7,7,7,7,7,7,7,7
210128,1,1,1998,0,0,0,0,0,0,0,0,0,0
210129,1,1,1998,11,11,11,11,11,11,11,11,11,11
210130,1,1,1998,9,9,9,9,9,9,9,9,9,9
210130,2,1,1998,0,0,0,0,0,0,0,0,0,0
210131,1,1,1998,0,0,0,0,0,0,0,0,0,0
210132,1,1,1998,9,0,28,33,33,16,14,7,14,32
210132,2,1,1998,10,0,0,26,0,0,0,0,0,0
210132,3,1,1998,0,0,0,0,0,0,0,0,0,0
210133,1,1,1998,18,18,18,18,18,18,18,18,18,18
210134,1,1,1998,0,0,0,0,0,0,0,0,0,0
210134,2,1,1998,0,0,0,0,0,0,0,0,0,0
210135,0,1,1998,0,0,0,0,0,0,0,0,0,0
210135,1,1,1998,0,0,0,0,0,0,0,0,0,0
210136,1,1,1998,0,0,0,0,0,0,0,0,0,0
210136,2,1,1998,0,0,0,0,0,0,0,0,0,0
210137,1,1,1998,0,0,0,0,0,0,0,0,0,0
210137,2,1,1998,0,0,0,0,0,0,0,0,0,0
210138,1,1,1998,26,26,26,26,26,26,26,26,26,26
210139,1,1,1998,0,0,0,0,0,0,0,0,0,0
210140,1,1,1998,0,0,0,0,0,0,0,0,0,0
210140,2,1,1998,0,0,0,0,0,0,0,0,0,0
210141,1,1,1998,0,0,0,0,0,0,0,0,0,0
210142,1,1,1998,0,0,0,0,0,0,0,0,0,0
210143,1,1,1998,0,0,0,0,0,0,0,0,0,0
210143,2,1,1998,0,0,0,0,0,0,0,0,0,24
210144,1,1,1998,33,25,21,11,20,22,22,8,25,3
210145,1,1,1998,0,0,0,0,0,0,0,0,0,0
210145,2,1,1998,0,0,0,0,0,0,0,0,0,0
210146,1,1,1998,0,0,0,0,0,0,0,0,0,0
210146,2,1,1998,0,0,0,0,0,0,0,0,0,0
210148,0,1,1998,0,27,33,9,0,12,0,0,0,0
210148,1,1,1998,0,0,0,15,0,0,0,0,0,0
210148,2,1,1998,0,0,0,0,0,0,0,0,0,6
210149,1,1,1998,17,17,17,17,17,17,17,17,17,17
210150,1,1,1998,0,0,0,0,0,0,0,13,0,0
210150,2,1,1998,0,0,0,0,0,0,0,0,0,0
210150,3,1,1998,0,0,0,0,0,0,0,0,0,0