ST_CASE,VEH_NO,PER_NO,YEAR,P1,P2,P3,P4,P5,P6,P7,P8,P9,P10
210439,3,1,1998,0,0,0,0,0,0,0,0,0,0
210440,1,1,1998,0,0,0,0,0,0,0,0,0,0
210440,2,1,1998,0,0,0,0,0,0,0,0,0,0
210440,3,1,1998,0,0,0,0,0,0,0,0,0,0
210441,1,1,1998,2,2,2,2,2,2,2,2,2,2
210442,1,1,1998,0,0,0,0,0,0,0,3,0,0
210443,1,1,1998,0,0,15,0,0,0,7,0,0,0
210444,1,1,1998,29,9,20,9,12,9,6,15,0,8
210445,1,1,1998,13,13,13,13,13,13,13,13,13,13
210446,0,1,1998,10,10,10,10,10,10,10,10,10,10
210446,1,1,1998,0,0,0,0,0,0,0,0,0,0
210447,1,1,1998,0,0,0,0,0,0,0,0,0,0
210447,2,1,1998,0,0,0,0,0,0,0,0,0,9
210448,1,1,1998,0,0,0,0,0,0,0,0,0,0
210448,2,1,1998,0,0,0,0,0,0,0,0,0,0
210449,1,1,1998,0,0,0,0,0,0,9,0,0,9
210449,2,1,1998,0,0,0,0,0,0,0,0,0,0
210450,1,1,1998,9,9,9,9,9,9,9,9,9,9
210451,1,1,1998,9,16,19,19,13,0,19,18,10,20
210451,2,1,1998,0,0,0,0,0,0,0,0,0,0
210452,1,1,1998,0,0,0,0,0,0,0,0,0,0
210452,2,1,1998,0,0,0,0,0,0,0,0,0,0
210453,1,1,1998,17,23,19,22,19,8,22,20,0,25
210454,1,1,1998,0,0,0,0,9,0,0,16,0,0
210454,2,1,1998,0,0,0,0,0,0,0,0,0,0
210455,1,1,1998,27,13,0,8,10,25,17,10,10,20
210456,1,1,1998,0,0,0,0,0,0,0,0,0,0
210456,2,1,1998,0,0,0,0,0,0,0,0,0,0
210457,1,1,1998,0,0,0,0,0,0,0,0,0,0
210457,2,1,1998,0,0,0,0,0,0,0,0,0,0
210458,1,1,1998,20,23,0,11,20,0,0,25,0,18
210459,1,1,1998,3,0,7,13,0,19,0,0,21,8
210460,1,1,1998,9,9,9,9,9,9,9,9,9,9
210461,0,1,1998,27,32,0,38,0,18,0,0,0,0
210461,1,1,1998,0,0,0,0,0,0,0,0,0,0
210462,1,1,1998,0,0,0,0,0,0,0,0,0,0
210462,2,1,1998,0,0,0,0,0,0,0,0,0,0
210462,3,1,1998,0,0,0,0,0,0,0,0,0,0
210462,4,1,1998,0,0,0,0,0,0,0,0,0,0
210462,5,1,1998,0,0,0,0,0,0,0,0,0,0
210462,6,1,1998,0,0,0,0,0,0,0,0,0,0
210463,1,1,1998,0,0,0,0,0,0,0,0,0,0
210463,2,1,1998,0,0,0,0,0,0,0,0,0,0
210464,1,1,1998,0,0,0,0,0,0,0,0,0,0
210464,2,1,1998,0,0,0,0,0,0,0,0,0,0
210465,1,1,1998,0,0,0,0,0,0,27,0,0,0
210465,2,1,1998,0,0,0,0,0,0,0,0,0,0
210466,1,1,1998,0,0,0,0,0,0,0,0,0,0
210467,1,1,1998,20,20,20,20,20,20,20,20,20,20
210468,1,1,1998,17,17,17,17,17,17,17,17,17,17
210469,1,1,1998,0,0,0,0,0,0,0,0,0,0
210470,0,1,1998,26,26,26,26,26,26,26,26,26,26
210470,1,1,1998,0,0,0,0,0,0,0,0,0,0
210471,1,1,1998,15,9,17,10,12,28,21,11,14,5
210471,2,1,1998,9,18,0,0,0,0,23,0,0,0
210472,1,1,1998,0,0,0,0,0,0,0,0,0,0
210473,1,1,1998,0,0,0,0,0,0,0,0,0,0
210474,1,1,1998,0,0,0,0,15,8,0,0,0,0
210475,1,1,1998,8,10,21,16,10,16,17,17,6,19
210476,1,1,1998,0,0,0,0,0,0,0,0,0,0
210477,1,1,1998,24,24,24,24,24,24,24,24,24,24
210478,1,1,1998,10,10,10,10,10,10,10,10,10,10
210479,1,1,1998,0,0,0,18,19,0,0,0,0,0
210480,0,1,1998,0,0,0,0,0,0,0,0,0,0
210480,1,1,1998,0,0,0,0,0,0,0,0,0,0
210481,1,1,1998,0,0,0,20,0,11,21,0,0,0
210482,1,1,1998,17,17,17,17,17,17,17,17,17,17
210483,1,1,1998,0,0,0,0,0,0,0,0,0,0
210483,2,1,1998,18,22,11,10,11,0,0,0,0,0
210484,1,1,1998,0,0,0,0,0,0,0,0,0,0
210484,2,1,1998,0,0,0,0,0,0,0,0,0,0
210485,1,1,1998,0,0,0,0,0,0,0,0,0,0
210485,2,1,1998,0,0,0,0,0,0,0,0,0,0
210485,3,1,1998,0,0,0,0,0,0,0,0,0,0
210485,4,1,1998,0,0,0,0,0,0,0,0,0,0
210486,1,1,1998,0,0,0,0,0,0,0,0,0,0
210486,2,1,1998,0,0,0,0,0,0,0,0,0,0
210487,1,1,1998,0,0,0,0,0,0,16,25,0,22
210488,1,1,1998,0,0,0,0,0,0,0,0,0,0
210489,1,1,1998,26,26,26,26,26,26,26,26,26,26
210490,1,1,1998,0,0,0,0,0,0,0,0,0,0
210491,1,1,1998,0,0,0,0,0,0,0,0,0,0
210491,2,1,1998,0,0,0,0,0,0,0,0,0,0
210492,1,1,1998,0,0,0,0,0,0,0,0,0,0
210492,2,1,1998,0,7,0,0,0,0,0,0,0,0
210493,1,1,1998,0,0,0,0,0,0,0,0,0,0
210494,1,1,1998,0,0,0,0,0,0,0,0,0,0
210495,1,1,1998,0,0,0,0,0,0,0,0,0,0
210495,2,1,1998,0,0,0,0,0,0,0,0,0,0
210496,1,1,1998,0,0,0,0,0,0,0,0,0,0
210496,2,1,1998,0,0,0,0,0,0,0,0,0,0
210497,1,1,1998,0,0,0,0,0,0,0,0,0,0
210497,2,1,1998,0,0,0,0,0,0,0,0,0,0
210497,3,1,1998,0,0,0,0,0,0,0,0,0,0
210498,1,1,1998,12,12,12,12,12,12,12,12,12,12
210499,1,1,1998,23,23,23,23,23,23,23,23,23,23
210500,1,1,1998,1,1,1,1,1,1,1,1,1,1
210500,2,1,1998,0,0,0,0,0,0,0,0,0,0
210501,1,1,1998,26,26,26,26,26,26,26,26,26,26
210502,1,1,1998,0,0,0,0,0,0,0,0,0,0
210503,1,1,1998,22,22,22,22,22,22,22,22,22,22
210503,2,1,1998,0,0,0,0,0,0,0,0,0,0
210503,3,1,1998,16,0,0,0,0,0,0,0,0,0
210504,1,1,1998,0,0,0,0,0,0,0,0,0,0
210504,2,1,1998,0,0,0,0,0,0,0,0,0,0
210505,1,1,1998,0,0,0,0,0,0,0,0,0,0
210506,1,1,1998,0,0,0,0,0,0,0,0,0,0
210506,2,1,1998,0,0,0,0,0,0,0,0,0,0
210507,1,1,1998,15,15,15,15,15,15,15,15,15,15
210508,1,1,1998,14,14,14,14,14,14,14,14,14,14
210508,2,1,1998,0,0,0,0,0,0,0,0,0,0
210509,0,1,1998,17,28,28,7,0,21,17,24,17,0
210509,1,1,1998,0,0,0,0,0,0,0,0,0,6
210510,1,1,1998,0,8,16,12,0,21,6,7,13,0
210511,1,1,1998,0,0,0,0,0,0,0,0,0,0
210511,2,1,1998,0,0,0,0,0,0,0,0,0,0
210512,1,1,1998,0,0,0,0,0,0,0,0,0,0
210513,1,1,1998,0,0,0,10,0,0,0,18,0,0
210513,2,1,1998,0,0,0,0,0,0,0,0,0,0
210513,3,1,1998,0,0,0,0,0,0,0,0,0,0
210514,1,1,1998,33,33,33,33,33,33,33,33,33,33
210515,0,1,1998,0,0,0,19,0,0,0,0,0,0
210515,1,1,1998,0,0,0,0,0,0,0,0,0,0
210516,1,1,1998,13,13,13,13,13,13,13,13,13,13
210517,1,1,1998,0,0,0,0,0,0,0,0,0,0
210517,2,1,1998,0,0,0,0,0,0,0,0,0,0
210517,3,1,1998,0,0,0,0,0,0,0,0,0,0
210518,1,1,1998,0,0,0,0,0,0,0,0,0,0
210518,2,1,1998,0,0,0,0,0,0,0,0,0,0
210519,1,1,1998,0,0,0,0,0,0,0,0,0,0
210519,2,1,1998,0,0,0,0,0,0,0,0,0,0
210520,1,1,1998,25,25,25,25,25,25,25,25,25,25
210521,1,1,1998,0,0,0,0,0,0,0,0,0,0
210521,2,1,1998,0,0,0,0,0,0,0,0,0,0
210522,1,1,1998,0,10,0,0,0,0,0,0,0,0
210523,1,1,1998,18,18,18,18,18,18,18,18,18,18
210524,1,1,1998,0,0,0,0,0,0,0,0,0,0
210524,2,1,1998,0,0,0,0,0,0,0,0,0,0
210525,1,1,1998,0,0,0,0,0,0,0,0,0,0
210525,2,1,1998,0,0,0,0,0,0,0,0,0,0
210526,1,1,1998,0,0,0,0,0,0,0,17,11,0
210527,1,1,1998,19,15,26,28,17,17,61,17,0,23
210528,1,1,1998,0,0,0,0,0,0,0,0,0,0
210528,2,1,1998,0,0,0,0,0,0,0,0,0,0
210528,3,1,1998,0,0,0,0,0,0,0,0,0,0
210529,1,1,1998,0,0,0,0,0,0,0,0,0,0
210530,1,1,1998,18,25,23,22,18,10,12,12,18,13
210531,1,1,1998,0,0,0,0,0,0,0,0,0,0
210532,1,1,1998,0,0,0,0,0,0,0,0,0,0
210532,2,1,1998,0,0,0,0,0,0,0,0,0,0
210533,1,1,1998,0,0,0,0,0,0,0,0,0,0
210533,2,1,1998,0,0,0,0,0,0,0,0,0,0
210534,1,1,1998,0,0,0,0,0,0,0,0,0,0
210534,2,1,1998,0,0,0,0,0,0,0,0,0,0
210535,1,1,1998,12,12,12,12,12,12,12,12,12,12
210536,1,1,1998,19,22,9,22,12,11,20,14,11,28
210537,1,1,1998,0,0,0,27,0,0,0,0,0,0
210538,1,1,1998,0,0,0,0,0,0,0,0,0,0
210539,1,1,1998,0,0,0,0,0,0,0,0,0,0
210540,1,1,1998,0,0,0,0,0,0,0,0,0,0
210540,2,1,1998,0,0,0,0,0,0,0,0,0,0
210540,3,1,1998,0,0,0,0,0,0,0,0,0,0
210540,4,1,1998,0,0,0,0,0,0,0,0,0,0
210541,1,1,1998,0,0,0,0,0,0,0,16,0,0
210541,2,1,1998,0,0,0,0,0,0,0,0,0,0
210542,1,1,1998,0,0,0,0,0,0,0,0,0,0
210542,2,1,1998,0,0,0,0,0,0,0,0,0,0
210543,1,1,1998,23,6,19,3,2,0,9,7,12,10
210543,2,1,1998,0,0,0,0,0,0,0,0,0,0
210544,1,1,1998,0,0,0,0,0,0,0,0,0,0
210544,2,1,1998,0,0,0,0,0,0,0,0,0,0
210545,1,1,1998,0,0,0,0,0,0,0,0,0,0
210546,1,1,1998,14,18,17,24,22,21,29,18,19,7
210547,1,1,1998,12,0,0,0,0,0,0,0,0,10
210547,2,1,1998,0,0,0,0,0,0,0,0,0,0
210548,1,1,1998,0,0,0,0,0,0,0,0,0,0
210548,2,1,1998,0,0,0,0,0,0,0,0,0,0
210549,1,1,1998,23,23,23,23,23,23,23,23,23,23
210550,1,1,1998,0,0,0,0,0,0,0,0,13,0
210551,1,1,1998,0,0,0,0,0,0,0,0,0,0
210551,2,1,1998,0,0,0,0,0,0,0,0,0,0
210552,0,1,1998,0,0,0,15,0,0,0,0,0,0
210552,0,2,1998,16,0,0,0,0,0,29,0,0,0
210552,1,1,1998,0,0,3,0,0,0,0,0,18,0
210553,1,1,1998,0,0,0,0,0,0,0,0,0,0
210553,2,1,1998,0,0,0,0,0,0,0,0,0,0
210554,1,1,1998,0,0,0,0,0,0,0,0,0,0
210554,2,1,1998,0,0,0,0,0,0,0,0,0,0
210555,1,1,1998,16,16,16,16,16,16,16,16,16,16
210556,1,1,1998,0,0,0,0,0,0,0,0,0,0
210556,2,1,1998,0,0,0,0,0,0,0,0,0,0
210557,0,1,1998,0,0,11,0,31,0,0,0,0,0
210557,1,1,1998,0,0,0,0,0,0,0,0,0,0
210558,1,1,1998,0,0,0,0,0,0,0,0,0,0
210558,2,1,1998,0,0,0,0,0,0,0,0,0,0
210559,1,1,1998,31,31,31,31,31,31,31,31,31,31
210560,1,1,1998,25,25,25,25,25,25,25,25,25,25
210561,1,1,1998,0,0,0,0,0,0,0,0,0,0
210561,2,1,1998,0,0,0,0,0,0,0,0,0,0
210562,1,1,1998,0,0,0,0,0,0,0,0,0,0
210563,1,1,1998,39,39,39,39,39,39,39,39,39,39
210564,1,1,1998,10,0,18,0,0,13,0,0,0,13
210565,1,1,1998,0,0,0,0,0,0,0,0,0,0
210565,2,1,1998,0,0,0,0,0,0,0,0,0,0
210566,0,1,1998,24,24,24,24,24,24,24,24,24,24
210566,1,1,1998,0,0,0,0,0,0,0,0,0,0
210567,0,1,1998,18,16,0,26,3,0,15,24,17,18
210567,1,1,1998,11,11,11,11,11,11,11,11,11,11
210568,1,1,1998,0,0,0,0,0,0,0,0,0,0
210569,1,1,1998,0,0,0,0,0,0,0,0,0,0
210570,1,1,1998,0,0,0,0,0,0,0,0,0,0
210571,1,1,1998,0,0,0,0,0,0,0,0,0,0
210571,2,1,1998,0,0,0,0,0,0,0,0,0,0
210571,3,1,1998,0,0,0,0,0,0,0,0,0,0
210572,1,1,1998,0,0,0,0,0,0,0,0,0,0
210573,1,1,1998,15,15,15,15,15,15,15,15,15,15
210574,1,1,1998,0,0,0,0,0,0,0,0,0,0
210574,2,1,1998,0,0,0,0,0,0,0,0,0,0
210575,0,1,1998,0,0,0,0,0,0,0,0,0,0
210575,1,1,1998,0,0,0,0,0,0,0,0,0,0
210576,1,1,1998,22,22,22,22,22,22,22,22,22,22
210577,1,1,1998,0,0,0,0,0,0,0,0,0,0
210577,2,1,1998,0,0,0,0,0,0,0,0,0,0
210577,3,1,1998,0,0,0,0,0,0,0,0,0,0
210578,1,1,1998,4,4,4,4,4,4,4,4,4,4
210579,1,1,1998,0,0,0,13,0,18,0,0,0,0
210579,2,1,1998,0,0,0,0,0,0,0,0,0,0
210580,0,1,1998,17,0,20,0,0,0,25,3,11,0
210581,1,1,1998,0,0,0,0,0,0,0,0,0,0
210581,2,1,1998,0,0,0,14,0,0,0,0,0,0
210583,0,1,1998,17,0,8,0,23,0,17,0,18,31
210583,1,1,1998,0,0,0,0,0,0,0,0,0,0
210584,1,1,1998,24,24,24,24,24,24,24,24,24,24
210585,1,1,1998,0,0,0,0,0,0,0,0,0,0
210585,2,1,1998,8,8,8,8,8,8,8,8,8,8
210586,1,1,1998,17,0,0,16,0,17,14,0,0,0
210587,1,1,1998,19,19,19,19,19,19,19,19,19,19
210588,1,1,1998,0,0,0,0,0,0,0,0,0,0
210588,2,1,1998,0,0,0,0,0,0,0,0,0,0
210589,1,1,1998,0,0,0,0,0,0,0,0,0,0
210589,2,1,1998,0,0,0,0,0,0,0,0,0,0
210590,1,1,1998,0,0,0,0,0,0,0,0,0,0
210591,1,1,1998,19,19,19,19,19,19,19,19,19,19
210592,1,1,1998,20,20,20,20,20,20,20,20,20,20
210593,1,1,1998,0,0,0,0,0,0,0,0,0,0
210593,2,1,1998,0,0,0,0,0,0,0,0,0,0
210594,1,1,1998,0,0,0,0,0,0,0,0,0,0
210594,2,1,1998,0,0,0,0,0,0,0,0,0,0
210595,1,1,1998,21,21,21,21,21,21,21,21,21,21
210596,1,1,1998,17,17,17,17,17,17,17,17,17,17
210597,0,1,1998,0,0,0,0,0,0,0,0,0,0
210597,1,1,1998,0,0,0,0,0,8,0,0,0,0
210598,1,1,1998,0,0,0,0,0,0,0,0,0,0
210599,1,1,1998,0,0,0,0,0,0,0,0,0,0
210599,2,1,1998,4,0,0,0,0,0,0,0,0,0
210600,1,1,1998,0,0,2,0,0,0,0,0,0,0
210601,1,1,1998,0,0,0,0,0,0,0,0,0,0
210602,0,1,1998,0,0,0,0,13,9,26,0,25,36
210602,1,1,1998,0,0,0,0,0,0,0,0,0,0
210603,1,1,1998,0,0,0,0,0,0,0,0,0,0
210604,1,1,1998,0,0,0,0,0,0,15,0,0,0
210604,2,1,1998,0,0,0,0,0,0,0,0,0,0
210605,1,1,1998,1,1,1,1,1,1,1,1,1,1
210605,2,1,1998,0,0,0,0,0,0,0,0,0,0
210605,3,1,1998,0,0,0,0,0,0,0,0,0,0
210605,4,1,1998,0,0,0,0,0,0,0,0,0,0
210606,1,1,1998,22,22,22,22,22,22,22,22,22,22
210607,1,1,1998,0,0,0,0,0,0,0,0,0,0
210607,2,1,1998,0,0,0,0,0,0,0,0,0,0
210608,1,1,1998,0,0,0,0,0,0,0,0,0,0
210608,2,1,1998,18,18,18,18,18,18,18,18,18,18
210609,1,1,1998,0,0,0,0,0,0,0,0,0,0
210609,2,1,1998,0,0,0,0,0,0,0,0,14,0
210610,1,1,1998,0,0,0,0,0,0,0,0,0,0
210610,2,1,1998,0,0,0,0,0,0,0,0,0,0
210611,1,1,1998,0,0,0,0,0,0,0,0,0,0
210611,2,1,1998,0,0,0,0,0,0,0,0,0,0
210611,3,1,1998,0,0,0,0,0,0,0,0,0,0
210613,1,1,1998,0,0,0,0,0,0,0,0,0,0
210613,2,1,1998,0,0,0,0,0,0,0,0,0,0
210613,3,1,1998,0,0,0,0,0,0,0,0,0,0
210614,1,1,1998,23,23,23,23,23,23,23,23,23,23
210615,1,1,1998,0,0,0,0,0,0,0,0,0,0
210615,2,1,1998,0,0,0,0,0,0,0,22,0,0
210616,1,1,1998,0,0,0,0,0,0,0,0,0,0
210617,0,1,1998,14,14,0,23,0,0,0,0,0,0
210617,1,1,1998,0,0,0,0,0,0,0,0,0,0
210618,1,1,1998,0,0,0,0,0,0,0,0,0,0
210619,1,1,1998,0,0,0,0,0,0,0,0,0,0
210620,1,1,1998,0,0,0,0,0,0,0,0,0,0
210621,1,1,1998,0,0,0,0,0,0,0,0,0,0
210621,2,1,1998,0,0,0,0,0,0,0,0,0,0
210621,3,1,1998,0,0,0,0,15,0,0,0,0,0
210621,4,1,1998,0,0,0,0,0,0,0,0,0,0
210621,5,1,1998,0,0,0,0,0,0,0,0,0,0
210622,1,1,1998,0,0,0,0,0,0,0,0,0,0
210622,2,1,1998,0,0,0,0,0,0,0,0,0,0
210623,1,1,1998,0,0,0,0,0,0,0,0,0,0
210625,0,1,1998,0,0,0,14,11,0,0,0,0,0
210625,1,1,1998,0,0,0,0,0,0,0,0,0,0
210626,0,1,1998,0,0,27,18,16,0,8,0,0,0
210626,1,1,1998,0,0,0,0,0,0,0,0,0,0
210627,0,1,1998,2,2,2,2,2,2,2,2,2,2
210627,0,2,1998,0,0,0,0,0,0,0,0,0,0
210627,1,1,1998,0,0,0,0,0,0,0,0,0,0
210628,0,1,1998,0,0,0,0,0,0,0,0,0,0
210628,0,2,1998,0,0,0,0,0,0,0,0,0,0
210628,1,1,1998,0,0,2,0,0,0,0,0,0,0
210629,1,1,1998,0,0,0,0,0,0,0,7,0,0
210629,2,1,1998,0,0,0,0,0,0,29,20,0,0
210630,1,1,1998,0,0,0,0,0,0,0,0,0,0
210631,0,1,1998,7,42,0,0,0,0,0,0,0,0
210631,1,1,1998,0,12,0,0,0,2,9,0,0,0
210632,1,1,1998,0,0,0,0,0,0,0,0,0,0
210633,1,1,1998,4,3,35,3,21,23,15,25,31,17
210634,1,1,1998,0,0,0,0,0,0,0,0,0,0
210635,1,1,1998,0,0,0,0,0,0,0,0,0,0
210635,2,1,1998,0,0,0,0,0,0,0,0,0,0
210636,1,1,1998,0,0,0,0,0,0,0,0,0,0
210637,1,1,1998,14,14,14,14,14,14,14,14,14,14
210638,1,1,1998,0,0,0,0,0,0,0,0,0,0
210639,1,1,1998,0,0,0,0,0,0,0,0,0,0
210639,2,1,1998,0,0,0,0,0,0,0,0,0,0
210640,1,1,1998,0,0,0,0,0,0,0,0,0,0
210640,2,1,1998,0,0,0,0,9,0,0,0,0,0
210640,3,1,1998,0,0,0,0,0,0,0,0,0,0
210641,1,1,1998,0,0,0,0,0,0,0,0,0,0
210641,2,1,1998,0,0,0,0,0,0,0,0,0,0
210642,1,1,1998,18,18,18,18,18,18,18,18,18,18
210643,0,1,1998,0,0,0,10,0,0,0,14,0,0
210643,0,2,1998,0,0,0,0,0,0,0,0,0,0
210643,1,1,1998,0,0,0,0,0,0,0,0,0,0
210644,1,1,1998,13,13,13,13,13,13,13,13,13,13
210645,1,1,1998,0,0,0,0,0,0,19,0,0,0
210646,1,1,1998,17,17,17,17,17,17,17,17,17,17
210647,0,1,1998,0,0,0,0,15,13,0,0,12,0
210647,1,1,1998,0,0,0,0,0,0,0,0,0,0
210648,1,1,1998,0,0,0,0,0,0,0,0,0,0
210648,2,1,1998,0,0,0,0,0,0,0,0,0,0
210649,1,1,1998,25,19,29,0,20,17,23,0,0,0
210650,1,1,1998,0,0,0,0,0,0,0,0,0,0
210650,2,1,1998,0,0,0,18,0,0,0,0,0,0
210651,1,1,1998,0,0,0,0,0,0,0,0,0,0
210651,2,1,1998,0,0,0,0,0,0,0,0,0,0
210652,1,1,1998,15,15,15,15,15,15,15,15,15,15
210653,1,1,1998,0,0,0,0,0,0,0,0,0,0
210654,1,1,1998,0,0,0,0,0,0,0,0,0,0
210655,1,1,1998,0,0,0,0,0,0,0,0,0,0
210655,2,1,1998,0,0,0,0,0,0,0,0,0,0
210656,1,1,1998,0,0,0,0,0,0,0,0,0,0
210657,1,1,1998,0,0,0,0,0,0,0,0,0,0
210657,2,1,1998,0,0,0,0,0,0,0,0,0,0
210658,1,1,1998,0,0,0,0,0,0,0,0,0,0
210658,2,1,1998,0,0,0,0,0,0,0,0,0,0
210659,1,1,1998,0,0,0,0,0,0,0,0,0,0
210659,2,1,1998,0,0,0,0,9,0,0,0,0,0
210660,1,1,1998,0,0,0,0,0,0,0,0,0,0
210661,0,1,1998,39,39,39,39,39,39,39,39,39,39
210661,1,1,1998,0,0,0,0,0,0,0,0,0,0
210662,1,1,1998,0,0,0,0,0,0,0,0,0,0
210662,2,1,1998,0,0,0,0,0,0,0,0,0,0
210663,1,1,1998,0,21,0,0,0,0,15,0,0,0
210663,2,1,1998,0,0,0,0,0,0,0,0,0,0
210664,1,1,1998,0,0,0,0,5,0,0,0,0,0
210664,2,1,1998,0,0,0,0,0,0,0,0,0,0
210665,1,1,1998,0,0,0,0,0,0,0,0,0,0
210665,2,1,1998,0,0,0,0,0,0,0,0,0,11
210665,3,1,1998,0,0,0,0,0,0,0,0,0,0
210666,1,1,1998,0,0,0,0,0,0,0,0,0,0
210666,2,1,1998,0,0,0,0,0,0,0,0,0,0
210667,0,1,1998,0,0,0,0,0,0,18,0,4,0
210667,1,1,1998,0,0,0,0,0,0,0,0,0,0
210668,1,1,1998,0,0,0,0,0,0,0,0,0,0
210669,1,1,1998,0,0,0,0,0,0,0,7,0,0
210669,2,1,1998,0,0,0,0,0,0,0,0,0,0
210670,1,1,1998,0,0,0,0,0,0,0,13,0,0
210670,2,1,1998,0,0,0,0,0,0,0,0,0,0
210671,1,1,1998,0,0,0,0,0,0,0,0,0,0
210671,2,1,1998,0,0,0,0,0,0,0,0,0,0
210672,1,1,1998,16,16,16,16,16,16,16,16,16,16
210673,1,1,1998,2,0,0,0,4,0,0,0,15,0
210673,2,1,1998,0,0,0,0,0,0,0,0,0,0
210674,1,1,1998,0,0,0,0,0,0,0,0,0,0
210675,1,1,1998,0,0,0,0,0,0,0,0,0,0
210675,2,1,1998,0,0,0,0,0,0,0,0,0,0
210675,3,1,1998,0,0,0,0,0,0,0,0,0,0
210676,1,1,1998,0,0,0,0,0,0,0,0,0,0
210677,1,1,1998,0,0,0,0,0,0,0,0,0,0
210678,1,1,1998,19,19,19,19,19,19,19,19,19,19
210678,2,1,1998,0,0,0,0,0,0,0,0,0,0
210679,1,1,1998,0,0,0,0,0,0,0,0,0,0
210679,2,1,1998,0,0,0,0,0,0,0,0,0,0
210680,1,1,1998,0,0,0,0,0,0,0,12,0,0
210680,2,1,1998,0,0,0,0,0,0,0,0,0,0
210680,3,1,1998,0,0,0,0,0,0,0,0,0,0
210681,1,1,1998,0,0,0,0,0,0,0,0,0,0
210681,2,1,1998,0,0,0,0,0,0,0,0,0,0
210681,3,1,1998,0,0,0,0,0,0,0,0,0,0
210682,1,1,1998,30,30,30,30,30,30,30,30,30,30
210682,2,1,1998,0,0,0,0,0,0,0,0,0,0
210683,1,1,1998,25,25,25,25,25,25,25,25,25,25
210683,2,1,1998,0,0,0,0,0,0,0,0,0,0
210684,1,1,1998,0,0,0,0,0,0,0,0,0,0
210684,2,1,1998,0,0,0,0,0,6,0,0,0,0
210685,1,1,1998,0,0,0,0,0,0,0,0,0,0
210685,2,1,1998,0,0,0,0,0,0,0,0,0,0
210686,1,1,1998,17,17,17,17,17,17,17,17,17,17
210687,1,1,1998,0,0,0,0,22,0,0,0,12,19
210688,1,1,1998,29,29,29,29,29,29,29,29,29,29
210688,2,1,1998,0,0,0,0,0,0,0,0,0,0
210689,1,1,1998,0,0,0,0,0,0,0,0,0,0
210690,1,1,1998,0,0,0,0,0,0,18,0,6,0
210691,1,1,1998,0,0,0,0,0,0,0,0,0,0
210692,1,1,1998,0,0,0,0,0,0,0,0,0,0
210693,1,1,1998,0,0,0,0,4,0,0,0,0,0
210693,2,1,1998,0,0,0,0,0,0,0,0,0,0
210694,1,1,1998,0,0,0,0,0,0,0,0,0,0
210695,1,1,1998,0,0,0,0,0,0,0,0,0,0
210695,2,1,1998,0,0,0,0,0,0,0,0,0,0
210696,1,1,1998,0,0,0,0,0,0,0,0,0,0
210696,2,1,1998,0,0,13,0,0,0,0,0,0,0
210697,1,1,1998,0,0,0,0,0,0,0,0,0,0
210697,2,1,1998,15,15,15,15,15,15,15,15,15,15
210698,1,1,1998,0,0,0,0,0,0,0,0,6,0
210699,1,1,1998,0,0,0,0,0,0,0,0,0,0
210699,2,1,1998,0,0,0,0,0,0,0,0,0,0
210700,1,1,1998,0,19,0,0,0,0,0,0,0,0
210700,2,1,1998,0,0,0,0,0,0,0,0,0,0
210701,1,1,1998,0,0,0,0,0,0,0,0,0,0
210701,2,1,1998,0,0,0,0,0,0,0,0,0,0
210702,1,1,1998,24,24,24,24,24,24,24,24,24,24
210702,2,1,1998,0,0,0,0,0,0,0,4,0,0
210702,3,1,1998,19,19,19,19,19,19,19,19,19,19
210703,1,1,1998,0,0,0,0,0,0,0,0,0,0
210703,2,1,1998,0,0,16,0,0,0,0,0,0,0
210704,1,1,1998,0,28,21,0,28,0,18,0,0,10
210705,1,1,1998,0,0,0,0,0,0,0,0,0,0
210705,2,1,1998,0,0,0,0,0,0,0,0,0,0
210706,0,1,1998,0,0,0,34,0,0,0,0,0,0
210706,1,1,1998,0,0,0,0,0,0,0,0,0,0
210707,1,1,1998,12,12,12,12,12,12,12,12,12,12
210708,1,1,1998,0,0,0,0,0,0,0,0,0,0
210708,2,1,1998,0,0,0,0,0,0,0,0,0,0
210709,1,1,1998,0,0,0,0,0,0,0,0,0,0
210709,2,1,1998,0,0,0,0,0,0,0,0,0,0
210709,3,1,1998,0,0,0,0,0,0,0,0,0,0
210710,1,1,1998,0,0,0,0,0,0,0,0,0,0
210710,2,1,1998,0,0,0,0,0,0,0,0,0,0
210711,0,1,1998,32,32,32,32,32,32,32,32,32,32
210711,1,1,1998,0,0,0,0,0,0,0,0,0,0
210712,1,1,1998,0,0,0,0,0,0,0,0,0,0
210712,2,1,1998,0,0,0,0,0,0,0,0,0,0
210713,1,1,1998,0,0,0,0,0,0,0,0,0,0
210713,2,1,1998,0,0,0,0,0,0,0,0,0,0
210714,1,1,1998,15,15,15,15,15,15,15,15,15,15
210715,0,1,1998,0,16,28,32,22,14,35,14,12,21
210715,1,1,1998,0,0,0,0,0,0,0,0,13,0
210716,1,1,1998,0,0,0,0,0,0,0,0,0,0
210716,2,1,1998,0,0,0,0,0,0,0,0,0,0
210717,1,1,1998,20,20,20,20,20,20,20,20,20,20
210717,2,1,1998,0,0,0,0,0,0,0,0,0,0
210718,1,1,1998,0,0,0,0,0,0,0,0,0,0
210718,2,1,1998,0,0,0,0,0,0,0,0,0,0
210719,0,1,1998,20,20,20,20,20,20,20,20,20,20
210719,1,1,1998,0,0,0,0,0,0,0,0,0,0
210720,0,1,1998,0,0,0,0,0,0,0,0,0,0