ST_CASE,VEH_NO,PER_NO,YEAR,P1,P2,P3,P4,P5,P6,P7,P8,P9,P10
240042,2,1,1998,0,0,0,0,0,13,0,0,0,0
240043,1,1,1998,0,0,0,0,0,0,0,0,0,0
240044,1,1,1998,0,0,0,0,0,0,0,0,0,0
240044,2,1,1998,0,0,0,0,0,0,0,0,0,0
240045,1,1,1998,0,0,0,0,0,0,0,0,0,0
240045,2,1,1998,0,0,0,0,0,0,0,0,0,0
240046,1,1,1998,0,0,0,0,0,0,0,0,0,0
240046,2,1,1998,0,0,0,0,0,0,0,0,0,0
240047,1,1,1998,0,0,0,0,0,0,0,0,0,0
240048,1,1,1998,29,16,15,14,16,7,9,11,11,11
240048,2,1,1998,0,0,0,0,0,0,0,0,0,0
240049,1,1,1998,0,0,0,0,0,0,0,0,0,0
240049,2,1,1998,0,0,0,0,0,0,0,0,0,0
240050,0,1,1998,27,27,27,27,27,27,27,27,27,27
240050,1,1,1998,0,0,0,0,0,0,0,0,0,0
240051,1,1,1998,0,0,0,0,0,0,0,0,0,0
240051,2,1,1998,0,0,0,0,0,0,0,0,0,0
240052,0,1,1998,0,0,0,0,0,0,0,0,0,0
240052,1,1,1998,0,0,0,0,0,0,0,0,0,0
240053,1,1,1998,0,0,0,0,0,0,0,0,0,0
240053,2,1,1998,0,0,0,0,0,0,0,0,0,0
240054,1,1,1998,0,0,0,0,0,0,0,0,0,0
240054,2,1,1998,0,0,0,0,0,0,0,0,0,0
240054,3,1,1998,0,0,0,0,0,0,0,0,0,0
240055,1,1,1998,0,0,0,0,0,0,0,0,0,0
240056,1,1,1998,0,0,0,0,0,0,0,0,0,0
240056,2,1,1998,0,0,0,0,0,0,0,0,0,0
240056,3,1,1998,0,0,0,0,0,0,0,0,0,0
240057,1,1,1998,0,0,0,0,0,0,0,0,0,0
240057,2,1,1998,0,0,0,0,0,0,0,0,0,0
240058,1,1,1998,0,0,0,0,0,0,0,0,0,0
240058,2,1,1998,0,0,0,0,0,0,0,0,0,0
240059,1,1,1998,2,2,2,2,2,2,2,2,2,2
240060,1,1,1998,0,0,0,0,0,0,0,0,0,0
240060,2,1,1998,0,0,0,0,0,0,0,0,0,0
240061,1,1,1998,19,0,0,18,19,0,12,33,0,0
240062,1,1,1998,0,0,0,0,0,0,0,0,0,0
240062,2,1,1998,0,0,0,0,0,0,0,0,0,0
240063,1,1,1998,10,16,15,15,19,7,33,0,10,13
240063,2,1,1998,0,0,0,0,0,0,0,0,0,0
240064,1,1,1998,28,28,28,28,28,28,28,28,28,28
240064,2,1,1998,0,0,0,0,0,0,0,0,0,0
240065,1,1,1998,0,0,0,0,0,0,0,0,0,0
240065,2,1,1998,0,0,0,0,0,0,0,0,0,0
240065,3,1,1998,0,0,0,0,0,0,0,0,0,0
240065,4,1,1998,0,0,0,0,0,0,0,0,0,0
240065,5,1,1998,0,0,0,0,0,0,0,0,0,0
240066,1,1,1998,0,0,11,0,0,0,0,0,0,0
240066,2,1,1998,5,5,5,5,5,5,5,5,5,5
240067,1,1,1998,12,12,12,12,12,12,12,12,12,12
240067,2,1,1998,0,0,0,0,0,0,0,0,0,0
240068,1,1,1998,0,0,0,0,0,0,0,0,0,0
240069,1,1,1998,3,13,11,13,0,9,5,21,21,11
240069,2,1,1998,0,0,0,0,0,0,0,0,0,0
240070,1,1,1998,0,7,0,0,0,0,0,0,0,0
240070,2,1,1998,0,0,0,0,0,0,0,0,0,0
240071,1,1,1998,15,15,15,15,15,15,15,15,15,15
240071,2,1,1998,0,0,0,0,0,0,0,0,0,0
240072,1,1,1998,2,10,0,6,0,12,0,0,17,0
240072,2,1,1998,3,3,3,3,3,3,3,3,3,3
240073,0,1,1998,27,27,27,27,27,27,27,27,27,27
240073,1,1,1998,0,0,0,0,7,0,0,0,0,0
240074,1,1,1998,11,4,16,7,16,19,10,0,16,17
240075,1,1,1998,22,22,22,22,22,22,22,22,22,22
240076,1,1,1998,0,0,0,0,0,0,0,0,0,0
240076,2,1,1998,0,0,0,0,0,0,0,0,0,0
240077,1,1,1998,8,8,8,8,8,8,8,8,8,8
240077,2,1,1998,0,0,0,0,0,0,0,0,5,0
240077,3,1,1998,0,0,0,0,0,0,0,0,0,0
240078,0,1,1998,0,0,0,0,0,0,0,0,0,0
240078,1,1,1998,0,0,0,0,10,0,0,0,0,0
240079,1,1,1998,0,0,0,0,0,0,0,0,0,0
240080,0,1,1998,0,0,0,0,0,0,0,0,0,0
240080,1,1,1998,0,0,0,0,0,0,0,0,0,0
240081,1,1,1998,0,0,0,0,0,0,0,0,0,0
240081,2,1,1998,0,0,0,0,0,0,0,0,15,0
240082,1,1,1998,0,0,0,0,0,0,0,0,0,0
240083,1,1,1998,0,0,0,0,0,0,0,0,0,0
240083,2,1,1998,0,0,0,0,0,0,0,0,0,0
240084,1,1,1998,0,14,0,0,0,0,0,0,0,0
240084,2,1,1998,0,0,0,0,0,0,0,0,0,0
240085,1,1,1998,16,16,16,16,16,16,16,16,16,16
240086,1,1,1998,33,15,4,10,13,5,11,10,18,17
240087,1,1,1998,18,18,18,18,18,18,18,18,18,18
240087,2,1,1998,0,0,0,0,0,0,0,0,0,0
240087,3,1,1998,0,0,0,13,0,8,0,0,0,0
240087,4,1,1998,0,0,0,0,0,0,0,0,0,0
240087,5,1,1998,0,0,0,0,0,0,0,0,0,0
240088,1,1,1998,5,6,10,0,11,25,28,12,14,22
240089,1,1,1998,0,0,0,15,0,12,0,0,0,0
240089,2,1,1998,14,0,0,0,0,5,0,0,0,0
240090,1,1,1998,0,0,0,0,0,0,0,0,0,0
240091,1,1,1998,0,0,0,0,0,0,0,0,0,0
240091,2,1,1998,0,0,0,0,0,0,0,0,0,0
240092,1,1,1998,0,0,0,0,0,0,0,0,0,0
240093,1,1,1998,0,0,0,0,0,0,0,0,0,0
240094,0,1,1998,0,0,0,0,0,0,0,0,0,0
240094,1,1,1998,0,0,0,0,0,0,0,0,0,0
240095,1,1,1998,2,2,2,2,2,2,2,2,2,2
240096,1,1,1998,0,0,0,0,0,0,0,0,0,0
240096,2,1,1998,0,0,0,0,0,0,0,0,0,0
240096,3,1,1998,0,0,0,0,0,0,0,0,0,0
240096,4,1,1998,0,0,0,0,0,0,0,0,0,0
240097,1,1,1998,41,15,23,28,8,26,16,18,13,11
240098,1,1,1998,0,0,0,0,0,0,0,0,0,0
240098,2,1,1998,0,0,0,0,0,0,0,0,0,0
240099,0,1,1998,0,0,0,0,0,0,0,0,0,0
240099,1,1,1998,0,0,0,0,0,0,0,0,0,0
240100,1,1,1998,0,0,0,0,0,0,0,0,0,0
240100,2,1,1998,0,0,0,0,0,0,0,0,0,0
240101,1,1,1998,0,0,0,0,0,0,0,0,0,0
240101,2,1,1998,0,0,0,0,0,0,0,0,0,0
240102,1,1,1998,0,0,0,0,0,0,0,0,0,0
240102,2,1,1998,0,0,0,0,0,0,0,0,0,0
240103,1,1,1998,0,0,0,0,0,0,0,0,0,0
240104,0,1,1998,17,17,17,17,17,17,17,17,17,17
240104,1,1,1998,17,8,5,25,22,18,19,19,16,18
240105,1,1,1998,0,0,0,0,0,0,0,0,0,0
240105,2,1,1998,0,0,0,0,0,0,0,0,0,0
240105,3,1,1998,0,0,0,0,0,0,0,0,0,0
240106,1,1,1998,0,0,0,0,0,0,0,0,0,0
240106,2,1,1998,0,0,0,0,0,0,0,22,0,8
240106,3,1,1998,0,0,0,0,0,0,0,0,0,0
240107,1,1,1998,25,25,25,25,25,25,25,25,25,25
240108,1,1,1998,2,2,2,2,2,2,2,2,2,2
240109,0,1,1998,0,0,0,0,0,0,0,0,0,0
240109,1,1,1998,0,0,0,0,0,0,0,0,0,0
240110,1,1,1998,12,0,0,0,0,0,0,0,0,0
240110,2,1,1998,0,0,0,0,0,0,0,0,0,0
240111,1,1,1998,0,0,0,0,0,0,0,0,0,0
240111,2,1,1998,0,0,0,0,0,14,0,0,0,0
240112,1,1,1998,0,0,0,0,0,0,0,0,0,0
240112,2,1,1998,0,0,0,0,0,0,0,0,0,0
240112,3,1,1998,0,0,0,0,0,0,0,0,0,0
240113,1,1,1998,0,0,0,0,0,0,0,0,0,0
240113,2,1,1998,0,0,0,0,0,0,0,0,0,0
240114,1,1,1998,0,0,0,0,0,0,0,0,0,0
240114,2,1,1998,0,0,0,0,0,0,0,0,0,0
240114,3,1,1998,0,0,0,0,0,0,0,0,0,0
240115,0,1,1998,13,13,13,13,13,13,13,13,13,13
240115,1,1,1998,0,0,0,0,8,0,0,0,0,0
240116,1,1,1998,26,12,22,14,2,15,15,18,17,22
240117,1,1,1998,8,8,8,8,8,8,8,8,8,8
240118,1,1,1998,33,17,19,26,15,2,17,16,18,21
240119,1,1,1998,0,0,0,0,0,0,0,0,0,0
240119,2,1,1998,0,0,0,0,0,0,0,0,0,0
240120,1,1,1998,13,13,13,13,13,13,13,13,13,13
240120,2,1,1998,27,27,27,27,27,27,27,27,27,27
240121,1,1,1998,0,0,0,0,0,0,0,0,0,0
240121,2,1,1998,8,6,21,10,16,0,5,7,14,5
240121,3,1,1998,17,0,5,42,18,30,9,7,9,0
240122,1,1,1998,0,0,0,0,0,0,0,0,0,0
240122,2,1,1998,0,0,0,0,0,0,0,0,0,0
240123,1,1,1998,18,29,14,13,18,0,16,31,27,25
240124,1,1,1998,0,0,0,0,0,0,0,0,0,0
240124,2,1,1998,0,0,0,0,0,0,0,0,0,0
240125,1,1,1998,0,0,0,0,0,0,0,0,0,0
240125,2,1,1998,0,0,0,0,0,0,0,5,0,0
240126,1,1,1998,24,24,24,24,24,24,24,24,24,24
240126,2,1,1998,0,0,0,0,0,0,0,0,0,0
240127,1,1,1998,26,26,26,26,26,26,26,26,26,26
240128,0,1,1998,0,0,0,0,0,0,0,0,0,0
240128,1,1,1998,0,0,0,0,0,0,0,0,0,0
240129,0,1,1998,25,25,25,25,25,25,25,25,25,25
240129,1,1,1998,7,0,8,0,0,0,0,0,0,0
240129,2,1,1998,7,7,7,7,7,7,7,7,7,7
240130,1,1,1998,4,4,4,4,4,4,4,4,4,4
240131,1,1,1998,0,0,0,0,0,0,0,0,0,0
240131,2,1,1998,0,0,0,0,0,0,0,0,0,0
240132,1,1,1998,13,13,13,13,13,13,13,13,13,13
240133,0,1,1998,40,40,40,40,40,40,40,40,40,40
240133,1,1,1998,0,0,0,0,0,0,0,0,0,0
240134,1,1,1998,0,0,0,0,0,0,11,0,0,0
240134,2,1,1998,0,0,0,0,0,0,0,0,0,0
240134,3,1,1998,0,0,0,0,0,0,0,0,0,0
240135,1,1,1998,0,0,0,0,0,0,0,0,0,0
240136,0,1,1998,6,6,6,6,6,6,6,6,6,6
240136,1,1,1998,0,0,0,0,0,0,0,0,0,0
240137,1,1,1998,0,0,0,0,0,0,0,0,0,0
240137,2,1,1998,0,0,0,0,0,0,0,0,0,0
240137,3,1,1998,0,0,0,0,0,0,0,0,0,0
240138,1,1,1998,0,0,0,0,0,0,0,0,0,0
240138,2,1,1998,0,0,0,0,0,0,0,0,0,0
240139,1,1,1998,0,0,0,0,0,0,0,0,0,0
240139,2,1,1998,0,0,0,0,0,0,0,0,0,0
240140,1,1,1998,0,0,0,0,0,0,0,0,0,0
240140,2,1,1998,0,0,0,0,0,0,0,0,0,0
240141,1,1,1998,17,20,13,13,9,9,12,28,20,5
240142,0,1,1998,16,16,16,16,16,16,16,16,16,16
240142,1,1,1998,0,0,0,0,0,0,0,0,0,0
240143,0,1,1998,0,0,0,0,0,23,0,0,0,0
240143,1,1,1998,0,0,0,0,0,0,0,0,0,0
240144,1,1,1998,19,19,19,19,19,19,19,19,19,19
240144,2,1,1998,0,0,0,0,0,0,0,0,0,0
240145,0,1,1998,0,0,0,0,0,0,0,0,0,0
240145,1,1,1998,0,0,0,9,0,0,0,0,0,0
240146,1,1,1998,0,0,16,0,0,0,0,0,0,0
240147,1,1,1998,0,0,0,0,0,0,0,0,0,0
240147,2,1,1998,0,0,0,0,0,0,0,0,0,0
240148,1,1,1998,0,0,0,0,0,0,0,0,0,0
240148,2,1,1998,0,0,0,0,0,0,0,0,0,0
240148,3,1,1998,0,0,0,0,0,0,0,0,0,0
240149,1,1,1998,0,0,0,0,0,0,0,0,0,0
240149,2,1,1998,0,0,0,0,0,0,0,0,0,0
240150,1,1,1998,0,0,0,0,0,0,0,0,0,0
240151,1,1,1998,0,0,0,0,0,0,0,0,0,0
240151,2,1,1998,0,0,0,0,0,0,0,0,0,0
240152,1,1,1998,0,0,0,0,0,0,0,0,0,0
240152,2,1,1998,0,0,0,0,0,0,0,0,0,0
240153,1,1,1998,0,0,0,0,0,0,0,0,0,0
240153,2,1,1998,0,0,0,0,0,0,0,0,0,0
240153,3,1,1998,0,0,0,0,0,0,0,0,0,0
240154,1,1,1998,0,0,12,7,0,0,0,0,0,8
240155,1,1,1998,0,13,4,0,20,0,0,0,0,0
240155,2,1,1998,0,0,12,0,0,0,0,0,0,0
240156,1,1,1998,0,0,0,0,0,0,0,0,0,0
240156,2,1,1998,0,0,0,0,0,0,0,0,0,0
240157,1,1,1998,0,0,0,0,0,0,13,10,0,0
240157,2,1,1998,0,0,0,0,0,0,0,0,0,0
240158,1,1,1998,12,12,12,12,12,12,12,12,12,12
240158,2,1,1998,0,0,0,0,0,0,8,0,0,0
240159,1,1,1998,19,19,19,19,19,19,19,19,19,19
240160,1,1,1998,0,0,0,0,0,0,0,0,0,0
240160,2,1,1998,0,0,0,0,0,0,0,0,0,0
240161,0,1,1998,0,0,0,0,0,0,0,0,7,13
240161,1,1,1998,0,0,0,0,0,0,0,0,0,0
240162,1,1,1998,0,0,0,0,0,0,0,0,0,0
240163,1,1,1998,22,10,29,16,11,11,3,0,19,23
240164,1,1,1998,0,0,0,0,0,0,0,0,14,0
240165,1,1,1998,27,27,27,27,27,27,27,27,27,27
240166,1,1,1998,8,0,28,0,0,0,0,0,15,0
240167,1,1,1998,0,0,0,0,0,0,0,0,0,0
240167,2,1,1998,0,0,0,0,0,0,0,0,0,0
240167,3,1,1998,0,9,0,0,0,0,0,0,0,0
240168,1,1,1998,0,0,0,0,0,0,0,0,0,0
240168,2,1,1998,0,0,0,0,0,0,0,0,0,0
240169,0,1,1998,0,0,0,0,0,0,0,0,0,0
240169,0,2,1998,0,0,0,0,0,0,0,0,0,0
240169,1,1,1998,0,0,0,0,0,0,0,0,13,0
240170,1,1,1998,0,0,0,0,0,0,0,0,0,0
240170,2,1,1998,0,0,0,0,0,0,0,0,0,0
240170,3,1,1998,0,0,0,0,0,0,0,0,0,0
240171,1,1,1998,12,15,8,28,16,18,22,17,16,16
240171,2,1,1998,0,0,0,0,0,0,0,0,0,0
240172,1,1,1998,3,3,3,3,3,3,3,3,3,3
240173,0,1,1998,14,14,14,14,14,14,14,14,14,14
240173,1,1,1998,0,0,21,0,0,0,13,0,0,8
240174,0,1,1998,0,0,0,3,0,0,0,0,0,8
240174,1,1,1998,0,0,0,0,0,0,0,0,0,0
240175,1,1,1998,0,0,0,0,0,0,0,0,0,0
240175,2,1,1998,0,0,0,0,0,0,0,0,0,0
240176,1,1,1998,7,11,9,22,13,12,2,4,7,7
240176,2,1,1998,0,0,0,0,0,0,0,0,0,0
240177,0,1,1998,20,20,20,20,20,20,20,20,20,20
240177,1,1,1998,0,4,0,0,0,0,0,0,0,0
240178,1,1,1998,0,0,0,0,0,0,0,0,0,0
240178,2,1,1998,0,0,0,0,0,0,0,0,0,0
240179,1,1,1998,0,0,0,0,0,0,0,0,0,0
240179,2,1,1998,0,0,0,0,0,0,0,0,0,0
240180,1,1,1998,0,0,0,0,0,0,0,0,0,0
240181,1,1,1998,0,0,0,0,22,0,0,0,11,0
240181,2,1,1998,0,0,0,0,0,0,0,0,13,0
240182,1,1,1998,9,9,9,9,9,9,9,9,9,9
240183,1,1,1998,34,34,34,34,34,34,34,34,34,34
240184,1,1,1998,0,0,0,0,0,0,0,0,0,0
240185,1,1,1998,0,0,0,0,0,0,0,0,0,0
240186,1,1,1998,12,12,12,12,12,12,12,12,12,12
240186,2,1,1998,0,0,0,0,0,0,0,0,0,0
240186,3,1,1998,0,0,0,0,0,0,0,0,0,0
240187,0,1,1998,0,0,0,0,0,0,0,0,0,0
240187,1,1,1998,0,0,0,0,0,0,0,0,0,0
240188,1,1,1998,0,0,0,0,0,0,0,0,0,0
240189,1,1,1998,0,0,0,0,0,0,0,0,0,0
240190,1,1,1998,7,7,7,7,7,7,7,7,7,7
240191,1,1,1998,0,0,0,0,0,0,0,0,0,0
240192,0,1,1998,16,16,16,16,16,16,16,16,16,16
240192,1,1,1998,0,0,0,0,0,0,0,0,0,0
240193,0,1,1998,0,0,0,0,0,0,0,0,0,0
240193,1,1,1998,0,0,0,0,0,0,0,0,0,0
240194,1,1,1998,0,0,0,0,0,0,0,0,0,0
240194,2,1,1998,0,0,0,0,4,0,0,0,0,0
240195,1,1,1998,25,25,25,25,25,25,25,25,25,25
240196,1,1,1998,16,16,16,16,16,16,16,16,16,16
240197,1,1,1998,26,0,0,0,0,0,0,0,0,0
240197,2,1,1998,0,0,0,0,0,0,0,0,0,0
240198,1,1,1998,4,0,0,17,0,0,0,0,0,0
240198,2,1,1998,0,7,0,0,0,0,0,4,0,0
240199,1,1,1998,0,0,21,8,0,0,0,0,0,0
240200,1,2,1998,19,19,19,19,19,19,19,19,19,19
240201,1,1,1998,11,11,11,11,11,11,11,11,11,11
240202,1,1,1998,0,0,0,0,0,0,0,0,0,0
240203,0,1,1998,0,0,0,0,0,0,0,0,0,0
240203,1,1,1998,5,5,5,5,5,5,5,5,5,5
240204,1,1,1998,0,0,0,0,0,0,0,0,0,0
240205,1,1,1998,7,7,7,7,7,7,7,7,7,7
240206,1,1,1998,16,16,16,16,16,16,16,16,16,16
240207,1,1,1998,0,0,0,0,0,0,0,0,0,0
240207,2,1,1998,0,0,0,0,0,0,0,0,0,0
240208,1,1,1998,20,20,20,20,20,20,20,20,20,20
240209,0,1,1998,0,0,0,0,0,0,0,0,0,0
240209,1,1,1998,0,0,0,0,0,0,0,0,0,0
240210,0,1,1998,20,20,20,20,20,20,20,20,20,20
240210,1,1,1998,0,0,0,0,0,0,0,0,0,0
240211,1,1,1998,0,0,0,0,0,0,0,0,0,0
240211,2,1,1998,0,0,0,0,0,11,0,0,0,8
240212,1,1,1998,28,28,28,28,28,28,28,28,28,28
240212,2,1,1998,0,0,0,0,0,0,0,0,0,0
240213,1,1,1998,4,3,11,0,0,0,4,24,10,0
240214,1,1,1998,0,0,0,0,0,0,0,0,0,0
240214,2,1,1998,0,0,0,0,0,0,0,0,0,0
240215,0,1,1998,13,13,13,13,13,13,13,13,13,13
240215,1,1,1998,0,0,0,0,0,0,0,0,0,0
240216,1,1,1998,0,0,0,0,0,0,0,0,0,0
240217,0,1,1998,11,8,16,29,14,0,0,0,6,0
240217,1,1,1998,0,0,0,0,0,0,0,0,0,0
240218,1,1,1998,0,0,0,0,0,0,0,0,0,0
240219,1,1,1998,8,8,8,8,8,8,8,8,8,8
240220,1,1,1998,0,0,0,0,0,0,0,0,0,0
240221,1,1,1998,0,0,0,0,0,0,0,0,0,0
240221,2,1,1998,0,0,7,0,0,0,0,0,0,0
240222,1,1,1998,9,0,0,0,0,0,23,15,0,0
240223,1,1,1998,9,9,9,9,9,9,9,9,9,9
240223,2,1,1998,2,2,2,2,2,2,2,2,2,2
240224,1,1,1998,21,21,21,21,21,21,21,21,21,21
240224,2,1,1998,0,0,0,0,0,0,0,0,0,0
240225,1,1,1998,22,22,22,22,22,22,22,22,22,22
240226,0,1,1998,0,0,0,0,0,0,0,0,0,0
240227,1,1,1998,0,0,0,0,0,0,0,0,0,0
240228,1,1,1998,0,0,0,0,0,0,0,0,0,0
240229,1,1,1998,13,16,22,12,17,5,9,21,12,15
240230,1,1,1998,0,0,0,0,0,0,0,0,0,0
240231,1,1,1998,6,6,6,6,6,6,6,6,6,6
240231,2,1,1998,0,0,0,0,0,0,0,0,0,0
240232,1,1,1998,13,12,6,15,6,25,21,25,22,25
240232,2,1,1998,0,0,0,0,0,0,0,0,0,0
240233,1,1,1998,12,12,12,12,12,12,12,12,12,12
240234,0,1,1998,0,0,0,0,0,0,0,0,0,0
240234,1,1,1998,0,0,0,0,0,0,0,0,0,0
240235,1,1,1998,11,26,6,13,22,6,18,11,23,12
240236,0,1,1998,0,0,0,0,0,0,0,0,0,0
240236,1,1,1998,0,0,0,0,0,0,0,0,0,0
240237,1,1,1998,3,3,3,3,3,3,3,3,3,3
240237,2,1,1998,0,0,0,0,0,0,0,0,0,0
240238,1,1,1998,16,20,2,10,11,14,8,0,11,0
240238,2,1,1998,2,2,2,2,2,2,2,2,2,2
240239,1,1,1998,0,0,0,0,0,0,0,0,0,0
240240,1,1,1998,0,0,0,0,0,0,0,0,0,0
240241,1,1,1998,0,0,0,0,0,0,0,0,0,0
240241,2,1,1998,0,0,0,0,0,0,0,0,0,0
240241,3,1,1998,0,0,0,0,0,0,0,0,0,0
240242,0,1,1998,0,0,0,0,0,0,0,0,0,0
240242,1,1,1998,0,0,0,0,0,0,0,0,0,0
240243,1,1,1998,0,0,0,0,0,0,0,0,0,0
240243,2,1,1998,0,0,0,0,0,0,0,0,0,0
240244,1,1,1998,0,0,0,0,0,0,0,0,0,0
240244,2,1,1998,0,0,0,0,0,0,0,0,0,0
240245,1,1,1998,0,0,0,0,0,0,0,0,0,0
240246,0,1,1998,9,9,9,9,9,9,9,9,9,9
240246,1,1,1998,10,10,10,10,10,10,10,10,10,10
240247,1,1,1998,0,0,0,0,0,0,0,0,0,0
240248,1,1,1998,0,0,8,0,0,0,0,0,0,0
240248,2,1,1998,0,0,0,0,0,0,0,0,0,0
240249,1,1,1998,0,0,0,0,0,0,0,0,0,0
240249,2,1,1998,0,0,0,0,0,0,8,0,0,0
240250,1,1,1998,0,0,0,0,0,0,0,0,0,0
240250,2,1,1998,0,0,0,0,0,0,0,0,0,0
240251,1,1,1998,1,1,1,1,1,1,1,1,1,1
240252,1,1,1998,15,4,21,6,19,15,12,15,19,31
240253,1,1,1998,0,0,0,0,0,0,0,0,0,0
240254,1,1,1998,0,0,0,0,0,0,0,0,0,0
240255,1,1,1998,6,6,6,6,6,6,6,6,6,6
240255,2,1,1998,0,0,0,0,0,0,0,0,0,13
240256,1,1,1998,0,0,0,0,0,0,0,0,0,0
240256,2,1,1998,0,0,0,0,0,0,0,0,0,0
240257,1,1,1998,0,0,0,0,0,0,0,0,0,0
240258,0,1,1998,0,0,0,0,0,0,0,0,0,0
240258,1,1,1998,0,0,0,0,0,0,0,0,0,0
240259,1,1,1998,29,29,29,29,29,29,29,29,29,29
240260,1,1,1998,16,23,13,22,14,23,17,15,5,4
240261,1,1,1998,0,0,0,0,0,0,3,0,0,0
240261,2,1,1998,0,0,0,0,0,0,0,0,0,0
240261,3,1,1998,0,0,0,0,0,0,0,0,0,0
240262,1,1,1998,0,0,0,0,0,0,0,0,0,0
240263,0,1,1998,18,18,18,18,18,18,18,18,18,18
240263,1,1,1998,22,22,22,22,22,22,22,22,22,22
240264,0,1,1998,31,31,31,31,31,31,31,31,31,31
240264,1,1,1998,0,0,0,0,0,0,0,0,0,0
240264,2,1,1998,0,0,0,0,0,0,2,0,0,0
240265,1,1,1998,18,18,18,18,18,18,18,18,18,18
240265,2,1,1998,0,0,0,0,0,0,0,0,0,0
240266,1,1,1998,0,0,0,0,0,0,0,0,0,0
240267,1,1,1998,0,0,0,0,0,0,0,0,0,0
240267,2,1,1998,0,0,0,0,0,0,0,0,0,0
240268,1,1,1998,0,0,0,0,0,0,0,0,0,0
240268,2,1,1998,0,0,0,0,0,0,0,0,0,0
240268,3,1,1998,0,0,0,0,0,0,0,0,0,0
240268,4,1,1998,0,0,0,0,0,0,0,0,10,0
240269,1,1,1998,0,0,0,0,0,0,0,0,0,0
240270,1,1,1998,0,0,0,0,0,0,0,0,0,0
240270,2,1,1998,0,0,0,0,0,0,0,0,0,0
240270,3,1,1998,0,0,0,0,0,0,0,0,0,0
240271,0,1,1998,0,0,0,0,0,0,0,0,0,0
240271,1,1,1998,0,0,0,0,0,0,0,0,0,0
240272,1,1,1998,0,0,0,0,0,0,0,0,0,0
240272,2,1,1998,0,0,0,0,0,0,0,0,0,0
240273,1,1,1998,6,6,6,6,6,6,6,6,6,6
240274,0,1,1998,0,0,0,0,0,0,0,0,0,0
240274,1,1,1998,0,0,0,0,0,0,0,0,0,0
240275,1,1,1998,0,0,0,0,0,0,0,0,0,0
240276,1,1,1998,0,0,0,0,0,0,0,0,0,0
240277,1,1,1998,0,0,0,0,0,0,0,0,0,0
240278,1,1,1998,0,0,0,0,0,0,0,0,0,0
240279,1,1,1998,13,13,13,13,13,13,13,13,13,13
240280,1,1,1998,16,20,0,0,0,0,0,0,0,0
240280,2,1,1998,0,0,14,0,0,0,15,0,0,0
240280,3,1,1998,0,0,0,0,0,0,0,0,0,0
240281,1,1,1998,9,13,0,12,0,6,0,16,10,0
240281,2,1,1998,0,0,0,0,0,0,0,0,0,0
240282,1,1,1998,23,23,23,23,23,23,23,23,23,23
240282,2,1,1998,0,0,0,0,0,0,0,0,0,0
240283,1,1,1998,0,0,0,0,0,0,0,0,0,0
240283,2,1,1998,0,0,0,0,0,0,0,0,0,0
240284,1,1,1998,6,15,3,13,25,7,10,18,3,7
240284,2,1,1998,0,0,0,0,0,0,0,0,0,0
240285,1,1,1998,0,0,0,0,0,0,0,0,0,0
240286,1,1,1998,0,0,0,0,0,0,0,0,0,0
240286,2,1,1998,0,0,0,0,0,0,0,0,0,0
240287,1,1,1998,0,0,0,0,0,0,0,0,0,0
240287,2,1,1998,0,0,0,0,0,0,0,0,0,0
240288,1,1,1998,0,0,0,0,0,0,0,0,0,12
240289,1,1,1998,14,11,11,19,19,13,11,12,31,17
240290,1,1,1998,10,10,10,10,10,10,10,10,10,10
240291,1,1,1998,0,0,0,0,0,0,0,0,0,0
240291,2,1,1998,0,0,0,0,0,0,0,0,0,0
240292,0,1,1998,16,16,16,16,16,16,16,16,16,16
240292,1,1,1998,0,0,0,0,0,0,0,0,0,0
240293,1,1,1998,19,19,19,19,19,19,19,19,19,19
240294,1,1,1998,0,0,0,0,0,0,0,0,0,0
240294,2,1,1998,0,0,0,0,0,0,0,0,0,0
240295,1,1,1998,0,0,0,0,0,0,0,0,0,0
240296,1,1,1998,0,0,0,0,0,0,0,0,0,0
240296,2,1,1998,0,0,0,0,0,0,0,0,0,0
240297,1,1,1998,0,0,0,0,0,0,0,0,0,0
240298,1,1,1998,0,0,0,0,0,0,0,0,0,0
240298,2,1,1998,0,0,0,0,0,0,0,0,0,0
240299,1,1,1998,0,0,0,0,0,0,0,0,0,0
240300,1,1,1998,0,0,0,0,0,0,0,0,0,0
240301,1,1,1998,0,0,0,0,0,0,0,0,0,0
240302,1,1,1998,0,0,0,0,0,0,0,0,0,0
240302,2,1,1998,0,0,0,0,0,0,0,0,0,0
240303,1,1,1998,0,0,0,0,0,0,0,0,0,0
240303,2,1,1998,0,0,0,0,0,0,0,0,0,0
240304,1,1,1998,0,0,0,0,0,0,0,0,0,0
240304,2,1,1998,0,0,0,0,0,0,0,0,0,0
240305,1,1,1998,0,0,0,0,0,0,0,0,0,0
240306,1,1,1998,0,0,0,0,0,0,0,0,0,0
240306,2,1,1998,0,0,0,0,0,0,0,0,0,0
240307,1,1,1998,0,0,0,0,0,0,0,0,0,0
240307,2,1,1998,0,0,0,0,0,0,0,0,0,6
240307,3,1,1998,0,0,0,0,0,0,0,0,0,8
240307,4,1,1998,0,0,0,0,0,0,0,0,0,0
240307,5,1,1998,0,0,0,0,0,0,0,0,0,0
240308,1,1,1998,9,9,9,9,9,9,9,9,9,9
240308,2,1,1998,0,0,0,0,0,0,0,0,0,0
240309,1,1,1998,0,0,0,0,0,10,0,0,0,0
240310,1,1,1998,8,0,17,0,23,0,0,0,0,0
240310,2,1,1998,0,0,0,0,0,12,0,0,0,0
240310,3,1,1998,0,0,0,0,0,0,0,0,0,0
240311,1,1,1998,2,2,2,2,2,2,2,2,2,2