ST_CASE,VEH_NO,PER_NO,YEAR,P1,P2,P3,P4,P5,P6,P7,P8,P9,P10
240311,2,1,1998,0,0,0,0,0,0,0,0,0,0
240312,1,1,1998,0,0,0,0,0,0,0,0,0,0
240312,2,1,1998,0,0,0,0,0,0,0,0,0,0
240313,1,1,1998,0,0,0,0,0,0,0,0,0,0
240314,0,1,1998,0,0,0,0,0,0,0,0,0,0
240314,1,1,1998,0,0,0,0,0,0,0,0,0,0
240315,0,1,1998,0,0,0,0,0,0,0,0,0,0
240315,1,1,1998,0,0,0,0,0,0,0,0,0,9
240315,2,1,1998,5,0,0,0,0,0,0,0,0,0
240315,3,1,1998,0,0,0,0,0,0,11,11,0,10
240315,4,1,1998,0,0,0,0,0,8,0,0,0,0
240316,1,1,1998,0,0,0,0,0,0,0,0,0,0
240316,2,1,1998,0,0,0,0,0,0,0,0,0,0
240317,1,1,1998,0,0,0,4,9,0,0,0,9,0
240318,1,1,1998,0,0,0,0,0,0,0,0,0,0
240319,0,1,1998,0,0,0,0,0,0,0,0,0,0
240319,1,1,1998,0,0,0,0,0,0,0,0,0,0
240320,2,1,1998,13,13,13,13,13,13,13,13,13,13
240321,1,1,1998,2,2,2,2,2,2,2,2,2,2
240321,2,1,1998,0,0,0,0,0,0,0,0,0,0
240322,1,1,1998,0,0,0,0,0,0,0,0,0,0
240323,1,1,1998,0,0,0,0,0,0,0,0,0,0
240323,2,1,1998,24,24,24,24,24,24,24,24,24,24
240324,1,1,1998,0,0,0,0,0,0,0,0,0,0
240324,2,1,1998,0,0,0,0,0,0,0,0,0,0
240325,1,1,1998,2,2,2,2,2,2,2,2,2,2
240326,0,1,1998,22,22,22,22,22,22,22,22,22,22
240326,1,1,1998,0,0,0,0,11,0,14,0,14,0
240327,1,1,1998,0,0,0,0,0,0,0,0,0,0
240327,2,1,1998,0,0,0,0,0,0,0,0,0,0
240327,3,1,1998,0,0,0,0,0,0,0,0,0,0
240328,0,1,1998,0,0,0,0,0,0,0,0,0,0
240328,1,1,1998,0,0,0,0,0,0,0,0,15,0
240329,1,1,1998,0,0,0,0,0,0,0,0,0,0
240330,1,1,1998,0,0,0,0,0,0,0,0,0,0
240330,2,1,1998,0,0,0,0,26,0,0,14,0,0
240331,1,1,1998,0,0,0,11,0,0,0,0,0,0
240331,2,1,1998,0,0,0,0,0,0,0,0,0,0
240331,3,1,1998,0,0,0,0,0,0,0,0,0,0
240332,1,1,1998,0,0,0,0,0,0,0,0,0,0
240333,0,1,1998,0,0,0,0,0,0,0,0,0,0
240333,1,1,1998,0,0,0,0,0,0,0,11,0,0
240334,1,1,1998,0,0,0,0,0,0,0,0,0,0
240334,2,1,1998,22,22,22,22,22,22,22,22,22,22
240335,1,1,1998,0,0,0,0,0,0,0,0,0,0
240335,2,1,1998,0,0,0,0,0,0,0,0,0,0
240336,1,1,1998,0,0,0,0,0,0,0,0,0,0
240336,2,1,1998,0,0,0,0,0,0,0,0,0,0
240337,1,1,1998,0,0,0,0,0,0,0,0,0,0
240337,2,1,1998,0,0,0,0,0,0,0,0,0,0
240337,3,1,1998,0,0,0,0,13,0,0,0,0,0
240338,1,1,1998,16,23,29,37,0,33,25,19,16,34
240339,1,1,1998,0,0,0,5,0,0,0,0,0,0
240339,2,1,1998,0,0,0,0,0,17,0,0,0,0
240339,3,1,1998,0,0,0,0,0,0,0,0,0,0
240340,1,1,1998,0,0,0,0,0,0,0,0,0,0
240340,2,1,1998,0,0,0,0,0,0,0,0,0,0
240340,3,1,1998,0,0,0,0,0,0,0,0,0,0
240341,1,1,1998,0,0,0,0,0,0,0,0,0,0
240341,2,1,1998,11,11,11,11,11,11,11,11,11,11
240342,1,1,1998,12,12,12,12,12,12,12,12,12,12
240343,1,1,1998,0,0,0,0,0,0,0,0,0,0
240344,1,1,1998,13,13,13,13,13,13,13,13,13,13
240345,1,1,1998,20,26,4,10,17,27,12,14,11,16
240345,2,1,1998,0,0,0,0,0,0,0,0,0,0
240345,3,1,1998,0,0,0,0,0,0,0,0,0,0
240346,0,1,1998,0,0,0,0,0,0,0,0,0,0
240346,1,1,1998,0,0,0,0,0,0,0,0,0,0
240347,1,1,1998,0,0,0,0,0,0,0,0,0,0
240348,1,1,1998,0,0,0,0,0,0,0,0,0,0
240348,2,1,1998,0,0,0,0,0,0,5,0,0,0
240349,1,1,1998,0,0,0,0,0,0,0,0,0,0
240349,2,1,1998,0,0,0,0,0,0,0,0,0,0
240350,1,1,1998,14,14,14,14,14,14,14,14,14,14
240351,1,1,1998,0,0,0,0,0,0,0,0,0,0
240351,2,1,1998,0,0,0,0,0,0,10,0,0,0
240352,1,1,1998,14,16,6,8,18,0,6,16,0,0
240353,1,1,1998,6,25,35,0,18,0,11,13,6,14
240353,2,1,1998,0,0,0,0,0,7,0,0,0,0
240353,3,1,1998,0,0,0,0,0,0,0,0,0,0
240354,1,1,1998,0,0,0,0,0,0,0,0,0,0
240354,2,1,1998,0,0,0,0,0,0,0,8,6,0
240355,1,1,1998,0,0,0,0,0,0,0,0,0,0
240355,2,1,1998,0,0,0,0,0,0,0,0,0,0
240356,1,1,1998,0,0,0,0,0,0,0,0,0,0
240356,2,1,1998,0,0,0,0,0,0,0,0,0,0
240357,1,1,1998,24,24,24,24,24,24,24,24,24,24
240358,1,1,1998,23,0,8,0,45,15,19,11,4,0
240358,2,1,1998,0,0,0,0,0,0,0,0,0,0
240359,1,1,1998,0,0,0,0,0,0,0,0,0,0
240359,2,1,1998,0,0,0,0,0,0,0,0,0,0
240360,0,1,1998,0,0,0,0,0,0,0,0,0,0
240360,1,1,1998,0,0,0,0,0,0,0,0,0,0
240361,0,1,1998,0,0,0,0,0,0,0,0,0,0
240361,0,2,1998,0,0,0,0,21,0,0,0,0,0
240361,1,1,1998,0,0,0,0,0,0,0,0,0,0
240361,2,1,1998,0,0,0,0,4,0,0,0,0,0
240362,1,1,1998,0,0,0,0,0,0,0,0,0,0
240362,2,1,1998,0,0,0,0,0,0,0,0,0,0
240363,1,1,1998,18,11,0,8,17,9,16,16,18,26
240364,0,1,1998,0,0,0,18,0,0,0,35,0,0
240364,1,1,1998,0,0,0,0,0,0,0,0,0,0
240365,1,1,1998,0,0,0,0,0,0,0,0,0,0
240365,2,1,1998,0,0,0,0,0,0,0,0,0,0
240365,3,1,1998,0,0,0,0,0,0,0,0,0,0
240366,1,1,1998,0,0,0,0,0,0,0,0,0,0
240366,2,1,1998,0,0,0,0,0,0,0,0,0,0
240367,0,1,1998,0,0,0,0,0,0,0,0,0,0
240367,1,1,1998,0,0,0,0,0,0,0,0,0,0
240368,1,1,1998,13,13,13,13,13,13,13,13,13,13
240369,0,1,1998,10,10,10,10,10,10,10,10,10,10
240369,1,1,1998,4,0,0,0,0,0,0,5,0,8
240370,1,1,1998,0,0,0,0,0,0,0,0,0,0
240370,2,1,1998,0,0,0,0,0,0,0,0,7,0
240371,1,1,1998,0,0,0,0,0,0,0,0,0,0
240371,2,1,1998,0,0,0,0,0,0,0,0,0,0
240372,0,1,1998,16,16,16,16,16,16,16,16,16,16
240372,1,1,1998,0,0,0,0,0,0,0,0,0,0
240373,1,1,1998,12,30,25,11,13,16,4,13,13,3
240374,0,1,1998,5,5,5,5,5,5,5,5,5,5
240374,1,1,1998,0,12,0,14,0,3,0,12,14,0
240375,0,1,1998,0,0,0,0,0,0,0,0,0,0
240375,1,1,1998,6,6,6,6,6,6,6,6,6,6
240376,1,1,1998,0,0,0,0,0,0,0,0,0,0
240377,1,1,1998,0,0,0,0,0,0,0,0,0,0
240378,1,1,1998,0,0,0,0,0,0,0,0,0,0
240378,2,1,1998,0,0,0,0,0,0,0,0,0,0
240379,0,1,1998,6,6,6,6,6,6,6,6,6,6
240379,0,2,1998,0,0,0,0,0,0,0,0,0,0
240379,1,1,1998,0,0,0,0,0,0,0,0,0,0
240380,0,1,1998,14,14,14,14,14,14,14,14,14,14
240380,1,1,1998,0,0,0,0,0,0,0,0,0,0
240381,1,1,1998,0,0,0,0,0,0,0,0,0,0
240381,2,1,1998,0,0,0,0,0,0,0,0,0,0
240381,3,1,1998,0,0,0,0,0,0,0,0,14,0
240382,1,1,1998,12,12,12,12,12,12,12,12,12,12
240383,1,1,1998,0,0,0,0,0,0,0,0,0,0
240383,2,1,1998,0,0,0,0,0,0,0,0,0,0
240384,1,1,1998,0,0,0,0,0,0,0,0,0,0
240385,0,1,1998,9,9,9,9,9,9,9,9,9,9
240385,1,1,1998,0,0,0,0,0,0,0,0,0,0
240386,1,1,1998,6,0,17,14,12,22,10,14,11,15
240386,2,1,1998,0,0,0,0,0,0,0,0,0,0
240387,1,1,1998,0,0,0,0,0,0,0,0,0,0
240387,2,1,1998,0,0,0,0,0,0,0,0,0,0
240388,1,1,1998,36,23,15,16,17,18,49,19,30,25
240389,0,1,1998,31,31,31,31,31,31,31,31,31,31
240389,1,1,1998,7,0,0,0,0,0,0,0,0,0
240390,0,1,1998,2,2,2,2,2,2,2,2,2,2
240390,1,1,1998,0,0,0,0,0,0,0,0,0,0
240391,1,1,1998,0,0,0,0,0,0,0,0,0,0
240392,0,1,1998,0,0,0,0,0,0,0,0,0,0
240392,1,1,1998,0,0,0,0,0,0,0,0,0,0
240393,1,1,1998,18,18,18,18,18,18,18,18,18,18
240394,1,1,1998,11,0,0,0,0,0,0,0,0,0
240395,1,1,1998,0,5,0,0,0,0,0,0,0,0
240395,2,1,1998,0,0,0,0,0,0,0,0,0,0
240396,1,1,1998,10,10,10,10,10,10,10,10,10,10
240397,1,1,1998,0,0,0,0,0,0,0,0,0,0
240397,2,1,1998,0,0,0,0,0,0,0,0,0,0
240398,1,1,1998,0,0,0,0,0,0,0,0,0,0
240398,2,1,1998,0,0,0,0,0,0,0,0,0,12
240399,0,1,1998,0,0,0,0,0,0,0,0,0,0
240399,1,1,1998,0,0,0,0,0,0,0,0,0,0
240400,1,1,1998,0,0,0,0,0,0,0,10,0,0
240400,2,1,1998,0,0,0,0,0,0,0,0,0,0
240401,1,1,1998,17,17,17,17,17,17,17,17,17,17
240402,1,1,1998,0,0,0,0,0,0,0,0,0,0
240403,1,1,1998,0,0,0,0,0,0,0,0,0,0
240404,1,1,1998,0,0,0,0,0,0,0,0,0,0
240405,0,1,1998,18,18,18,18,18,18,18,18,18,18
240405,1,1,1998,0,0,0,0,0,0,0,0,0,0
240406,0,1,1998,0,0,0,0,0,0,0,0,0,0
240406,1,1,1998,16,16,16,16,16,16,16,16,16,16
240407,1,1,1998,0,0,0,0,0,0,0,0,0,0
240407,2,1,1998,0,0,0,0,0,0,0,0,0,0
240408,1,1,1998,0,0,0,0,0,0,0,0,0,0
240408,2,1,1998,0,0,0,0,0,0,0,0,0,0
240409,1,1,1998,0,0,0,0,0,0,0,0,0,0
240409,2,1,1998,0,0,0,0,0,0,0,0,0,0
240410,1,1,1998,34,16,29,20,16,17,21,10,14,15
240411,1,1,1998,0,0,0,0,0,0,0,0,0,0
240412,1,1,1998,0,0,0,0,0,0,0,0,0,0
240412,2,1,1998,0,0,0,0,0,0,0,0,0,0
240413,1,1,1998,0,0,0,0,0,0,0,0,0,0
240414,1,1,1998,15,15,15,15,15,15,15,15,15,15
240415,1,1,1998,15,31,16,14,11,19,17,5,6,16
240416,1,1,1998,0,0,0,0,0,0,0,0,0,0
240416,2,1,1998,0,0,0,0,0,0,0,0,0,0
240417,0,1,1998,0,0,0,0,0,0,0,0,0,0
240417,1,1,1998,0,0,0,0,0,0,0,0,0,0
240418,0,1,1998,0,0,0,0,0,0,0,0,0,0
240418,1,1,1998,12,0,0,0,0,0,0,0,0,0
240419,1,1,1998,0,0,0,0,0,0,0,0,0,0
240420,0,1,1998,0,0,0,0,0,0,0,0,0,0
240420,1,1,1998,0,0,15,0,0,0,0,0,0,0
240421,0,1,1998,0,0,0,0,0,0,0,0,0,0
240421,1,1,1998,0,0,0,0,0,0,0,0,0,0
240422,0,1,1998,16,16,16,16,16,16,16,16,16,16
240422,1,1,1998,12,0,0,0,0,0,16,9,0,0
240422,2,1,1998,0,0,0,0,5,0,0,0,0,0
240423,1,1,1998,0,0,0,0,0,0,0,0,0,0
240423,2,1,1998,0,0,0,0,0,0,0,0,0,0
240424,1,1,1998,0,0,0,0,0,0,0,0,0,0
240424,2,1,1998,0,0,0,0,0,0,0,0,0,0
240425,0,1,1998,0,0,0,0,0,0,0,0,0,0
240425,1,1,1998,0,0,0,0,0,0,0,0,0,0
240426,1,1,1998,21,21,21,21,21,21,21,21,21,21
240427,1,1,1998,23,30,34,39,24,15,0,11,6,20
240428,1,1,1998,0,0,0,0,0,0,0,0,0,0
240428,2,1,1998,0,0,0,0,0,0,0,0,0,0
240429,1,1,1998,0,0,0,0,0,0,0,0,0,0
240429,2,1,1998,0,0,0,0,0,0,3,0,0,0
240429,3,1,1998,0,0,0,0,0,0,0,0,0,0
240430,1,1,1998,0,0,3,0,20,6,14,0,0,12
240430,2,1,1998,0,0,0,0,0,0,0,0,0,0
240431,1,1,1998,4,1,0,0,0,0,6,0,0,0
240432,1,1,1998,0,0,0,0,0,0,0,0,0,0
240432,2,1,1998,0,0,0,0,0,0,0,0,0,0
240433,1,1,1998,17,0,26,23,0,0,0,36,16,17
240434,1,1,1998,0,0,0,0,0,0,0,0,0,0
240435,1,1,1998,0,0,0,0,0,0,0,0,0,0
240436,1,1,1998,0,0,0,0,0,0,0,0,0,0
240436,2,1,1998,0,0,0,0,0,0,0,0,0,0
240437,0,1,1998,0,0,0,0,0,0,0,0,0,0
240437,1,1,1998,0,0,0,0,0,0,0,0,0,0
240438,1,1,1998,10,10,10,10,10,10,10,10,10,10
240439,0,1,1998,20,20,20,20,20,20,20,20,20,20
240439,1,1,1998,0,0,0,0,0,0,0,0,0,0
240440,1,1,1998,0,0,0,0,0,0,0,0,0,0
240441,1,1,1998,29,29,29,29,29,29,29,29,29,29
240442,1,1,1998,0,0,0,0,0,0,0,0,0,0
240443,1,1,1998,0,0,0,0,23,0,0,0,0,0
240444,1,1,1998,0,0,0,0,0,0,0,0,0,6
240445,1,1,1998,24,9,0,21,12,8,21,7,7,20
240445,2,1,1998,0,0,0,0,0,0,0,0,0,0
240446,1,1,1998,0,0,0,0,0,0,0,0,0,0
240446,2,1,1998,19,0,0,0,0,0,0,0,0,0
240447,1,1,1998,23,23,23,23,23,23,23,23,23,23
240448,1,1,1998,13,13,13,13,13,13,13,13,13,13
240449,1,1,1998,0,0,0,0,0,0,0,0,0,0
240449,2,1,1998,0,0,0,0,0,0,0,0,0,0
240450,1,1,1998,0,0,0,0,0,0,0,0,0,0
240450,2,1,1998,0,0,0,0,0,0,0,0,0,0
240451,1,1,1998,0,0,0,0,0,0,0,0,0,0
240452,1,1,1998,0,0,0,0,0,0,0,0,0,0
240452,2,1,1998,0,0,0,0,0,0,0,0,0,0
240453,1,1,1998,0,0,0,0,0,0,0,0,0,0
240454,1,1,1998,0,0,0,0,0,0,0,0,0,0
240455,1,1,1998,0,0,0,0,0,0,0,0,0,0
240455,2,1,1998,0,0,0,0,0,0,0,0,0,0
240455,3,1,1998,0,0,0,0,0,0,0,0,0,0
240456,1,1,1998,18,18,18,18,18,18,18,18,18,18
240457,1,1,1998,0,0,0,0,0,0,0,0,0,0
240458,0,1,1998,0,0,0,0,0,0,0,0,0,0
240458,1,1,1998,0,0,0,0,0,0,0,0,0,0
240459,1,1,1998,29,29,29,29,29,29,29,29,29,29
240460,1,1,1998,26,26,26,26,26,26,26,26,26,26
240461,1,1,1998,0,0,0,0,0,0,0,0,0,0
240461,2,1,1998,0,0,0,0,0,0,0,0,0,0
240461,3,1,1998,0,0,0,0,10,0,0,0,0,0
240462,0,1,1998,0,0,0,0,0,0,0,0,0,0
240462,1,1,1998,0,0,0,0,0,0,0,0,0,0
240463,1,1,1998,0,0,0,0,0,0,0,0,0,0
240463,2,1,1998,0,0,0,0,0,0,0,0,0,0
240464,0,1,1998,0,0,0,0,0,0,0,0,0,0
240464,1,1,1998,0,0,0,0,0,0,0,0,0,0
240465,1,1,1998,0,0,0,0,0,0,0,0,0,0
240465,2,1,1998,0,0,0,0,0,0,0,0,0,0
240466,1,1,1998,4,4,4,4,4,4,4,4,4,4
240466,2,1,1998,0,0,0,0,0,0,0,0,0,0
240467,1,1,1998,17,12,2,7,26,8,4,30,14,21
240467,2,1,1998,0,0,0,0,0,0,0,0,0,0
240468,1,1,1998,0,0,0,0,0,0,0,0,0,0
240468,2,1,1998,0,0,0,17,0,0,0,0,0,0
240469,1,1,1998,0,0,0,0,0,0,0,0,0,0
240469,2,1,1998,0,0,0,0,0,0,0,0,0,0
240470,1,1,1998,0,0,0,0,0,0,0,0,0,0
240470,2,1,1998,0,0,0,0,0,0,0,0,0,0
240471,1,1,1998,7,0,0,8,14,0,0,16,6,2
240471,2,1,1998,0,0,0,0,0,0,0,0,0,0
240472,1,1,1998,16,16,16,16,16,16,16,16,16,16
240473,1,1,1998,0,0,0,0,0,0,0,0,0,0
240473,2,1,1998,0,0,0,0,0,0,0,0,0,0
240474,1,1,1998,16,35,0,25,0,0,0,0,0,0
240474,2,1,1998,0,0,0,0,0,0,0,0,0,0
240475,1,1,1998,0,0,0,0,0,0,0,0,0,0
240475,2,1,1998,0,0,0,4,0,0,0,0,0,0
240476,0,1,1998,19,19,19,19,19,19,19,19,19,19
240476,1,1,1998,0,0,0,0,0,0,0,0,0,0
240477,1,1,1998,18,18,18,18,18,18,18,18,18,18
240478,1,1,1998,0,0,0,0,0,0,0,0,0,0
240478,2,1,1998,0,0,0,0,0,0,0,0,0,0
240479,1,1,1998,0,0,0,0,0,0,0,0,0,0
240479,2,1,1998,0,0,0,0,0,0,0,0,0,0
240480,0,1,1998,15,15,15,15,15,15,15,15,15,15
240480,1,1,1998,0,24,0,0,0,0,0,0,0,0
240481,1,1,1998,0,0,0,0,0,0,0,0,0,0
240482,1,1,1998,0,0,0,0,0,0,0,0,0,0
240482,2,1,1998,0,0,0,0,0,0,0,0,0,0
240484,0,1,1998,0,0,0,0,0,0,0,0,0,0
240484,1,1,1998,0,0,0,0,0,0,0,0,0,0
240485,1,1,1998,6,6,6,6,6,6,6,6,6,6
240486,1,1,1998,0,0,0,0,0,0,0,0,0,0
240486,2,1,1998,0,0,0,0,0,0,0,0,0,0
240486,3,1,1998,0,18,0,0,0,16,0,0,0,0
240487,0,1,1998,14,14,14,14,14,14,14,14,14,14
240487,1,1,1998,0,0,0,0,0,0,0,0,0,0
240488,0,1,1998,16,5,16,36,10,16,16,17,2,27
240488,1,1,1998,0,0,0,0,0,0,0,0,0,0
240489,1,1,1998,0,0,0,0,0,0,0,0,0,0
240489,2,1,1998,0,0,0,0,0,0,0,0,0,0
240490,1,1,1998,0,0,0,0,0,0,0,0,0,0
240490,2,1,1998,0,0,0,0,0,0,0,0,0,0
240490,3,1,1998,0,0,0,0,0,0,0,0,0,0
240490,4,1,1998,0,0,0,0,0,0,0,0,0,0
240491,1,1,1998,8,8,8,8,8,8,8,8,8,8
240491,2,1,1998,4,4,4,4,4,4,4,4,4,4
240491,3,1,1998,0,0,0,0,0,0,0,0,0,0
240492,0,1,1998,0,0,0,0,0,0,0,0,0,0
240492,1,1,1998,0,0,0,0,0,0,0,0,0,0
240493,0,1,1998,0,0,0,0,0,0,0,0,0,0
240493,1,1,1998,0,0,0,0,0,10,0,0,0,0
240494,0,1,1998,0,0,0,0,0,0,0,0,0,0
240494,1,1,1998,15,15,15,15,15,15,15,15,15,15
240495,1,1,1998,11,2,18,26,20,18,12,20,0,15
240495,2,1,1998,0,0,0,0,0,0,0,0,0,0
240496,1,1,1998,0,0,0,0,0,0,0,0,0,0
240497,1,1,1998,0,0,0,0,0,0,0,0,0,0
240497,2,1,1998,0,0,0,0,0,0,0,0,0,0
240498,1,1,1998,0,0,0,0,0,0,0,0,0,0
240498,2,1,1998,0,0,4,0,0,0,0,0,0,0
240499,1,1,1998,0,0,0,0,0,0,0,0,0,0
240499,2,1,1998,0,0,0,0,0,0,0,0,0,0
240499,3,1,1998,0,0,0,0,0,0,0,0,0,0
240500,1,1,1998,4,4,4,4,4,4,4,4,4,4
240500,2,1,1998,0,0,0,0,0,0,0,0,0,0
240500,3,1,1998,0,0,0,0,0,0,0,0,0,0
240501,0,1,1998,0,0,0,14,0,0,6,0,7,6
240501,1,1,1998,0,0,0,0,0,0,0,0,0,0
240502,0,1,1998,0,0,0,16,0,27,0,0,0,3
240502,1,1,1998,0,0,0,0,0,0,0,0,0,0
240503,0,1,1998,0,5,0,0,0,0,14,0,0,0
240503,1,1,1998,0,0,0,0,0,0,0,0,0,0
240504,1,1,1998,0,0,0,0,0,0,0,0,0,0
240504,2,1,1998,0,0,0,0,0,0,0,0,0,0
240505,1,1,1998,0,0,0,0,0,0,0,0,0,0
240506,1,1,1998,0,0,0,0,0,0,0,0,0,0
240506,2,1,1998,18,18,18,18,18,18,18,18,18,18
240507,1,1,1998,0,0,0,0,0,0,0,0,0,0
240508,1,1,1998,0,0,0,0,0,0,0,0,0,0
240508,2,1,1998,0,0,0,0,0,0,0,0,0,0
240509,0,1,1998,0,0,0,0,0,0,0,0,0,0
240509,1,1,1998,0,0,0,0,0,0,0,0,0,0
240510,0,1,1998,0,0,0,0,0,0,0,0,0,0
240510,1,1,1998,0,0,0,0,0,0,0,0,0,0
240511,0,1,1998,0,0,0,0,0,0,0,0,0,0
240511,1,1,1998,0,0,6,6,20,0,11,0,9,7
240512,0,1,1998,0,0,0,0,0,0,0,0,0,0
240512,1,1,1998,0,0,0,8,0,0,0,0,0,0
240513,0,1,1998,0,0,0,0,0,0,0,0,0,0
240513,1,1,1998,0,0,0,0,0,0,0,0,0,0
240514,0,1,1998,0,0,0,0,0,0,0,0,0,0
240514,1,1,1998,0,0,0,0,0,0,0,0,0,0
240515,1,1,1998,0,0,0,0,16,9,0,19,0,0
240515,2,1,1998,0,0,0,0,0,0,0,0,0,0
240516,0,1,1998,0,0,0,0,0,0,0,0,0,0
240516,1,1,1998,4,4,4,4,4,4,4,4,4,4
240517,0,1,1998,0,0,0,25,14,0,38,0,27,19
240517,1,1,1998,0,0,0,0,0,0,0,0,0,0
240518,0,1,1998,0,0,0,0,0,0,0,0,0,0
240518,1,1,1998,0,0,0,0,0,0,0,0,0,0
240519,0,1,1998,0,0,0,0,0,0,0,0,0,0
240519,1,1,1998,27,0,0,0,0,0,0,3,0,0
240519,2,1,1998,0,0,0,0,0,0,0,0,0,22
240520,1,1,1998,0,0,0,0,2,6,0,0,0,0
240520,2,1,1998,0,0,0,0,0,0,0,0,0,0
240520,3,1,1998,0,0,0,0,0,0,0,0,0,0
240521,0,1,1998,0,0,0,0,0,0,0,0,0,0
240521,0,2,1998,0,0,0,16,0,0,16,17,0,0
240521,1,1,1998,0,0,0,0,0,10,0,0,14,0
240522,1,1,1998,0,0,0,0,0,0,0,0,0,0
240522,2,1,1998,0,0,0,0,0,0,0,0,0,0
240523,1,1,1998,0,0,0,0,0,0,0,0,0,0
240523,2,1,1998,0,0,0,0,0,0,0,0,0,0
240524,1,1,1998,0,0,0,0,0,0,0,0,0,0
240524,2,1,1998,0,0,0,0,0,0,0,0,0,0
240525,1,1,1998,0,0,0,0,0,0,0,0,0,0
240525,2,1,1998,0,0,0,0,0,0,0,0,0,0
240526,1,1,1998,0,0,0,0,0,0,0,0,0,0
240526,2,1,1998,0,0,0,0,0,0,0,0,0,0
240527,1,1,1998,0,0,0,0,0,0,0,0,0,0
240527,2,1,1998,0,0,0,0,0,0,0,0,0,0
240528,1,1,1998,0,0,0,0,0,0,4,0,0,0
240529,1,1,1998,0,0,0,0,0,0,0,0,0,0
240529,2,1,1998,0,0,0,0,0,0,0,0,0,0
240529,3,1,1998,0,0,0,0,0,0,0,0,0,0
240529,4,1,1998,0,0,0,0,0,0,0,0,0,0
240530,1,1,1998,0,0,0,0,0,0,0,0,0,0
240530,2,1,1998,0,0,0,0,0,0,0,0,0,0
240531,0,1,1998,0,0,0,0,0,0,0,0,0,6
240531,1,1,1998,0,0,0,0,0,0,0,0,0,0
240532,1,1,1998,0,0,0,0,0,0,0,0,0,0
240532,2,1,1998,0,0,0,0,0,0,0,0,0,0
240533,0,1,1998,0,0,0,0,0,0,15,0,0,0
240533,1,1,1998,0,0,0,0,0,0,0,0,0,0
240534,0,1,1998,0,0,0,0,0,2,0,0,0,0
240534,1,1,1998,0,0,0,0,0,0,0,0,0,0
240535,1,1,1998,0,0,0,5,17,0,0,0,34,0
240535,2,1,1998,0,0,0,0,0,12,0,0,0,0
240536,0,1,1998,12,12,12,12,12,12,12,12,12,12
240536,1,1,1998,0,0,0,0,0,0,0,0,0,0
240537,1,1,1998,0,4,0,0,0,0,0,0,0,0
240537,2,1,1998,0,0,0,0,0,0,0,0,0,0
240537,3,1,1998,0,0,0,0,0,0,0,0,9,0
240537,4,1,1998,0,0,0,0,0,0,0,0,0,17
240537,5,1,1998,0,0,0,0,0,0,0,0,0,0
240538,1,1,1998,0,0,0,0,0,0,0,0,0,0
240538,2,1,1998,0,0,0,0,0,0,0,0,0,0
240538,3,1,1998,0,0,0,0,0,0,0,0,0,0
240539,0,1,1998,0,30,0,0,0,0,0,0,0,26
240539,1,1,1998,0,0,0,0,0,0,0,0,0,0
240540,1,1,1998,7,0,0,0,0,0,0,0,0,0
240540,2,1,1998,0,0,0,0,0,0,0,0,0,0
240541,1,1,1998,0,0,0,0,0,0,0,0,0,0
240542,1,1,1998,0,20,0,26,16,8,24,10,0,16
240543,1,1,1998,0,0,0,0,0,0,0,0,0,0
240544,1,1,1998,10,10,10,10,10,10,10,10,10,10
240545,1,1,1998,0,0,0,0,0,0,0,0,0,0
240545,2,1,1998,0,0,0,0,0,0,0,0,0,0
240546,0,1,1998,0,0,0,0,0,0,0,0,0,0
240546,1,1,1998,0,0,0,0,0,0,0,0,0,0
240547,0,1,1998,6,0,0,0,0,0,0,0,0,0
240547,1,1,1998,0,0,0,0,0,0,11,0,0,0
240548,1,1,1998,0,0,0,0,0,0,0,0,0,0
240548,2,1,1998,0,0,0,0,0,0,0,0,0,0
240549,0,1,1998,0,0,0,0,0,0,26,0,0,0
240549,1,1,1998,0,0,0,0,0,0,0,0,0,0
240550,1,1,1998,13,7,35,8,15,45,21,17,13,3
240550,2,1,1998,0,0,0,0,0,0,0,0,0,0
240550,3,1,1998,0,0,0,0,0,0,0,0,0,0
240550,4,1,1998,0,0,0,0,0,0,0,0,0,0
240550,5,1,1998,0,0,0,0,0,0,0,0,0,0
250001,1,1,1998,4,4,4,4,4,4,4,4,4,4
250001,2,1,1998,6,0,0,0,0,0,0,0,0,0
250002,1,1,1998,14,14,14,14,14,14,14,14,14,14
250003,0,1,1998,3,3,3,3,3,3,3,3,3,3
250003,1,1,1998,20,12,0,0,0,0,0,0,0,42
250004,1,1,1998,0,0,0,0,0,0,0,0,0,0
250005,0,1,1998,3,3,3,3,3,3,3,3,3,3
250005,1,1,1998,0,0,0,0,0,0,0,0,0,0
250006,1,1,1998,0,0,0,0,0,0,0,0,0,0
250007,1,1,1998,27,27,27,27,27,27,27,27,27,27
250008,1,1,1998,0,0,0,0,0,0,0,0,0,0
250009,0,1,1998,0,0,0,0,0,0,0,0,0,0
250009,1,1,1998,0,0,0,0,0,0,0,0,0,0
250010,0,1,1998,0,0,0,0,0,0,0,0,0,0
250010,1,1,1998,0,0,0,0,0,12,0,11,0,0
250011,1,1,1998,34,34,34,34,34,34,34,34,34,34
250012,1,1,1998,0,0,0,0,0,0,0,0,0,0
250012,2,1,1998,0,0,0,0,0,0,0,0,0,0
250013,0,1,1998,0,0,0,0,0,0,0,0,0,0
250013,1,1,1998,0,0,0,0,0,0,0,0,0,0
250014,0,1,1998,0,0,0,0,0,0,0,0,0,0
250014,1,1,1998,0,0,0,0,0,0,0,0,0,0
250015,1,1,1998,0,0,0,0,0,0,0,0,0,0
250016,1,1,1998,30,30,30,30,30,30,30,30,30,30
250017,1,1,1998,0,0,0,0,0,0,0,0,0,0
250018,0,1,1998,0,0,0,0,0,0,0,0,0,0
250018,1,1,1998,0,0,0,0,0,0,0,0,0,0
250019,0,1,1998,0,0,0,0,0,0,0,0,0,0