ST_CASE,VEH_NO,PER_NO,YEAR,P1,P2,P3,P4,P5,P6,P7,P8,P9,P10
260427,1,1,1998,0,0,0,0,0,0,0,0,0,0
260427,2,1,1998,0,0,0,0,0,0,0,0,0,0
260428,1,1,1998,0,0,0,0,0,0,0,0,0,0
260428,2,1,1998,0,0,0,0,0,0,0,0,0,0
260429,1,1,1998,0,0,27,0,0,0,0,0,0,0
260430,1,1,1998,0,0,0,0,0,0,0,0,0,0
260430,2,1,1998,0,0,0,0,0,0,0,0,0,0
260431,1,1,1998,0,0,8,5,15,7,3,12,20,17
260432,1,1,1998,17,17,17,17,17,17,17,17,17,17
260433,0,1,1998,20,20,20,20,20,20,20,20,20,20
260433,1,1,1998,17,19,0,12,0,2,0,27,0,0
260434,1,1,1998,14,21,23,15,15,13,4,11,22,11
260435,1,1,1998,7,7,7,7,7,7,7,7,7,7
260436,1,1,1998,0,0,0,0,0,0,0,0,0,0
260437,1,1,1998,0,0,0,0,0,0,0,0,0,0
260437,2,1,1998,0,0,0,0,0,0,0,0,0,0
260437,3,1,1998,0,0,0,0,0,0,0,0,0,0
260437,4,1,1998,0,0,0,0,0,0,0,0,0,0
260437,5,1,1998,0,0,0,0,0,0,0,0,0,0
260438,0,1,1998,0,0,0,0,0,0,0,0,0,0
260438,1,1,1998,0,0,0,0,0,0,0,0,0,0
260439,1,1,1998,0,0,4,0,0,0,0,0,0,0
260439,2,1,1998,0,0,0,0,0,0,0,0,0,0
260440,1,1,1998,16,16,16,16,16,16,16,16,16,16
260440,2,1,1998,0,0,0,0,0,0,0,0,0,0
260441,1,1,1998,0,0,0,0,0,0,0,0,0,0
260441,2,1,1998,0,0,0,0,25,0,0,0,0,0
260442,1,1,1998,4,4,4,4,4,4,4,4,4,4
260442,2,1,1998,0,0,0,0,0,0,0,0,0,8
260443,1,1,1998,14,14,14,14,14,14,14,14,14,14
260443,2,1,1998,0,0,0,0,0,0,0,0,0,0
260444,1,1,1998,23,23,23,23,23,23,23,23,23,23
260444,2,1,1998,4,4,4,4,4,4,4,4,4,4
260444,3,1,1998,0,0,0,0,0,0,0,0,0,0
260445,1,1,1998,0,0,16,0,0,0,0,0,0,0
260445,2,1,1998,0,0,0,0,0,0,0,0,0,0
260446,0,1,1998,41,41,41,41,41,41,41,41,41,41
260446,1,1,1998,0,0,0,0,0,0,0,0,0,0
260447,0,1,1998,0,0,0,0,0,0,0,0,0,0
260447,1,1,1998,0,0,0,0,0,0,0,0,0,0
260448,1,1,1998,0,0,0,0,0,0,0,0,0,0
260449,0,1,1998,9,9,9,9,9,9,9,9,9,9
260449,1,1,1998,0,0,0,0,0,0,0,0,0,0
260450,0,1,1998,0,0,0,0,0,0,0,0,0,0
260450,1,1,1998,0,0,0,0,0,0,0,0,0,0
260451,0,1,1998,3,4,15,19,38,13,6,0,0,34
260451,0,2,1998,11,30,13,0,21,19,23,16,35,27
260451,1,1,1998,13,17,0,11,19,12,12,18,0,0
260451,2,1,1998,0,0,0,0,0,0,0,0,0,0
260452,1,1,1998,11,11,11,11,11,11,11,11,11,11
260453,1,1,1998,0,0,0,0,0,0,0,0,0,0
260453,2,1,1998,0,0,0,0,7,0,0,0,0,0
260453,3,1,1998,0,0,0,0,0,0,0,0,0,0
260454,1,1,1998,15,15,15,15,15,15,15,15,15,15
260454,2,1,1998,0,0,0,0,0,0,0,0,0,0
260455,1,1,1998,16,19,7,0,8,30,28,8,21,30
260456,1,1,1998,25,25,25,25,25,25,25,25,25,25
260457,1,1,1998,0,0,0,0,0,0,0,0,0,0
260457,2,1,1998,0,0,0,0,0,0,0,0,0,0
260458,1,1,1998,0,0,0,0,0,0,0,0,0,0
260458,2,1,1998,0,0,0,0,0,0,0,0,0,0
260458,3,1,1998,0,0,0,0,0,0,0,0,0,0
260459,1,1,1998,0,0,0,0,10,0,0,0,0,0
260460,0,1,1998,0,0,0,0,0,0,0,0,0,0
260460,0,2,1998,0,0,3,0,10,0,13,0,20,24
260460,1,1,1998,0,0,0,0,0,0,0,0,0,0
260461,1,1,1998,0,0,0,0,0,0,0,0,0,0
260461,2,1,1998,0,0,0,0,0,0,19,0,0,0
260462,1,2,1998,16,38,19,0,0,21,22,0,13,6
260463,1,1,1998,35,35,35,35,35,35,35,35,35,35
260464,1,1,1998,0,0,0,0,0,0,0,0,0,0
260464,2,1,1998,0,0,0,0,0,0,0,0,0,0
260465,0,1,1998,0,0,0,0,0,0,0,0,0,0
260465,1,1,1998,0,0,0,0,0,0,0,0,0,0
260466,1,1,1998,0,0,0,0,0,0,0,0,0,0
260466,2,1,1998,0,0,0,0,0,0,0,0,0,0
260467,1,1,1998,19,19,19,19,19,19,19,19,19,19
260468,1,1,1998,25,25,25,25,25,25,25,25,25,25
260469,1,1,1998,0,0,0,0,0,0,0,0,0,0
260469,2,1,1998,0,0,0,0,0,0,0,0,0,0
260470,0,1,1998,0,0,0,0,0,0,0,0,0,0
260470,1,1,1998,0,0,0,0,0,0,0,0,0,0
260471,1,1,1998,15,15,15,15,15,15,15,15,15,15
260471,2,1,1998,0,0,4,0,0,0,0,0,0,0
260471,3,1,1998,0,0,0,0,0,0,0,0,0,0
260472,1,1,1998,0,0,0,0,0,0,0,0,0,0
260472,2,1,1998,0,0,0,0,0,0,0,0,0,0
260473,1,1,1998,0,0,0,0,0,0,0,0,0,0
260473,2,1,1998,0,0,0,0,0,0,0,0,0,0
260474,1,1,1998,0,0,0,0,0,0,0,0,0,0
260474,2,1,1998,0,0,0,0,0,0,0,0,0,0
260475,1,1,1998,0,0,0,0,0,0,0,0,0,0
260476,1,1,1998,0,0,0,0,0,0,0,0,0,0
260477,0,1,1998,0,0,0,0,0,0,0,0,0,0
260477,1,1,1998,0,0,0,0,0,0,0,0,0,0
260478,1,1,1998,15,15,15,15,15,15,15,15,15,15
260479,1,1,1998,37,37,37,37,37,37,37,37,37,37
260480,0,1,1998,7,7,7,7,7,7,7,7,7,7
260480,1,1,1998,1,1,1,1,1,1,1,1,1,1
260481,1,1,1998,0,0,0,0,0,0,0,0,0,0
260481,2,1,1998,0,0,0,0,0,0,0,0,0,0
260482,1,1,1998,3,4,8,10,15,8,8,15,9,6
260482,2,1,1998,0,0,0,0,0,0,0,0,0,0
260483,0,1,1998,0,0,0,0,0,0,0,0,0,0
260483,1,1,1998,0,0,0,0,0,0,0,0,0,0
260484,1,1,1998,21,21,21,21,21,21,21,21,21,21
260485,1,1,1998,0,0,0,0,0,0,0,0,0,0
260486,1,1,1998,22,22,22,22,22,22,22,22,22,22
260487,1,1,1998,25,25,25,25,25,25,25,25,25,25
260488,1,1,1998,9,9,9,9,9,9,9,9,9,9
260489,1,1,1998,0,14,7,7,0,22,10,12,14,8
260490,1,1,1998,0,0,0,0,0,0,0,0,0,0
260490,2,1,1998,0,0,0,0,0,0,0,0,0,0
260491,1,1,1998,0,0,0,0,0,0,0,0,0,0
260491,2,1,1998,0,0,0,0,0,0,0,0,0,0
260492,1,1,1998,0,0,17,0,0,0,0,0,0,0
260492,2,1,1998,0,0,0,0,0,0,0,0,0,0
260493,1,1,1998,20,20,20,20,20,20,20,20,20,20
260494,1,1,1998,8,0,0,0,0,0,0,0,0,0
260494,2,1,1998,0,19,21,21,0,19,0,16,22,10
260495,1,1,1998,0,0,0,0,0,0,0,0,0,0
260495,2,1,1998,0,0,31,0,0,0,16,19,0,16
260496,1,1,1998,0,0,0,0,0,0,0,0,0,0
260496,2,1,1998,0,0,0,0,0,0,0,0,0,0
260496,3,1,1998,0,0,0,0,0,0,0,0,0,0
260497,1,1,1998,0,0,0,0,0,0,0,0,0,0
260498,1,1,1998,0,0,0,0,0,0,0,0,0,0
260498,2,1,1998,15,15,15,15,15,15,15,15,15,15
260499,0,1,1998,0,0,0,0,0,0,0,0,0,0
260499,1,1,1998,0,0,0,0,0,0,0,0,0,0
260500,1,1,1998,0,0,0,0,0,0,0,19,32,0
260501,0,1,1998,0,0,0,0,0,0,0,0,0,0
260501,1,1,1998,9,0,0,0,9,0,0,27,0,0
260502,1,1,1998,31,31,31,31,31,31,31,31,31,31
260503,1,1,1998,9,0,10,17,28,8,17,5,39,20
260504,1,1,1998,0,0,0,0,0,0,0,0,0,0
260504,2,1,1998,16,16,16,16,16,16,16,16,16,16
260505,1,1,1998,13,13,13,13,13,13,13,13,13,13
260505,2,1,1998,0,0,0,0,0,0,0,0,0,0
260506,0,1,1998,10,17,18,32,21,13,27,28,28,12
260506,1,1,1998,0,0,0,0,0,0,0,0,0,0
260507,0,1,1998,0,0,0,0,0,0,0,0,0,0
260507,1,1,1998,0,0,0,0,0,0,0,0,0,0
260508,1,1,1998,0,0,0,0,0,0,11,0,0,0
260509,1,1,1998,31,31,31,31,31,31,31,31,31,31
260510,1,1,1998,0,0,0,0,0,0,0,0,0,0
260510,2,1,1998,0,0,0,0,0,21,0,0,0,0
260510,3,1,1998,0,0,0,0,0,19,0,0,0,0
260510,4,1,1998,0,0,0,0,0,0,0,0,0,0
260511,1,1,1998,0,0,0,0,0,0,0,2,0,0
260512,1,1,1998,0,0,0,0,0,0,0,0,0,0
260512,2,1,1998,0,0,0,0,0,0,0,0,0,0
260513,0,1,1998,0,0,0,0,0,0,0,0,0,0
260513,1,1,1998,0,0,0,0,0,0,0,0,0,0
260514,1,1,1998,0,0,0,0,0,0,0,0,0,0
260514,2,1,1998,0,0,0,0,0,0,0,0,0,0
260515,1,1,1998,0,0,21,16,0,0,12,0,0,0
260516,0,1,1998,26,26,26,26,26,26,26,26,26,26
260516,1,1,1998,0,0,0,0,0,0,0,0,0,0
260517,1,1,1998,0,0,0,0,0,0,0,0,0,0
260517,2,1,1998,0,0,0,0,0,0,0,0,0,0
260518,1,1,1998,20,20,20,20,20,20,20,20,20,20
260519,1,1,1998,0,0,0,0,0,0,0,0,0,0
260519,2,1,1998,0,0,0,0,0,0,0,0,0,0
260519,3,1,1998,0,0,0,0,0,0,0,0,0,0
260520,1,1,1998,0,0,0,0,0,0,0,0,0,0
260520,2,1,1998,0,0,0,0,0,0,0,0,0,0
260521,1,1,1998,0,0,0,0,0,0,0,0,0,0
260521,2,1,1998,0,0,0,0,0,0,0,0,0,0
260522,1,1,1998,0,0,0,0,0,0,0,0,0,0
260522,2,1,1998,0,0,0,0,0,0,0,0,0,0
260523,1,1,1998,0,0,0,0,0,0,0,0,0,0
260524,1,1,1998,2,0,0,0,0,20,0,0,0,0
260525,1,1,1998,0,0,0,0,0,0,0,0,0,0
260526,1,1,1998,0,0,0,0,0,0,0,0,0,0
260527,1,1,1998,10,10,10,10,10,10,10,10,10,10
260527,2,1,1998,0,0,0,0,0,0,0,0,0,0
260528,1,1,1998,0,0,0,0,0,0,0,0,0,0
260529,1,1,1998,0,0,0,0,0,0,0,0,0,0
260529,2,1,1998,0,0,0,0,0,0,0,0,0,0
260530,1,1,1998,0,0,0,0,0,0,0,0,0,0
260531,1,1,1998,0,0,0,0,0,0,0,0,0,0
260531,2,1,1998,0,0,0,0,0,0,0,0,0,0
260531,3,1,1998,0,0,0,0,0,0,0,0,0,0
260532,1,1,1998,10,10,18,24,10,22,20,14,10,12
260533,1,1,1998,23,23,23,23,23,23,23,23,23,23
260534,1,1,1998,0,0,0,0,0,0,0,0,0,0
260535,1,1,1998,0,0,0,15,29,10,24,9,9,19
260536,1,1,1998,0,3,0,0,0,0,0,0,0,0
260536,2,1,1998,0,0,0,0,0,0,0,4,0,0
260537,1,1,1998,8,8,8,8,8,8,8,8,8,8
260537,2,1,1998,0,0,0,0,22,0,0,0,0,0
260538,1,1,1998,0,0,0,0,0,0,0,0,0,0
260538,2,1,1998,0,0,0,0,0,0,0,0,0,0
260539,1,1,1998,29,29,29,29,29,29,29,29,29,29
260540,1,1,1998,0,0,0,0,0,0,0,0,0,0
260540,2,1,1998,0,0,0,0,0,0,0,0,0,0
260541,1,1,1998,0,0,0,0,0,0,0,0,0,0
260542,1,1,1998,0,0,0,0,0,0,0,0,0,0
260542,2,1,1998,0,0,0,0,0,0,0,0,0,0
260543,1,1,1998,0,0,0,0,0,0,0,0,0,0
260543,2,1,1998,0,0,0,0,0,0,0,0,0,0
260544,1,1,1998,0,0,0,0,0,0,0,0,0,0
260544,2,1,1998,0,0,0,0,0,0,0,0,0,0
260545,1,1,1998,7,7,7,7,7,7,7,7,7,7
260545,2,1,1998,0,0,0,0,0,0,0,0,0,0
260546,1,1,1998,14,14,14,14,14,14,14,14,14,14
260546,2,1,1998,0,0,0,0,0,0,0,0,0,0
260547,1,1,1998,0,0,0,0,0,0,0,0,0,0
260547,2,1,1998,0,0,0,0,0,0,0,0,0,0
260548,0,1,1998,0,0,0,0,0,0,0,0,0,0
260548,1,1,1998,0,0,0,0,0,0,26,0,0,0
260549,1,1,1998,0,0,0,0,0,0,0,0,0,0
260550,1,1,1998,0,0,0,0,0,0,0,0,0,0
260550,2,1,1998,0,0,0,0,0,0,0,0,0,0
260551,1,1,1998,20,20,20,20,20,20,20,20,20,20
260552,1,1,1998,0,0,0,0,0,0,0,0,25,0
260553,1,1,1998,0,0,0,0,0,0,0,0,0,0
260554,1,1,1998,0,0,0,0,0,0,0,0,0,0
260555,0,1,1998,0,0,0,0,0,0,0,0,0,0
260555,1,1,1998,0,0,0,0,0,0,0,0,0,0
260556,1,1,1998,19,14,0,0,0,0,0,0,0,0
260556,2,1,1998,0,0,0,0,0,0,0,0,0,0
260556,3,1,1998,0,0,0,0,0,0,0,0,0,0
260556,4,1,1998,0,0,0,0,0,0,0,0,0,0
260557,1,1,1998,15,15,15,15,15,15,15,15,15,15
260558,1,1,1998,15,15,15,15,15,15,15,15,15,15
260559,1,1,1998,10,0,0,0,0,0,0,0,0,0
260559,2,1,1998,0,0,0,0,0,0,0,0,0,0
260560,1,1,1998,0,0,0,0,0,0,0,0,0,0
260561,1,1,1998,0,0,0,0,0,0,0,0,0,0
260561,2,1,1998,0,0,0,0,0,0,0,0,0,0
260561,3,1,1998,0,0,0,0,0,0,0,0,0,0
260562,1,1,1998,0,0,9,0,0,0,0,18,0,18
260562,2,1,1998,0,0,0,0,0,0,0,0,0,0
260563,1,1,1998,22,22,22,22,22,22,22,22,22,22
260564,1,1,1998,18,18,18,18,18,18,18,18,18,18
260564,2,1,1998,8,0,0,0,0,0,0,0,0,0
260565,0,1,1998,0,0,0,0,0,0,0,0,0,0
260565,1,1,1998,0,0,0,0,0,0,0,0,0,0
260566,1,1,1998,0,15,8,0,10,0,9,0,21,0
260566,2,1,1998,0,0,0,0,0,0,0,0,0,0
260567,1,1,1998,0,0,0,0,0,0,0,0,0,0
260567,2,1,1998,0,0,0,0,0,0,0,0,0,0
260568,1,1,1998,0,0,0,0,0,0,0,0,0,0
260570,1,1,1998,0,0,0,0,0,0,0,0,0,0
260570,2,1,1998,0,0,0,0,0,0,0,0,0,0
260570,3,1,1998,0,0,0,0,0,0,0,0,0,0
260571,0,1,1998,0,0,0,0,0,0,0,0,0,0
260571,1,1,1998,0,0,0,0,0,0,0,0,0,0
260572,1,1,1998,0,0,0,0,0,0,0,0,0,0
260572,2,1,1998,0,0,0,0,0,0,0,0,0,0
260573,1,1,1998,0,7,0,0,0,0,0,0,0,0
260574,1,1,1998,0,0,0,0,0,0,0,0,0,0
260574,2,1,1998,0,0,0,0,0,0,0,0,0,0
260575,1,1,1998,10,10,10,10,10,10,10,10,10,10
260575,2,1,1998,0,0,0,0,0,0,0,0,0,0
260576,1,1,1998,21,21,21,21,21,21,21,21,21,21
260576,2,1,1998,0,0,0,0,0,0,12,0,0,0
260576,3,1,1998,0,0,0,0,0,0,0,0,0,0
260577,1,1,1998,0,0,0,32,0,6,0,0,0,0
260578,1,1,1998,0,0,0,0,0,0,0,0,0,0
260579,1,1,1998,7,7,7,7,7,7,7,7,7,7
260580,1,1,1998,8,8,8,8,8,8,8,8,8,8
260581,1,1,1998,13,13,13,13,13,13,13,13,13,13
260581,2,1,1998,20,0,20,0,10,0,18,3,5,13
260581,3,1,1998,0,0,12,0,0,0,0,0,0,0
260582,1,1,1998,0,0,0,0,0,0,0,0,0,0
260582,2,1,1998,0,0,0,0,0,0,0,0,0,0
260583,1,1,1998,0,0,0,0,0,0,0,0,0,0
260583,2,1,1998,0,0,0,18,0,0,0,0,0,0
260584,1,1,1998,0,0,0,0,0,0,0,0,0,0
260584,2,1,1998,0,0,0,0,0,0,0,0,0,0
260585,1,1,1998,0,0,0,0,0,0,0,0,0,0
260586,1,1,1998,0,0,0,0,0,0,0,0,0,0
260587,1,1,1998,4,4,4,4,4,4,4,4,4,4
260588,1,1,1998,0,0,0,0,0,0,0,0,0,0
260588,2,1,1998,0,0,0,0,0,0,0,0,0,0
260589,1,1,1998,20,0,19,24,14,8,23,0,24,0
260590,1,1,1998,0,0,0,0,0,0,0,0,0,0
260590,2,1,1998,3,0,0,0,0,0,0,0,0,0
260591,1,1,1998,0,0,0,0,0,0,0,0,0,0
260592,1,1,1998,0,0,0,0,0,0,0,0,0,0
260593,1,1,1998,16,16,16,16,16,16,16,16,16,16
260593,2,1,1998,0,0,0,0,0,0,0,0,0,0
260593,3,1,1998,0,0,0,0,0,0,0,0,0,0
260593,4,1,1998,0,0,0,0,0,0,0,0,0,0
260594,1,1,1998,0,0,0,0,0,0,0,0,0,0
260595,1,1,1998,0,0,0,0,0,0,0,0,0,0
260596,0,1,1998,0,0,0,0,0,0,0,0,0,0
260596,1,1,1998,0,0,0,0,0,0,0,0,0,0
260597,1,1,1998,21,21,21,21,21,21,21,21,21,21
260598,1,1,1998,18,18,18,18,18,18,18,18,18,18
260598,2,1,1998,17,7,15,0,16,0,0,11,7,0
260599,1,1,1998,0,0,0,0,0,0,0,0,0,0
260599,2,1,1998,0,0,0,0,0,0,0,0,0,0
260600,1,1,1998,0,0,0,0,0,0,0,0,0,0
260600,2,1,1998,0,0,0,0,0,0,0,0,0,0
260601,1,1,1998,0,0,0,0,0,0,0,0,0,0
260601,2,1,1998,0,0,0,0,0,0,0,0,0,0
260602,1,1,1998,0,0,0,0,0,0,0,0,0,0
260602,2,1,1998,0,0,0,0,0,0,0,0,0,0
260603,1,1,1998,0,0,0,0,0,0,0,0,0,0
260604,1,1,1998,28,28,28,28,28,28,28,28,28,28
260605,1,1,1998,0,0,0,0,0,0,0,0,0,0
260606,1,1,1998,14,0,0,0,7,0,2,0,18,0
260606,2,1,1998,0,0,0,0,0,0,0,0,0,0
260607,1,1,1998,0,0,0,0,0,0,0,0,0,0
260607,2,1,1998,0,0,0,0,0,0,0,0,0,0
260608,1,1,1998,0,0,0,0,0,0,0,0,27,0
260608,2,1,1998,0,0,0,0,0,0,0,0,0,0
260609,1,1,1998,0,0,0,0,0,0,0,0,0,0
260609,2,1,1998,0,0,0,0,0,0,0,0,0,0
260610,1,1,1998,0,0,0,0,0,0,0,0,0,0
260610,2,1,1998,0,0,0,0,0,0,0,0,0,0
260611,1,1,1998,0,0,0,0,0,0,0,0,0,0
260611,2,1,1998,0,0,0,0,0,0,0,0,0,0
260611,3,1,1998,0,0,0,0,0,0,0,0,0,0
260612,1,1,1998,0,0,0,0,0,0,0,0,0,0
260612,2,1,1998,0,0,0,0,0,0,0,0,0,0
260612,3,1,1998,0,0,0,0,0,0,0,0,0,0
260612,4,1,1998,0,0,0,0,0,0,0,0,0,0
260613,1,1,1998,0,0,0,0,0,0,0,0,0,0
260614,1,1,1998,0,0,0,0,0,0,0,0,0,0
260614,2,1,1998,0,0,0,0,0,0,0,0,0,0
260615,0,1,1998,0,8,13,0,20,7,17,14,18,17
260615,0,2,1998,32,32,10,22,25,18,5,0,24,23
260615,1,1,1998,0,0,0,0,0,15,0,0,0,0
260616,1,1,1998,13,13,13,13,13,13,13,13,13,13
260616,2,1,1998,4,4,4,4,4,4,4,4,4,4
260617,1,1,1998,0,0,0,0,0,0,0,0,0,0
260617,2,1,1998,0,0,0,0,0,0,0,0,0,0
260618,1,1,1998,0,0,0,0,0,0,0,0,0,0
260619,1,1,1998,10,0,0,0,0,0,0,12,0,0
260620,1,1,1998,9,9,9,9,9,9,9,9,9,9
260621,1,1,1998,0,0,0,0,0,0,0,0,0,0
260621,2,1,1998,0,0,0,0,0,0,0,0,0,0
260622,1,1,1998,16,16,16,16,16,16,16,16,16,16
260622,2,1,1998,0,0,0,0,4,0,0,0,0,0
260622,3,1,1998,0,0,0,0,0,0,0,0,0,0
260622,4,1,1998,0,0,0,0,0,0,0,0,0,0
260622,5,1,1998,0,13,0,0,0,0,0,0,0,0
260623,1,1,1998,0,0,0,0,0,0,0,0,0,0
260623,2,1,1998,0,0,0,0,0,0,0,0,0,0
260624,1,1,1998,20,20,20,20,20,20,20,20,20,20
260625,1,1,1998,0,0,0,0,0,0,0,0,0,0
260625,2,1,1998,0,0,0,0,0,0,0,0,0,0
260626,1,1,1998,0,0,16,0,0,0,0,0,0,0
260626,2,1,1998,0,0,0,0,0,0,13,0,0,0
260627,0,1,1998,0,0,0,0,0,4,0,0,0,0
260627,1,1,1998,0,0,0,0,0,0,0,0,0,0
260628,1,1,1998,0,0,0,0,0,0,0,0,0,0
260629,1,1,1998,28,28,28,28,28,28,28,28,28,28
260630,1,1,1998,0,0,0,0,0,0,0,0,0,0
260630,2,1,1998,0,0,0,0,0,0,0,0,0,0
260631,0,1,1998,16,16,16,16,16,16,16,16,16,16
260631,1,1,1998,0,0,0,0,0,0,0,0,0,0
260632,1,1,1998,22,22,22,22,22,22,22,22,22,22
260632,2,1,1998,0,0,0,0,0,0,0,0,0,0
260633,0,1,1998,0,0,0,0,0,0,0,0,0,0
260633,1,1,1998,0,0,16,0,0,0,10,0,0,0
260634,1,1,1998,0,0,0,0,0,25,0,0,0,0
260634,2,1,1998,0,0,0,0,0,0,0,0,0,0
260634,3,1,1998,0,0,0,0,0,0,0,22,0,0
260635,1,1,1998,0,0,0,0,0,0,0,0,0,0
260635,2,1,1998,0,0,0,0,0,0,0,0,0,0
260636,1,1,1998,7,7,7,7,7,7,7,7,7,7
260637,1,1,1998,0,0,0,0,0,0,0,0,0,0
260637,2,1,1998,0,0,25,0,0,7,0,17,0,16
260638,1,1,1998,12,12,12,12,12,12,12,12,12,12
260638,2,1,1998,16,16,16,16,16,16,16,16,16,16
260639,1,1,1998,0,0,0,0,0,0,0,0,0,0
260639,2,1,1998,0,0,0,0,0,0,0,0,0,12
260640,1,1,1998,0,0,0,0,0,0,0,0,0,0
260640,2,1,1998,0,0,0,0,0,0,0,0,0,0
260641,1,1,1998,0,0,0,0,0,0,0,0,0,0
260642,1,1,1998,18,18,18,18,18,18,18,18,18,18
260642,2,1,1998,0,0,0,0,0,0,0,0,0,0
260643,1,1,1998,29,29,29,29,29,29,29,29,29,29
260644,1,1,1998,14,14,14,14,14,14,14,14,14,14
260644,2,1,1998,0,0,0,0,0,0,0,0,0,0
260645,0,1,1998,20,20,20,20,20,20,20,20,20,20
260645,1,1,1998,0,23,0,0,0,0,0,0,13,17
260646,0,1,1998,0,0,0,0,0,0,0,0,0,0
260646,1,1,1998,0,0,0,0,0,0,0,0,0,0
260647,1,1,1998,0,0,0,0,0,0,0,0,0,0
260647,2,1,1998,0,0,0,0,0,0,0,0,0,0
260648,1,1,1998,18,18,18,18,18,18,18,18,18,18
260648,2,1,1998,0,0,0,0,0,0,0,0,0,0
260649,1,1,1998,0,0,0,0,0,0,0,0,0,0
260650,0,1,1998,0,0,0,0,0,0,0,0,0,0
260650,1,1,1998,0,0,0,0,0,0,0,0,0,0
260651,1,1,1998,11,11,11,11,11,11,11,11,11,11
260652,1,1,1998,0,0,0,0,0,0,0,0,0,0
260652,2,1,1998,0,0,0,0,0,0,0,0,0,0
260653,0,1,1998,0,0,0,0,0,0,0,0,0,0
260653,1,1,1998,0,0,0,0,0,0,0,0,0,0
260654,1,1,1998,0,0,0,0,0,0,0,0,0,0
260655,1,1,1998,21,21,21,21,21,21,21,21,21,21
260655,2,1,1998,0,0,0,0,0,0,0,0,0,0
260656,1,1,1998,0,5,0,0,0,7,0,0,0,0
260656,2,1,1998,0,0,0,0,0,0,0,0,0,0
260657,1,1,1998,6,6,6,6,6,6,6,6,6,6
260658,1,1,1998,0,0,0,0,0,0,0,0,0,0
260658,2,1,1998,0,0,0,0,0,0,0,0,0,0
260659,0,1,1998,0,0,0,0,0,0,0,0,0,0
260659,1,1,1998,0,0,0,0,0,0,0,0,0,0
260660,1,1,1998,0,0,0,0,0,0,0,0,0,0
260660,2,1,1998,0,0,0,25,0,0,0,0,0,0
260661,0,1,1998,0,0,0,0,0,0,0,0,0,0
260661,1,1,1998,0,0,0,0,0,0,0,0,0,0
260662,0,1,1998,0,0,0,0,0,0,0,0,0,0
260662,1,1,1998,0,0,0,0,0,0,0,0,0,0
260663,1,1,1998,0,0,0,0,0,0,0,0,0,0
260664,1,1,1998,0,0,0,0,0,0,0,0,0,0
260664,2,1,1998,0,0,0,0,0,0,0,0,0,0
260665,1,1,1998,33,33,33,33,33,33,33,33,33,33
260666,1,1,1998,19,19,19,19,19,19,19,19,19,19
260666,2,1,1998,0,0,0,0,0,0,0,0,0,0
260667,1,1,1998,0,0,0,0,0,0,0,0,0,0
260667,2,1,1998,0,0,0,0,0,0,0,0,0,0
260668,1,1,1998,14,14,14,14,14,14,14,14,14,14
260669,1,1,1998,0,0,0,0,0,0,0,0,0,0
260669,2,1,1998,0,0,0,0,0,0,0,0,0,0
260670,1,1,1998,0,0,0,0,0,0,0,0,0,0
260670,2,1,1998,0,0,0,0,0,0,0,0,0,0
260670,3,1,1998,0,0,0,0,0,0,0,0,0,0
260671,1,1,1998,16,16,16,16,16,16,16,16,16,16
260672,1,1,1998,0,0,0,0,0,0,0,0,0,0
260673,1,1,1998,0,0,0,0,0,0,0,0,0,0
260673,2,1,1998,0,0,0,0,0,0,0,0,0,0
260673,3,1,1998,0,0,0,0,0,0,0,0,0,0
260674,1,1,1998,0,0,0,0,0,0,0,0,0,0
260674,2,1,1998,0,0,0,0,0,0,0,0,0,0
260675,1,1,1998,15,15,15,15,15,15,15,15,15,15
260676,1,1,1998,0,0,0,0,0,0,0,0,0,0
260677,1,1,1998,0,0,0,0,0,0,0,0,0,20
260678,1,1,1998,0,0,0,0,0,0,0,0,0,0
260678,2,1,1998,0,0,0,0,0,0,0,0,0,0
260679,1,1,1998,4,4,4,4,4,4,4,4,4,4
260680,1,1,1998,0,0,0,0,0,0,17,0,0,0
260680,2,1,1998,0,0,0,0,0,0,0,0,0,0
260681,1,1,1998,0,0,0,0,0,0,0,0,0,0
260681,2,1,1998,0,0,0,0,0,0,0,0,0,0
260682,1,1,1998,0,0,0,0,0,0,0,0,0,0
260682,2,1,1998,0,0,0,0,0,0,0,0,0,0
260683,1,1,1998,0,0,0,0,0,0,0,0,0,0
260683,2,1,1998,0,0,0,0,26,0,0,0,20,0
260684,1,1,1998,19,19,19,19,19,19,19,19,19,19
260685,0,1,1998,0,0,0,0,0,0,0,0,0,0
260685,1,1,1998,0,0,0,0,0,0,0,0,0,0
260686,1,1,1998,16,16,16,16,16,16,16,16,16,16
260687,1,1,1998,16,16,16,16,16,16,16,16,16,16
260687,2,1,1998,0,0,0,0,0,0,0,0,0,0
260687,3,1,1998,0,0,0,0,0,0,0,0,0,0
260688,1,1,1998,12,12,12,12,12,12,12,12,12,12
260689,1,1,1998,0,0,0,0,0,0,0,0,0,0
260689,2,1,1998,0,0,0,0,0,0,0,0,0,0
260690,1,1,1998,0,0,0,0,0,0,0,0,0,0
260690,2,1,1998,0,0,0,0,0,0,0,0,0,0
260691,1,1,1998,8,10,19,0,0,21,0,28,8,18
260692,1,1,1998,0,0,0,0,0,0,0,0,0,0
260692,2,1,1998,0,0,0,0,0,0,0,0,0,0
260693,1,1,1998,6,6,6,6,6,6,6,6,6,6
260694,1,1,1998,0,0,0,0,0,0,0,0,0,0
260694,2,1,1998,0,0,0,0,0,0,0,0,0,0