ST_CASE,VEH_NO,PER_NO,YEAR,P1,P2,P3,P4,P5,P6,P7,P8,P9,P10
270506,0,8,1998,3,0,0,0,0,0,27,23,0,43
270506,0,9,1998,0,17,0,6,10,0,0,0,18,0
270506,0,10,1998,0,0,0,0,0,0,0,0,0,0
270506,0,11,1998,0,0,0,0,0,0,0,0,0,0
270506,0,12,1998,5,20,0,22,15,0,21,0,0,0
270506,0,13,1998,0,0,0,0,0,0,0,0,0,0
270506,1,1,1998,0,0,0,0,0,0,0,0,0,0
270507,1,1,1998,0,0,0,0,0,0,0,0,0,0
270507,2,1,1998,0,0,0,0,0,0,0,0,0,0
270508,1,1,1998,0,0,0,0,0,0,0,0,0,0
270508,2,1,1998,22,22,22,22,22,22,22,22,22,22
270509,1,1,1998,0,0,0,0,0,0,0,0,0,0
270510,1,1,1998,14,14,14,14,14,14,14,14,14,14
270511,1,1,1998,0,0,0,0,0,0,0,0,0,0
270511,2,1,1998,0,0,0,0,0,0,0,0,0,0
270512,1,1,1998,0,0,0,0,0,0,0,0,0,0
270512,2,1,1998,0,0,0,0,0,0,0,0,0,0
270513,0,1,1998,37,37,37,37,37,37,37,37,37,37
270513,1,1,1998,0,0,0,0,0,0,0,0,0,0
270514,1,1,1998,0,0,0,0,0,0,0,0,0,0
270514,2,1,1998,1,1,1,1,1,1,1,1,1,1
270515,1,1,1998,0,0,0,0,0,0,0,0,0,0
270516,1,1,1998,0,0,0,0,0,0,0,0,0,0
270517,1,1,1998,0,0,0,0,0,0,0,0,0,0
270517,2,1,1998,0,0,0,0,0,0,0,0,0,0
270518,1,1,1998,19,19,19,19,19,19,19,19,19,19
270519,1,1,1998,19,19,19,19,19,19,19,19,19,19
270519,2,1,1998,0,0,0,0,0,0,0,0,0,0
270520,1,1,1998,0,0,0,0,0,0,0,0,0,0
270520,2,1,1998,0,0,0,0,0,0,0,0,0,0
270521,1,1,1998,0,0,0,0,0,0,7,0,0,0
270522,1,1,1998,9,9,9,9,9,9,9,9,9,9
270523,1,1,1998,0,0,0,0,0,0,0,0,0,0
270523,2,1,1998,0,0,0,0,0,0,0,0,0,0
270523,3,1,1998,27,27,27,27,27,27,27,27,27,27
270524,1,1,1998,20,20,20,20,20,20,20,20,20,20
270525,1,1,1998,25,25,25,25,25,25,25,25,25,25
270526,1,1,1998,0,0,0,0,0,0,0,0,0,0
270527,0,1,1998,0,0,0,0,0,0,0,0,0,0
270527,0,2,1998,0,0,0,0,0,0,0,0,0,0
270527,1,1,1998,0,0,0,0,0,0,0,0,0,0
270528,1,1,1998,0,0,0,4,0,0,0,0,14,0
270528,2,1,1998,0,0,0,0,0,0,0,0,0,0
270529,1,1,1998,0,0,0,0,0,0,0,0,0,0
270529,2,1,1998,0,0,0,0,0,0,0,0,0,0
270530,0,1,1998,0,0,0,0,0,0,0,0,0,0
270530,1,1,1998,0,0,0,0,0,0,0,0,0,0
270531,1,1,1998,6,6,6,6,6,6,6,6,6,6
270531,2,1,1998,6,6,6,6,6,6,6,6,6,6
270532,1,1,1998,0,0,0,0,0,0,0,0,0,0
270533,1,1,1998,0,0,0,0,0,0,0,0,0,0
270534,1,1,1998,0,0,0,15,0,9,0,17,0,0
270535,1,1,1998,0,0,0,0,0,0,0,0,0,0
270535,2,1,1998,0,0,0,0,0,0,0,0,0,0
270536,1,1,1998,11,11,11,11,11,11,11,11,11,11
270537,1,1,1998,33,33,33,33,33,33,33,33,33,33
270538,1,1,1998,0,14,10,11,18,14,18,20,12,3
270538,2,1,1998,21,21,21,21,21,21,21,21,21,21
270539,1,1,1998,22,22,22,22,22,22,22,22,22,22
270540,1,1,1998,0,0,0,0,0,0,0,0,0,0
270541,1,1,1998,0,0,0,0,0,0,0,0,0,0
270541,2,1,1998,0,0,0,0,0,0,0,0,0,0
270541,3,1,1998,0,0,0,0,0,0,0,0,0,0
270541,4,1,1998,0,0,0,0,0,0,0,0,0,0
270542,1,1,1998,0,0,0,0,0,0,0,0,0,0
270542,2,1,1998,15,15,15,15,15,15,15,15,15,15
270543,0,1,1998,26,26,26,26,26,26,26,26,26,26
270543,1,1,1998,0,0,0,0,0,0,0,0,0,0
270543,2,1,1998,0,0,0,0,0,0,0,0,0,0
270544,1,1,1998,26,26,26,26,26,26,26,26,26,26
270544,2,1,1998,0,0,0,0,0,0,0,0,0,0
270545,1,1,1998,25,25,25,25,25,25,25,25,25,25
270546,1,1,1998,25,25,25,25,25,25,25,25,25,25
270547,1,1,1998,17,25,18,12,24,28,33,20,17,24
270548,1,1,1998,19,19,19,19,19,19,19,19,19,19
270549,1,1,1998,15,15,15,15,15,15,15,15,15,15
270550,1,1,1998,0,0,0,0,0,0,0,0,0,0
270551,1,1,1998,10,10,10,10,10,10,10,10,10,10
270552,1,1,1998,0,0,0,0,0,0,0,17,18,0
270553,0,1,1998,0,0,0,20,0,0,0,0,0,0
270553,1,1,1998,0,0,0,0,0,0,0,0,0,0
270554,1,1,1998,0,0,0,0,0,0,0,0,0,0
270554,2,1,1998,0,0,0,0,0,0,0,0,0,0
270555,1,1,1998,31,31,31,31,31,31,31,31,31,31
270556,1,1,1998,0,0,0,0,0,0,0,0,0,0
270556,2,1,1998,0,0,0,0,0,0,0,0,0,0
270557,1,1,1998,0,0,0,0,0,0,0,0,0,0
270557,2,1,1998,0,0,0,0,0,0,0,0,0,0
270558,1,1,1998,0,0,0,0,0,0,0,0,0,0
270558,2,1,1998,0,0,0,0,0,0,0,0,0,0
270559,0,1,1998,0,0,0,0,0,0,0,0,0,0
270559,0,2,1998,0,4,13,0,0,0,27,18,0,0
270559,1,1,1998,0,0,0,0,0,0,0,0,0,0
270560,1,1,1998,0,0,0,0,0,0,0,0,0,0
270560,2,1,1998,0,0,0,0,0,0,0,0,0,0
270561,0,1,1998,17,17,17,17,17,17,17,17,17,17
270561,1,1,1998,0,0,0,0,0,0,0,0,0,0
270562,1,1,1998,5,5,5,5,5,5,5,5,5,5
270563,0,1,1998,0,0,0,0,0,0,0,0,0,0
270563,1,1,1998,0,0,0,0,0,0,0,0,0,0
270564,0,1,1998,0,0,0,0,0,0,0,0,0,0
270564,1,1,1998,0,0,0,0,0,0,0,0,0,0
270565,0,1,1998,0,0,0,0,0,0,0,0,0,0
270565,1,1,1998,0,0,0,4,21,15,0,0,0,0
270566,1,1,1998,0,0,0,0,0,0,0,0,0,0
270566,2,1,1998,0,0,0,0,0,0,0,0,0,0
270567,0,1,1998,0,0,0,0,0,0,0,0,0,0
270567,1,1,1998,0,0,0,0,0,0,0,0,0,0
270568,1,1,1998,12,12,12,12,12,12,12,12,12,12
270569,1,1,1998,2,0,0,0,21,18,0,0,12,0
270569,2,1,1998,6,6,6,6,6,6,6,6,6,6
270570,0,1,1998,30,30,30,30,30,30,30,30,30,30
270570,1,1,1998,0,0,23,0,0,0,0,0,0,0
270571,0,1,1998,20,20,20,20,20,20,20,20,20,20
270571,1,1,1998,15,15,15,15,15,15,15,15,15,15
270572,0,1,1998,0,0,0,0,0,0,0,0,0,0
270572,1,1,1998,0,0,0,0,0,0,0,0,0,0
270573,0,1,1998,0,0,0,0,0,0,0,0,0,0
270573,1,1,1998,21,14,8,7,13,28,29,10,22,0
270574,1,1,1998,0,0,0,0,0,0,0,0,0,0
270574,2,1,1998,9,9,9,9,9,9,9,9,9,9
270575,1,1,1998,9,9,9,9,9,9,9,9,9,9
270576,1,1,1998,0,0,0,0,0,0,0,0,0,0
270576,2,1,1998,0,0,0,0,0,0,0,0,0,0
280001,1,1,1998,18,18,18,18,18,18,18,18,18,18
280002,1,1,1998,15,15,15,15,15,15,15,15,15,15
280003,1,1,1998,0,0,0,0,0,0,0,0,0,0
280003,2,1,1998,0,0,0,0,0,0,0,0,0,0
280004,1,1,1998,0,0,0,0,0,0,0,0,0,0
280005,1,1,1998,0,0,0,0,0,0,0,0,0,0
280006,1,1,1998,26,26,26,26,26,26,26,26,26,26
280007,1,1,1998,0,0,0,0,0,0,0,0,0,0
280007,2,1,1998,0,0,0,0,0,0,0,0,0,0
280008,1,1,1998,0,0,0,0,0,0,0,0,0,0
280008,2,1,1998,18,0,0,0,0,0,0,0,0,0
280009,0,1,1998,0,0,0,0,0,0,0,0,0,0
280009,1,1,1998,0,0,0,0,0,0,0,0,0,0
280010,1,1,1998,25,25,25,25,25,25,25,25,25,25
280011,1,1,1998,0,0,0,0,0,0,0,0,0,0
280011,2,1,1998,0,0,0,0,0,0,0,0,0,0
280012,1,1,1998,0,0,0,0,0,0,0,0,0,0
280013,1,1,1998,0,0,0,0,0,0,0,0,0,0
280013,2,1,1998,0,0,0,0,0,0,0,0,0,0
280014,1,1,1998,21,21,21,21,21,21,21,21,21,21
280015,1,1,1998,0,0,0,0,0,9,0,13,0,0
280015,2,1,1998,0,0,0,0,0,0,0,0,0,0
280016,1,1,1998,10,19,0,14,19,0,34,14,0,0
280017,1,1,1998,20,0,18,13,0,30,14,25,7,0
280018,1,1,1998,0,0,0,0,0,0,0,0,0,0
280019,1,1,1998,26,0,0,18,0,29,0,0,0,0
280020,1,1,1998,0,0,0,0,0,0,0,0,0,0
280021,1,1,1998,0,0,0,0,0,0,0,0,0,0
280022,1,1,1998,0,0,0,0,0,0,0,0,0,0
280022,2,1,1998,36,36,36,36,36,36,36,36,36,36
280023,1,1,1998,0,0,0,0,0,0,0,0,0,0
280024,1,1,1998,10,10,10,10,10,10,10,10,10,10
280025,1,1,1998,0,0,0,0,0,0,0,0,0,0
280026,1,1,1998,0,0,0,0,0,0,0,0,0,0
280027,1,1,1998,31,31,31,31,31,31,31,31,31,31
280028,1,1,1998,10,10,10,10,10,10,10,10,10,10
280029,1,1,1998,0,0,0,0,0,0,0,0,0,0
280030,1,1,1998,19,19,19,19,19,19,19,19,19,19
280031,1,1,1998,0,0,0,0,0,0,0,0,0,0
280031,2,1,1998,0,0,0,0,0,0,0,0,0,0
280032,0,1,1998,0,0,0,0,0,0,0,0,0,0
280032,1,1,1998,0,0,0,0,0,0,0,0,0,0
280033,1,1,1998,0,0,0,0,0,0,0,0,0,0
280033,2,1,1998,0,0,0,0,0,0,0,0,0,0
280034,1,1,1998,27,27,27,27,27,27,27,27,27,27
280035,1,1,1998,0,0,0,0,0,0,0,0,0,0
280035,2,1,1998,0,0,0,0,0,0,0,0,0,0
280036,1,1,1998,0,0,0,0,0,0,0,0,0,0
280037,1,1,1998,0,0,0,0,0,0,0,0,0,0
280037,2,1,1998,0,0,0,0,0,0,0,0,0,0
280038,0,1,1998,0,0,2,28,4,8,0,0,0,0
280038,1,1,1998,20,20,20,20,20,20,20,20,20,20
280039,1,1,1998,0,0,0,0,0,11,0,0,0,0
280039,2,1,1998,0,18,0,0,7,0,0,0,0,10
280040,1,1,1998,18,18,18,18,18,18,18,18,18,18
280041,1,1,1998,0,0,0,0,0,0,0,0,0,0
280042,0,1,1998,17,17,17,17,17,17,17,17,17,17
280042,1,1,1998,20,20,20,20,20,20,20,20,20,20
280043,1,1,1998,0,23,0,0,10,15,0,20,32,25
280044,1,1,1998,0,0,0,0,0,0,0,0,0,0
280045,1,1,1998,0,0,0,0,0,0,0,0,0,0
280045,2,1,1998,0,0,0,0,0,0,0,0,0,0
280046,0,1,1998,0,0,0,0,0,0,0,0,0,0
280046,1,1,1998,0,0,0,0,0,0,0,0,0,0
280047,1,1,1998,0,11,0,0,19,0,0,0,0,16
280047,2,1,1998,0,0,0,14,0,0,7,0,0,0
280048,1,1,1998,30,30,30,30,30,30,30,30,30,30
280049,1,1,1998,19,8,0,21,12,9,0,26,0,0
280050,1,1,1998,0,0,0,0,0,0,0,0,0,0
280050,2,1,1998,0,0,0,0,0,0,0,0,0,0
280051,1,1,1998,0,0,0,0,0,0,0,0,0,0
280052,0,1,1998,0,7,0,0,23,12,52,0,0,0
280052,1,1,1998,0,0,0,8,0,0,0,0,0,0
280053,1,1,1998,0,0,0,0,0,0,0,0,0,0
280054,1,1,1998,0,0,0,0,0,0,0,0,0,0
280054,2,1,1998,0,0,0,0,0,0,0,0,0,0
280055,1,1,1998,36,22,11,30,17,15,12,10,27,14
280056,1,1,1998,0,0,0,0,0,0,0,0,0,0
280056,2,1,1998,0,0,0,0,0,0,0,0,0,0
280056,3,1,1998,0,0,0,0,0,0,0,0,0,0
280057,1,1,1998,0,0,0,0,0,0,0,0,0,0
280057,2,1,1998,19,19,19,19,19,19,19,19,19,19
280058,1,1,1998,0,0,0,0,8,0,0,0,0,0
280058,2,1,1998,0,0,0,0,0,0,0,0,0,0
280059,1,1,1998,0,0,0,0,0,0,0,0,0,0
280059,2,1,1998,0,0,0,0,0,0,0,0,0,0
280060,1,1,1998,0,0,0,0,0,0,0,0,0,0
280060,2,1,1998,15,15,15,15,15,15,15,15,15,15
280061,1,1,1998,0,0,0,0,0,0,0,0,0,0
280062,1,1,1998,0,0,0,0,0,0,0,0,0,0
280062,2,1,1998,0,0,0,0,0,0,0,0,0,0
280063,1,1,1998,0,0,0,0,0,0,0,0,0,0
280063,2,1,1998,0,0,0,0,0,0,0,0,0,0
280064,0,1,1998,0,0,0,0,0,0,29,22,0,0
280064,1,1,1998,24,16,33,26,19,0,17,8,13,17
280065,0,1,1998,18,18,18,18,18,18,18,18,18,18
280065,1,1,1998,13,25,18,9,11,12,8,8,7,0
280066,0,1,1998,24,24,24,24,24,24,24,24,24,24
280066,1,1,1998,0,0,0,0,0,0,0,0,0,0
280067,1,1,1998,0,0,0,0,0,0,0,0,0,0
280068,1,1,1998,0,0,0,0,0,0,0,0,0,0
280068,2,1,1998,0,0,0,0,0,0,0,0,0,0
280069,1,1,1998,0,0,0,0,0,0,0,0,0,0
280070,1,1,1998,0,0,0,0,0,0,0,0,0,0
280070,2,1,1998,12,12,12,12,12,12,12,12,12,12
280071,1,1,1998,0,0,0,0,0,0,0,0,0,0
280071,2,1,1998,20,20,20,20,20,20,20,20,20,20
280072,1,1,1998,0,0,0,0,0,0,0,0,0,0
280073,1,1,1998,0,0,0,0,0,0,0,0,0,0
280074,1,1,1998,31,31,31,31,31,31,31,31,31,31
280075,1,1,1998,0,0,0,0,0,0,0,0,0,0
280075,2,1,1998,0,0,0,0,0,0,0,0,0,0
280076,1,1,1998,0,0,0,0,0,0,0,0,0,0
280077,1,1,1998,14,21,0,27,11,0,20,0,41,0
280078,1,1,1998,0,0,0,0,0,0,0,0,0,0
280079,1,1,1998,21,21,21,21,21,21,21,21,21,21
280080,1,1,1998,19,19,19,19,19,19,19,19,19,19
280081,1,1,1998,20,25,0,18,0,0,23,14,33,25
280082,1,1,1998,0,0,0,0,0,0,0,0,0,0
280082,2,1,1998,0,0,0,0,0,0,0,0,0,0
280083,1,1,1998,0,0,0,0,0,0,0,0,0,0
280084,1,1,1998,0,0,0,0,0,0,0,0,0,0
280086,1,1,1998,9,9,9,9,9,9,9,9,9,9
280086,2,1,1998,15,15,15,15,15,15,15,15,15,15
280087,1,1,1998,27,27,27,27,27,27,27,27,27,27
280088,1,1,1998,0,0,16,0,0,0,0,0,0,0
280088,2,1,1998,0,0,0,0,0,0,0,0,0,0
280089,1,1,1998,21,21,21,21,21,21,21,21,21,21
280090,1,1,1998,0,0,0,0,0,0,0,0,0,0
280091,1,1,1998,0,0,0,0,7,0,0,0,0,0
280092,1,1,1998,11,11,11,11,11,11,11,11,11,11
280093,1,1,1998,0,0,0,0,0,0,0,0,0,0
280093,2,1,1998,0,0,0,0,0,0,0,0,0,0
280094,1,1,1998,0,0,0,0,0,0,0,0,0,0
280094,2,1,1998,36,36,36,36,36,36,36,36,36,36
280095,1,1,1998,13,13,13,13,13,13,13,13,13,13
280095,2,1,1998,0,0,0,0,0,0,0,0,0,0
280096,1,1,1998,0,0,0,0,0,0,0,0,0,0
280096,2,1,1998,5,5,5,5,5,5,5,5,5,5
280097,1,1,1998,0,0,0,0,0,0,0,0,0,0
280098,1,1,1998,0,0,0,0,0,0,0,0,0,0
280098,2,1,1998,0,0,0,0,0,0,0,0,0,0
280099,1,1,1998,23,23,23,23,23,23,23,23,23,23
280099,2,1,1998,0,0,0,0,0,0,0,0,0,0
280100,1,1,1998,0,0,0,0,0,0,0,0,0,0
280101,0,1,1998,0,0,0,0,0,0,0,0,0,0
280101,1,1,1998,0,0,0,0,0,0,0,0,0,0
280102,1,1,1998,0,0,0,0,0,0,0,0,0,0
280102,2,1,1998,0,0,0,0,0,0,0,0,0,0
280103,1,1,1998,0,14,0,0,15,0,0,0,0,0
280104,1,1,1998,0,0,0,0,0,0,0,0,0,0
280105,1,1,1998,28,28,28,28,28,28,28,28,28,28
280106,1,1,1998,0,0,0,0,0,0,0,0,0,0
280107,1,1,1998,17,8,0,0,0,0,25,0,0,0
280108,1,1,1998,0,0,0,0,0,0,0,0,0,0
280108,2,1,1998,16,0,12,0,0,0,0,0,0,0
280109,1,1,1998,0,0,0,0,0,0,0,0,0,0
280109,2,1,1998,15,15,15,15,15,15,15,15,15,15
280110,1,1,1998,0,0,0,0,0,0,0,0,0,0
280110,2,1,1998,0,0,0,0,0,0,0,0,0,0
280111,1,1,1998,27,27,27,27,27,27,27,27,27,27
280112,1,1,1998,0,0,0,0,0,0,0,0,0,0
280113,1,1,1998,17,17,17,17,17,17,17,17,17,17
280113,2,1,1998,3,3,3,3,3,3,3,3,3,3
280114,1,1,1998,0,0,0,0,0,0,0,0,0,0
280114,2,1,1998,0,0,0,0,0,0,0,0,0,0
280115,1,1,1998,0,0,0,0,0,0,0,0,0,0
280115,2,1,1998,0,0,0,0,0,0,0,0,0,0
280116,1,1,1998,0,0,0,0,0,0,0,0,0,0
280117,1,1,1998,0,0,18,0,0,0,0,0,22,0
280118,1,1,1998,0,0,0,0,0,0,0,0,0,0
280118,2,1,1998,0,0,0,0,0,0,0,29,0,0
280119,1,1,1998,0,0,0,0,0,0,0,21,0,0
280119,2,1,1998,0,0,0,0,0,0,0,0,0,0
280120,1,1,1998,0,0,0,0,0,0,0,0,0,0
280121,1,1,1998,0,0,7,12,8,0,8,0,14,16
280122,1,1,1998,0,0,0,0,0,0,0,0,0,0
280123,0,1,1998,0,0,0,0,0,0,0,0,0,0
280123,1,1,1998,0,0,0,0,0,0,0,0,13,0
280124,0,1,1998,27,27,27,27,27,27,27,27,27,27
280124,1,1,1998,0,0,0,0,0,0,0,0,0,0
280125,1,1,1998,21,21,21,21,21,21,21,21,21,21
280126,1,1,1998,0,0,0,0,0,0,0,0,0,0
280126,2,1,1998,0,0,0,0,0,0,0,0,0,0
280127,1,1,1998,18,18,18,18,18,18,18,18,18,18
280128,1,1,1998,18,18,18,18,18,18,18,18,18,18
280129,1,1,1998,10,10,10,10,10,10,10,10,10,10
280130,1,1,1998,1,1,1,1,1,1,1,1,1,1
280130,2,1,1998,28,28,28,28,28,28,28,28,28,28
280130,3,1,1998,9,9,9,9,9,9,9,9,9,9
280131,1,1,1998,24,16,8,16,16,9,18,21,14,0
280132,1,1,1998,0,0,0,0,14,0,0,0,0,0
280132,2,1,1998,0,0,0,0,0,0,0,0,20,0
280133,0,1,1998,0,0,0,0,0,0,0,0,0,0
280133,1,1,1998,0,0,0,0,0,0,0,0,0,0
280134,1,1,1998,0,0,0,0,0,0,0,0,0,0
280134,2,1,1998,0,0,0,0,0,0,0,0,0,0
280135,1,1,1998,27,27,27,27,27,27,27,27,27,27
280136,1,1,1998,0,0,0,0,0,0,0,0,0,0
280136,2,1,1998,0,0,0,0,0,0,0,0,0,0
280137,1,1,1998,0,0,0,0,0,0,0,0,0,0
280138,1,1,1998,18,18,18,18,18,18,18,18,18,18
280139,1,1,1998,15,15,15,15,15,15,15,15,15,15
280140,1,1,1998,0,0,0,0,0,0,0,0,0,0
280141,1,1,1998,20,20,20,20,20,20,20,20,20,20
280142,1,1,1998,0,0,0,0,0,0,0,0,0,0
280142,2,1,1998,0,0,0,0,0,0,0,0,0,0
280143,1,1,1998,0,0,0,0,0,0,0,0,0,0
280143,2,1,1998,0,0,0,0,0,0,0,0,0,0
280144,1,1,1998,0,12,17,11,0,0,0,22,0,19
280145,1,1,1998,11,11,11,11,11,11,11,11,11,11
280146,1,1,1998,18,0,17,19,19,15,24,25,22,0
280147,0,1,1998,3,0,0,8,17,22,0,24,0,0
280147,1,1,1998,15,15,15,15,15,15,15,15,15,15
280148,1,1,1998,19,19,19,19,19,19,19,19,19,19
280149,1,1,1998,11,11,11,11,11,11,11,11,11,11
280150,1,1,1998,0,0,0,0,0,0,0,0,0,0
280150,2,1,1998,0,0,0,0,0,0,0,0,0,0
280151,1,1,1998,0,0,0,0,0,0,0,0,0,0
280151,2,1,1998,0,0,0,0,0,0,0,0,0,0
280152,1,1,1998,8,0,14,0,0,0,17,0,0,0
280153,1,1,1998,13,13,13,13,13,13,13,13,13,13
280153,2,1,1998,0,0,0,0,0,0,0,0,0,0
280153,3,1,1998,0,0,0,0,0,0,0,0,0,0
280153,4,1,1998,0,0,0,0,0,0,0,0,0,0
280154,1,1,1998,34,0,16,29,15,15,25,30,29,0
280155,1,1,1998,0,0,0,0,0,0,0,0,0,0
280155,2,1,1998,0,0,0,0,0,0,0,0,0,0
280156,1,1,1998,0,0,0,0,0,0,0,0,12,23
280157,1,1,1998,0,21,0,0,16,0,0,0,0,0
280158,1,1,1998,18,18,18,18,18,18,18,18,18,18
280159,1,1,1998,21,21,21,21,21,21,21,21,21,21
280161,1,1,1998,0,0,0,0,0,0,0,0,0,0
280162,1,1,1998,0,0,0,0,0,0,0,0,0,0
280162,2,1,1998,0,0,0,0,0,0,0,0,0,0
280162,3,1,1998,0,0,0,0,0,0,0,0,0,0
280163,1,1,1998,0,0,0,0,0,0,0,0,0,0
280163,2,1,1998,0,0,0,0,0,0,0,0,0,0
280165,1,1,1998,0,0,0,0,0,0,0,0,0,0
280165,2,1,1998,0,0,0,0,0,0,18,0,0,0
280166,1,1,1998,0,0,0,0,0,0,0,0,0,0
280167,1,1,1998,0,0,0,0,0,0,0,0,0,0
280167,2,1,1998,0,0,0,0,0,0,0,0,0,0
280168,1,1,1998,0,0,0,0,0,0,0,0,0,0
280168,2,1,1998,0,0,0,0,0,0,0,0,0,0
280169,1,1,1998,0,0,0,0,0,0,0,0,0,0
280169,2,1,1998,17,17,17,17,17,17,17,17,17,17
280170,1,1,1998,17,17,17,17,17,17,17,17,17,17
280171,1,1,1998,0,0,0,0,0,0,0,0,0,0
280171,2,1,1998,0,0,0,0,0,0,0,0,0,0
280172,1,1,1998,0,0,0,0,0,0,0,0,0,0
280173,1,1,1998,9,9,9,9,9,9,9,9,9,9
280173,2,1,1998,0,0,0,0,0,0,0,0,0,0
280174,1,1,1998,0,0,0,0,0,0,0,0,0,0
280174,2,1,1998,0,0,0,0,0,0,0,0,0,0
280175,1,1,1998,0,0,0,0,0,0,0,0,0,0
280175,2,1,1998,0,0,0,0,0,0,0,0,0,0
280176,1,1,1998,26,26,26,26,26,26,26,26,26,26
280176,2,1,1998,10,10,10,10,10,10,10,10,10,10
280177,1,1,1998,16,16,16,16,16,16,16,16,16,16
280177,2,1,1998,0,10,0,0,0,0,17,6,0,0
280178,1,1,1998,0,0,19,5,0,0,0,0,0,0
280179,1,1,1998,0,0,0,0,0,0,0,0,0,0
280179,2,1,1998,0,0,0,0,0,0,0,0,0,0
280180,0,1,1998,0,27,0,0,7,7,0,0,0,25
280180,1,1,1998,0,0,0,0,0,0,0,0,0,0
280181,1,1,1998,3,3,3,3,3,3,3,3,3,3
280182,1,1,1998,14,14,14,14,14,14,14,14,14,14
280183,1,1,1998,0,0,0,0,0,0,0,0,0,0
280184,1,1,1998,24,24,0,21,5,21,24,43,0,13
280185,1,1,1998,0,0,0,0,0,0,0,0,0,0
280185,2,1,1998,0,0,0,0,0,0,0,0,0,0
280186,1,1,1998,14,14,14,14,14,14,14,14,14,14
280187,1,1,1998,0,0,0,0,0,0,0,0,0,0
280188,1,1,1998,0,0,0,0,0,0,0,0,0,0
280189,1,1,1998,33,33,33,33,33,33,33,33,33,33
280190,1,1,1998,11,11,11,11,11,11,11,11,11,11
280191,1,1,1998,0,0,0,0,0,0,0,0,0,0
280191,2,1,1998,0,0,0,0,0,13,0,0,13,0
280192,1,1,1998,0,0,0,0,0,0,0,0,0,0
280193,1,1,1998,29,27,19,21,10,6,16,6,19,29
280194,1,1,1998,16,22,17,17,16,32,24,17,19,22
280195,1,1,1998,7,10,11,0,0,0,0,3,0,0
280196,1,1,1998,15,0,10,0,0,0,0,0,0,0
280197,0,1,1998,0,0,0,0,0,0,0,0,0,0
280197,1,1,1998,0,0,0,0,0,0,0,0,0,0
280198,1,1,1998,0,0,0,0,0,0,0,0,0,0
280198,2,1,1998,0,0,0,0,0,0,0,0,0,0
280199,1,1,1998,2,2,2,2,2,2,2,2,2,2
280199,2,1,1998,0,0,0,0,0,0,0,0,0,0
280200,1,1,1998,0,0,0,0,0,0,0,0,0,0
280200,2,1,1998,0,0,0,0,0,0,0,0,0,10
280200,3,1,1998,0,0,0,0,0,0,0,24,0,11
280201,1,1,1998,0,0,0,0,0,0,0,0,0,0
280201,2,1,1998,0,0,0,0,0,0,0,0,0,0
280202,1,1,1998,0,0,0,0,0,0,0,0,0,0
280203,1,1,1998,0,0,0,0,0,0,0,0,0,0
280203,2,1,1998,18,18,18,18,18,18,18,18,18,18
280204,1,1,1998,0,0,0,16,0,8,0,0,0,0
280204,2,1,1998,0,0,0,0,0,0,0,0,0,0
280205,1,1,1998,0,0,0,0,0,0,0,0,0,0
280205,2,1,1998,0,0,0,0,0,0,0,0,0,0
280206,1,1,1998,0,0,0,0,0,0,0,0,0,0
280207,1,1,1998,0,0,0,0,0,0,0,0,0,0
280208,1,1,1998,0,0,0,0,0,0,0,0,0,0
280208,2,1,1998,0,0,0,0,0,0,0,0,0,0
280209,1,1,1998,0,0,0,0,0,0,0,0,0,0
280209,2,1,1998,0,0,0,0,0,0,0,0,0,0
280210,1,1,1998,0,18,0,11,0,0,0,0,6,0
280210,2,1,1998,0,22,0,0,0,0,0,0,0,0
280211,1,1,1998,0,0,17,7,0,18,0,0,22,0
280212,1,1,1998,18,18,18,18,18,18,18,18,18,18
280213,1,1,1998,0,0,0,0,0,0,0,0,0,0
280213,2,1,1998,0,0,0,0,0,0,0,0,0,0
280213,3,1,1998,3,0,9,0,0,7,0,12,14,0
280214,1,1,1998,0,0,0,0,0,0,0,0,0,0
280214,2,1,1998,0,0,0,0,0,13,0,0,0,0
280215,1,1,1998,0,0,0,0,0,0,0,0,0,0
280215,2,1,1998,0,0,0,0,0,0,0,0,0,0
280215,3,1,1998,0,0,0,0,0,0,0,0,0,0
280216,1,1,1998,21,0,23,0,0,18,0,27,0,0
280217,1,1,1998,0,0,0,0,0,0,0,0,0,0
280218,1,1,1998,28,0,25,0,26,0,0,17,0,0
280219,1,1,1998,0,0,0,0,0,0,0,0,0,0
280219,2,1,1998,0,0,13,0,0,0,0,0,0,0
280220,1,1,1998,0,0,0,0,0,0,0,0,0,0
280220,2,1,1998,0,0,0,0,0,0,0,0,0,0
280221,1,1,1998,0,0,0,0,0,0,0,0,0,0
280222,1,1,1998,18,18,18,18,18,18,18,18,18,18
280223,1,1,1998,38,38,38,38,38,38,38,38,38,38
280224,1,1,1998,0,11,0,0,28,24,0,0,0,0
280225,1,1,1998,8,8,8,8,8,8,8,8,8,8
280226,1,1,1998,16,16,16,16,16,16,16,16,16,16