ST_CASE,VEH_NO,PER_NO,YEAR,P1,P2,P3,P4,P5,P6,P7,P8,P9,P10
280226,2,1,1998,0,0,0,0,0,0,0,0,0,0
280227,1,1,1998,0,0,0,0,0,0,0,0,0,0
280228,1,1,1998,0,0,0,0,0,0,0,0,0,0
280228,2,1,1998,0,0,0,0,0,0,0,0,0,0
280229,1,1,1998,0,0,0,0,0,0,0,0,0,0
280229,2,1,1998,0,0,0,0,0,0,0,0,0,0
280230,1,1,1998,18,19,0,17,16,3,18,3,28,5
280231,1,1,1998,0,0,0,0,0,0,0,0,0,0
280232,1,1,1998,2,2,2,2,2,2,2,2,2,2
280232,2,1,1998,0,0,0,0,0,0,0,0,0,0
280233,1,1,1998,0,0,0,0,0,0,0,0,0,0
280233,2,1,1998,0,0,0,0,0,0,0,0,0,15
280233,3,1,1998,0,0,0,0,0,0,0,0,0,0
280234,0,1,1998,0,0,0,0,0,0,0,0,0,0
280234,1,1,1998,0,0,0,0,0,0,0,0,0,0
280235,1,1,1998,25,25,25,25,25,25,25,25,25,25
280236,1,1,1998,20,20,20,20,20,20,20,20,20,20
280237,1,1,1998,0,0,0,0,0,0,0,0,0,0
280237,2,1,1998,0,0,0,0,0,0,0,0,0,0
280238,1,1,1998,0,0,0,0,0,0,0,0,0,0
280238,2,1,1998,0,0,0,0,0,0,0,0,0,0
280239,1,1,1998,0,0,0,0,0,0,0,0,0,0
280240,1,1,1998,20,20,20,20,20,20,20,20,20,20
280240,2,1,1998,22,22,22,22,22,22,22,22,22,22
280241,1,1,1998,0,0,0,0,0,0,0,0,0,0
280241,2,1,1998,0,0,0,0,0,0,0,0,0,0
280242,1,1,1998,16,16,16,16,16,16,16,16,16,16
280242,2,1,1998,0,0,0,0,0,0,0,0,0,0
280243,1,1,1998,0,0,0,0,0,0,0,0,0,0
280244,1,1,1998,0,0,0,0,0,0,0,0,0,0
280245,1,1,1998,0,23,0,0,0,16,28,34,19,5
280245,2,1,1998,0,0,0,0,0,0,0,0,0,0
280245,3,1,1998,0,14,0,0,0,23,17,11,0,0
280246,0,1,1998,0,20,0,4,0,21,0,6,23,0
280246,1,1,1998,0,9,0,18,13,10,6,21,10,9
280247,1,1,1998,0,0,0,0,0,0,0,0,0,0
280248,1,1,1998,0,0,0,0,0,0,0,0,0,0
280248,2,1,1998,0,0,0,0,0,0,0,0,0,0
280249,1,1,1998,0,0,3,13,0,7,0,0,0,13
280249,2,1,1998,0,0,0,18,0,0,0,0,0,0
280250,1,1,1998,15,15,15,15,15,15,15,15,15,15
280250,2,1,1998,17,0,4,0,0,0,0,9,0,0
280251,1,1,1998,18,18,18,18,18,18,18,18,18,18
280251,2,1,1998,0,0,0,0,0,0,0,0,0,0
280252,1,1,1998,0,0,0,0,0,0,0,0,0,0
280252,2,1,1998,0,0,0,0,0,0,0,0,0,0
280252,3,1,1998,0,0,0,0,0,0,0,0,0,0
280252,4,1,1998,0,8,0,0,0,0,0,0,9,22
280253,1,1,1998,0,0,0,0,0,0,0,0,0,0
280254,1,1,1998,0,0,0,0,0,0,0,0,0,0
280255,1,1,1998,0,0,0,0,0,0,0,0,0,0
280255,2,1,1998,0,3,28,16,0,0,0,0,0,0
280256,1,1,1998,0,0,0,0,0,0,0,0,0,0
280256,2,1,1998,0,0,0,0,0,0,0,0,0,0
280257,1,1,1998,0,0,0,0,0,0,0,0,0,0
280257,2,1,1998,0,0,0,0,0,0,0,0,0,0
280258,1,1,1998,0,0,0,0,0,0,0,0,0,0
280258,2,1,1998,23,23,23,23,23,23,23,23,23,23
280259,1,1,1998,0,0,0,0,0,0,0,0,0,0
280259,2,1,1998,0,0,0,0,0,0,0,0,0,0
280260,1,1,1998,0,0,0,0,0,0,11,0,0,0
280260,2,1,1998,0,0,0,0,0,0,0,0,0,0
280261,1,1,1998,20,21,32,7,4,20,0,8,22,0
280262,1,1,1998,24,18,19,23,21,0,0,18,26,0
280263,1,1,1998,0,15,0,0,25,19,0,0,20,0
280263,2,1,1998,0,0,0,6,0,0,0,0,0,13
280264,1,1,1998,7,7,7,7,7,7,7,7,7,7
280265,0,1,1998,0,0,0,0,0,0,0,0,0,0
280265,1,1,1998,10,10,10,10,10,10,10,10,10,10
280266,1,1,1998,0,0,0,0,0,7,0,0,0,0
280266,2,1,1998,0,0,0,0,0,0,0,0,0,0
280267,1,1,1998,0,0,0,0,1,0,0,4,0,0
280267,2,1,1998,0,0,0,0,0,0,0,0,0,0
280268,1,1,1998,0,0,0,0,0,0,0,0,0,0
280268,2,1,1998,0,0,0,0,0,0,0,0,0,0
280268,3,1,1998,0,0,0,0,0,0,0,0,0,0
280269,1,1,1998,0,0,0,0,0,0,0,0,0,0
280269,2,1,1998,0,0,0,0,0,0,0,0,0,0
280270,1,1,1998,0,0,0,0,0,0,0,0,0,0
280271,1,1,1998,0,0,0,0,0,0,0,0,0,0
280271,2,1,1998,0,0,0,0,0,0,0,0,0,0
280272,1,1,1998,0,0,0,0,0,0,0,0,0,0
280272,2,1,1998,0,0,0,0,0,0,0,0,0,0
280273,1,1,1998,0,0,0,0,0,0,0,0,0,0
280273,2,1,1998,0,0,0,0,0,0,0,0,0,0
280273,3,1,1998,0,0,0,0,0,0,0,0,0,0
280274,1,1,1998,0,0,0,0,0,0,0,0,0,0
280275,1,1,1998,12,12,12,12,12,12,12,12,12,12
280276,1,1,1998,0,0,0,0,0,0,0,0,0,0
280277,1,1,1998,16,16,16,16,16,16,16,16,16,16
280278,1,1,1998,15,15,15,15,15,15,15,15,15,15
280279,0,1,1998,0,0,0,0,0,0,0,0,0,0
280279,1,1,1998,0,0,0,0,0,0,0,0,0,0
280280,0,1,1998,0,0,0,0,0,0,0,0,0,0
280280,1,1,1998,0,0,0,0,0,0,0,0,0,0
280281,1,1,1998,0,0,0,0,0,0,0,0,0,0
280282,1,1,1998,23,0,0,15,26,0,21,0,20,0
280283,1,1,1998,21,15,3,0,19,16,26,23,18,22
280284,1,1,1998,0,0,0,0,0,0,0,0,0,0
280284,2,1,1998,11,0,0,0,2,32,0,0,0,0
280285,1,1,1998,18,18,18,18,18,18,18,18,18,18
280286,1,1,1998,0,0,0,0,0,0,0,0,0,0
280286,2,1,1998,0,0,0,0,0,0,0,0,0,0
280287,1,1,1998,0,0,0,0,0,0,0,0,0,0
280288,1,1,1998,20,20,20,20,20,20,20,20,20,20
280288,2,1,1998,0,0,0,0,0,0,0,0,0,0
280289,1,1,1998,17,17,17,17,17,17,17,17,17,17
280290,1,1,1998,0,0,0,0,0,0,0,0,0,0
280290,2,1,1998,0,0,0,0,0,0,0,0,0,15
280291,1,1,1998,0,0,0,0,0,0,0,0,0,0
280292,1,1,1998,0,0,0,0,0,0,0,0,0,0
280292,2,1,1998,0,0,0,0,0,0,0,0,0,0
280293,1,1,1998,0,0,0,0,0,0,0,0,0,0
280294,1,1,1998,18,18,18,18,18,18,18,18,18,18
280295,1,1,1998,0,0,0,0,0,0,0,0,0,0
280296,1,1,1998,22,22,22,22,22,22,22,22,22,22
280297,1,1,1998,0,0,0,0,0,0,0,0,0,0
280297,2,1,1998,0,0,0,0,0,0,0,0,0,0
280298,1,1,1998,0,0,0,0,0,0,0,0,0,0
280298,2,1,1998,0,0,0,0,0,0,0,0,0,0
280299,1,1,1998,0,0,0,0,0,0,0,0,0,0
280300,1,1,1998,0,0,0,0,0,0,0,0,0,0
280300,2,1,1998,0,0,0,0,0,0,0,0,0,0
280301,1,1,1998,0,0,0,0,0,0,0,0,0,0
280301,2,1,1998,17,17,17,17,17,17,17,17,17,17
280302,1,1,1998,12,12,12,12,12,12,12,12,12,12
280303,1,1,1998,0,0,0,0,0,0,0,0,0,0
280303,2,1,1998,12,12,12,12,12,12,12,12,12,12
280304,1,1,1998,0,0,0,0,0,0,0,0,0,0
280304,2,1,1998,0,0,0,0,0,0,0,0,0,0
280304,3,1,1998,0,0,0,0,0,0,0,0,0,0
280305,1,1,1998,0,0,0,0,0,0,0,0,0,0
280306,1,1,1998,0,12,0,0,0,10,0,12,0,30
280307,1,1,1998,0,0,0,0,0,0,0,0,0,0
280307,2,1,1998,0,0,0,0,0,0,0,0,0,0
280308,1,1,1998,0,0,0,0,0,0,0,0,0,0
280308,2,1,1998,0,0,0,0,0,0,0,18,0,9
280309,1,1,1998,0,0,0,0,0,0,0,0,0,0
280309,2,1,1998,0,0,18,13,12,0,0,0,0,0
280310,1,1,1998,0,0,0,0,0,0,0,0,0,0
280310,2,1,1998,0,0,0,0,0,0,0,0,0,0
280311,1,1,1998,7,7,7,7,7,7,7,7,7,7
280312,1,1,1998,10,10,10,10,10,10,10,10,10,10
280313,1,1,1998,0,0,0,0,0,0,0,0,0,0
280314,1,1,1998,0,0,0,0,0,0,0,0,0,0
280314,2,1,1998,0,0,0,0,0,0,0,0,0,0
280315,1,1,1998,0,0,0,0,0,0,0,0,0,0
280316,1,1,1998,0,0,0,17,0,0,0,0,0,0
280317,1,1,1998,0,0,0,11,0,0,0,0,0,0
280317,2,1,1998,0,0,12,0,0,0,0,0,0,0
280318,1,1,1998,18,18,18,18,18,18,18,18,18,18
280319,1,1,1998,0,0,14,0,0,0,0,0,0,0
280320,1,1,1998,17,0,20,0,0,0,0,0,4,0
280321,1,1,1998,0,0,0,0,0,0,0,0,0,0
280321,2,1,1998,0,0,0,0,0,0,0,0,0,0
280322,1,1,1998,0,0,0,0,0,0,0,0,0,0
280322,2,1,1998,14,14,14,14,14,14,14,14,14,14
280322,3,1,1998,22,22,22,22,22,22,22,22,22,22
280323,1,1,1998,19,19,19,19,19,19,19,19,19,19
280323,2,1,1998,11,11,11,11,11,11,11,11,11,11
280324,1,1,1998,20,20,20,20,20,20,20,20,20,20
280325,1,1,1998,0,0,0,0,0,12,0,0,0,0
280325,2,1,1998,0,0,0,0,0,0,0,0,0,0
280326,1,1,1998,0,0,0,0,0,0,0,0,0,0
280327,1,1,1998,19,19,19,19,19,19,19,19,19,19
280328,1,1,1998,0,0,0,0,0,0,0,0,0,0
280329,1,1,1998,0,0,0,0,0,0,0,0,0,0
280329,2,1,1998,0,0,0,0,0,0,0,0,0,0
280330,1,1,1998,17,17,17,17,17,17,17,17,17,17
280331,0,1,1998,0,0,0,0,0,0,0,0,0,0
280331,1,1,1998,15,5,0,7,0,0,20,13,0,6
280332,1,1,1998,0,0,0,0,0,0,0,0,0,0
280332,2,1,1998,0,0,0,0,0,0,0,0,0,0
280333,1,1,1998,0,0,0,15,0,15,25,0,0,0
280334,1,1,1998,0,0,0,0,0,0,0,0,0,0
280334,2,1,1998,0,0,0,0,0,0,0,0,0,0
280335,1,1,1998,0,0,0,0,0,0,0,0,0,0
280336,1,1,1998,27,27,27,27,27,27,27,27,27,27
280337,1,1,1998,19,19,19,19,19,19,19,19,19,19
280338,1,1,1998,0,0,0,0,0,2,0,0,0,0
280338,2,1,1998,0,12,0,0,12,0,0,0,0,0
280339,1,1,1998,4,12,11,12,0,0,21,16,13,0
280340,1,1,1998,0,0,0,0,0,9,0,0,11,12
280340,2,1,1998,9,0,10,0,0,0,0,0,15,0
280341,1,1,1998,0,0,0,0,0,0,0,0,0,0
280341,2,1,1998,0,0,0,0,0,0,0,0,0,0
280342,1,1,1998,0,0,0,0,0,0,0,0,0,0
280343,1,1,1998,0,0,0,0,0,0,0,0,0,0
280344,0,1,1998,0,0,0,0,0,0,0,0,0,0
280344,1,1,1998,0,0,0,0,0,0,0,0,0,0
280345,1,1,1998,0,0,0,0,0,0,0,0,0,0
280346,1,1,1998,14,16,0,22,20,0,32,0,31,17
280347,1,1,1998,0,0,0,0,0,0,0,0,0,0
280347,2,1,1998,20,20,20,20,20,20,20,20,20,20
280348,1,1,1998,0,0,0,0,0,0,0,0,0,0
280348,2,1,1998,0,0,0,0,0,0,0,0,0,0
280349,1,1,1998,0,0,0,0,0,0,0,0,0,0
280349,2,1,1998,0,0,0,0,0,0,0,0,0,0
280349,3,1,1998,0,0,0,0,0,0,0,0,0,0
280349,4,1,1998,0,0,0,0,0,0,0,0,0,0
280350,0,1,1998,0,0,0,0,0,0,0,0,0,0
280350,1,1,1998,0,0,0,0,0,0,0,0,0,0
280351,1,1,1998,19,19,19,19,19,19,19,19,19,19
280351,2,1,1998,16,16,16,16,16,16,16,16,16,16
280352,1,1,1998,0,0,0,0,0,0,0,0,0,0
280353,1,1,1998,18,18,18,18,18,18,18,18,18,18
280354,1,1,1998,0,0,0,0,0,0,11,0,0,0
280355,1,1,1998,0,0,0,0,0,0,0,0,0,0
280356,1,1,1998,0,0,0,0,0,0,0,0,0,0
280357,1,1,1998,16,0,11,0,5,0,0,0,0,0
280357,2,1,1998,0,2,0,16,0,0,12,0,0,0
280358,1,1,1998,0,0,0,0,0,0,0,0,0,0
280358,2,1,1998,0,0,0,0,0,0,0,0,0,0
280359,1,1,1998,0,24,0,32,14,0,0,0,0,18
280360,1,1,1998,15,0,3,4,0,0,23,0,34,12
280361,0,1,1998,0,0,0,0,0,0,0,0,0,0
280361,1,1,1998,0,0,0,0,0,0,0,0,0,0
280362,1,1,1998,0,0,0,0,0,0,0,0,0,0
280362,2,1,1998,0,0,0,0,0,0,0,0,0,0
280362,3,1,1998,0,0,0,0,0,0,0,0,14,0
280363,0,1,1998,0,0,0,0,0,0,0,0,0,0
280363,1,1,1998,0,0,0,0,0,0,0,0,0,0
280364,1,1,1998,0,0,0,0,0,0,0,0,0,0
280364,2,1,1998,0,0,0,0,0,0,0,0,0,0
280365,1,1,1998,18,18,18,18,18,18,18,18,18,18
280366,1,1,1998,10,15,13,23,0,0,0,20,0,16
280366,2,1,1998,0,0,0,0,0,0,0,0,0,0
280367,1,1,1998,21,21,21,21,21,21,21,21,21,21
280368,1,1,1998,0,0,0,0,0,0,0,0,0,0
280368,2,1,1998,0,0,0,0,0,0,0,0,0,0
280369,1,1,1998,0,0,0,0,0,0,0,16,0,0
280370,1,1,1998,0,9,12,0,0,0,0,25,0,0
280370,2,1,1998,0,18,0,0,0,4,0,36,0,0
280371,1,1,1998,0,0,0,0,0,0,0,0,0,0
280371,2,1,1998,0,0,0,0,0,0,0,0,0,0
280372,1,1,1998,0,0,9,7,14,0,0,0,0,0
280373,1,1,1998,0,0,0,0,0,0,0,0,0,0
280374,0,1,1998,0,0,0,0,0,0,0,0,0,0
280374,1,1,1998,0,0,0,0,0,0,0,0,0,0
280375,1,1,1998,19,18,14,10,25,10,21,35,0,10
280376,1,1,1998,0,0,0,0,0,0,0,0,0,0
280377,1,1,1998,19,19,19,19,19,19,19,19,19,19
280378,1,1,1998,0,0,0,0,0,0,0,0,0,0
280379,1,1,1998,0,0,0,0,0,0,0,0,0,0
280379,2,1,1998,0,0,0,0,0,0,0,0,0,0
280380,1,1,1998,18,18,18,18,18,18,18,18,18,18
280381,1,1,1998,0,0,0,0,0,0,0,0,0,0
280382,1,1,1998,6,0,0,20,5,6,6,0,0,0
280382,2,1,1998,0,0,0,0,0,0,0,0,0,0
280383,1,1,1998,0,12,0,23,0,0,0,12,12,0
280383,2,1,1998,0,0,0,0,0,0,0,0,0,0
280384,1,1,1998,0,0,0,0,0,0,0,0,0,0
280384,2,1,1998,0,0,0,0,0,0,0,0,0,0
280385,1,1,1998,9,8,17,4,10,0,18,10,0,3
280386,1,1,1998,0,0,0,0,0,0,0,0,0,0
280387,1,1,1998,6,6,6,6,6,6,6,6,6,6
280388,1,1,1998,0,0,0,0,0,0,0,0,0,0
280389,1,1,1998,0,0,0,0,0,0,0,0,0,3
280389,2,1,1998,37,0,0,0,0,23,26,25,0,11
280390,1,1,1998,0,0,0,0,0,0,0,0,0,0
280391,1,1,1998,0,0,0,0,0,0,0,0,0,0
280392,1,1,1998,12,21,30,10,11,13,22,0,22,12
280393,1,1,1998,0,8,0,14,21,19,17,9,0,39
280394,1,1,1998,8,0,19,0,9,0,0,19,30,11
280395,1,1,1998,0,18,0,0,13,0,45,21,10,9
280396,1,1,1998,0,0,0,0,0,0,0,0,0,0
280396,2,1,1998,0,0,0,0,0,0,0,0,0,0
280397,1,1,1998,31,31,31,31,31,31,31,31,31,31
280398,1,1,1998,18,31,10,0,0,18,28,19,7,16
280399,1,1,1998,0,0,0,0,0,16,25,0,18,15
280400,1,1,1998,0,0,0,0,0,0,0,0,0,0
280400,2,1,1998,0,0,0,7,0,29,0,0,0,0
280401,1,1,1998,0,0,0,0,0,0,0,0,0,0
280402,1,1,1998,0,0,0,0,0,0,0,0,0,0
280403,1,1,1998,0,0,0,0,0,0,0,0,0,0
280403,2,1,1998,0,0,0,0,0,0,0,0,0,0
280404,1,1,1998,0,0,0,0,0,0,0,0,0,0
280404,2,1,1998,0,0,0,0,0,0,0,0,0,10
280405,1,1,1998,0,0,0,0,0,0,0,0,0,0
280405,2,1,1998,0,0,0,0,0,0,0,0,0,0
280405,3,1,1998,0,0,0,0,0,0,0,0,0,0
280406,1,1,1998,0,0,0,0,0,0,0,0,0,0
280407,1,1,1998,0,0,0,0,0,0,0,0,0,0
280408,1,1,1998,0,0,0,0,0,0,0,0,0,0
280409,1,1,1998,16,16,16,16,16,16,16,16,16,16
280410,1,1,1998,29,0,0,0,0,0,0,0,0,0
280411,1,1,1998,0,0,0,0,0,0,0,0,0,0
280412,1,1,1998,26,0,18,0,26,16,23,15,13,15
280413,0,1,1998,13,13,13,13,13,13,13,13,13,13
280413,1,1,1998,11,11,11,11,11,11,11,11,11,11
280414,1,1,1998,19,19,19,19,19,19,19,19,19,19
280415,1,1,1998,0,0,0,0,0,0,0,0,0,0
280415,2,1,1998,0,0,0,0,0,0,0,0,0,0
280416,1,1,1998,0,0,0,0,0,0,0,0,0,0
280416,2,1,1998,0,0,0,0,0,0,0,0,0,0
280417,1,1,1998,18,18,18,18,18,18,18,18,18,18
280418,1,1,1998,0,0,0,0,0,0,0,0,0,0
280418,2,1,1998,0,0,0,0,0,0,0,0,0,15
280419,1,1,1998,0,0,0,0,0,0,0,0,0,0
280420,1,1,1998,5,5,5,5,5,5,5,5,5,5
280420,2,1,1998,0,0,0,0,0,0,0,0,0,0
280421,1,1,1998,0,0,0,0,0,0,0,0,0,0
280422,1,1,1998,25,25,25,25,25,25,25,25,25,25
280423,1,1,1998,0,0,0,0,0,0,0,0,0,0
280423,2,1,1998,0,0,0,0,0,0,13,0,0,0
280424,1,1,1998,12,12,12,12,12,12,12,12,12,12
280425,1,1,1998,0,0,0,0,0,0,0,0,0,0
280426,1,1,1998,0,0,0,0,0,0,0,0,0,0
280426,2,1,1998,0,0,0,0,0,0,0,0,0,0
280427,1,1,1998,11,0,23,0,0,0,0,0,6,0
280427,2,1,1998,0,0,0,0,0,0,0,5,0,0
280427,3,1,1998,0,0,0,0,0,0,0,0,0,22
280428,1,1,1998,22,22,22,22,22,22,22,22,22,22
280429,1,1,1998,0,0,0,0,0,0,0,0,0,0
280429,2,1,1998,16,16,16,16,16,16,16,16,16,16
280430,1,1,1998,0,0,0,0,0,0,0,0,0,0
280430,2,1,1998,0,0,0,0,0,0,0,0,0,0
280430,3,1,1998,0,0,4,0,0,0,0,0,0,0
280431,1,1,1998,0,0,0,0,0,0,0,0,15,0
280432,1,1,1998,0,0,0,0,0,0,0,19,0,0
280433,1,1,1998,0,0,13,18,0,0,16,0,0,0
280433,2,1,1998,17,5,26,0,22,31,13,5,0,15
280434,1,1,1998,7,18,0,11,14,7,14,9,0,16
280435,1,1,1998,0,0,0,0,8,0,0,0,0,0
280435,2,1,1998,0,0,0,0,0,0,0,0,0,0
280436,1,1,1998,0,0,0,0,0,0,0,0,0,0
280436,2,1,1998,0,0,0,0,0,0,0,0,0,0
280437,1,1,1998,0,0,0,0,0,0,0,0,0,0
280437,2,1,1998,0,0,0,0,0,0,0,0,0,0
280438,0,1,1998,11,0,13,0,0,25,0,0,0,21
280438,1,1,1998,0,0,12,0,0,0,0,9,0,0
280439,1,1,1998,0,0,0,0,0,0,0,0,0,0
280440,1,1,1998,15,15,15,15,15,15,15,15,15,15
280440,2,1,1998,0,0,0,0,0,0,0,18,0,0
280441,1,1,1998,0,0,0,0,0,0,0,0,0,0
280441,2,1,1998,0,0,0,0,0,0,0,0,0,16
280442,1,1,1998,0,0,34,0,20,17,0,0,14,0
280442,2,1,1998,0,0,0,3,0,0,0,0,8,0
280443,1,1,1998,0,0,0,0,13,16,6,0,19,0
280444,1,1,1998,0,0,0,0,0,0,0,0,0,0
280444,2,1,1998,0,0,0,0,0,0,0,0,0,0
280444,3,1,1998,0,0,0,0,0,0,0,0,0,0
280445,1,1,1998,0,0,0,0,0,0,0,0,0,0
280446,1,1,1998,0,0,0,0,0,0,0,0,0,0
280446,2,1,1998,0,0,0,0,0,0,0,0,0,0
280446,3,1,1998,0,0,0,0,0,0,0,0,0,0
280446,4,1,1998,0,0,0,0,0,0,0,0,0,0
280447,1,1,1998,0,0,0,0,0,0,0,0,0,0
280447,2,1,1998,0,0,0,0,0,0,0,0,0,0
280447,3,1,1998,30,30,30,30,30,30,30,30,30,30
280448,1,1,1998,0,0,0,0,0,0,0,0,0,0
280448,2,1,1998,0,0,0,0,0,0,0,0,0,0
280449,0,1,1998,5,0,37,21,16,0,0,18,50,29
280449,1,1,1998,0,0,0,16,15,0,0,0,0,0
280450,1,1,1998,0,0,0,0,0,0,0,0,0,0
280450,2,1,1998,0,0,0,0,0,0,0,0,0,0
280451,1,1,1998,0,0,0,0,0,0,0,0,0,0
280451,2,1,1998,18,0,0,0,12,5,22,0,0,0
280452,1,1,1998,0,0,0,0,0,0,0,0,0,0
280453,1,1,1998,0,0,0,0,0,0,0,0,0,0
280454,0,1,1998,0,0,0,0,0,0,0,0,0,0
280454,1,1,1998,0,0,0,0,0,0,0,0,0,0
280455,1,1,1998,13,13,13,13,13,13,13,13,13,13
280455,2,1,1998,12,12,12,12,12,12,12,12,12,12
280456,1,1,1998,0,0,0,13,0,0,10,0,0,0
280457,1,1,1998,10,10,10,10,10,10,10,10,10,10
280458,1,1,1998,30,30,30,30,30,30,30,30,30,30
280459,1,1,1998,0,0,0,0,0,0,0,0,0,0
280459,2,1,1998,19,19,19,19,19,19,19,19,19,19
280460,1,1,1998,22,22,22,22,22,22,22,22,22,22
280460,2,1,1998,0,0,5,0,0,0,0,0,0,0
280461,1,1,1998,0,0,12,0,0,0,0,0,0,0
280461,2,1,1998,0,0,0,0,0,0,0,0,0,0
280462,0,1,1998,0,0,0,0,0,0,0,0,0,0
280462,1,1,1998,0,0,0,0,0,0,0,0,0,0
280463,1,1,1998,0,0,0,0,4,0,0,0,0,0
280463,2,1,1998,0,15,0,0,4,0,0,0,0,16
280464,1,1,1998,0,0,9,0,17,13,17,0,28,0
280465,1,1,1998,19,19,19,19,19,19,19,19,19,19
280466,1,1,1998,0,0,0,0,0,0,0,0,0,0
280467,1,1,1998,5,5,5,5,5,5,5,5,5,5
280468,0,1,1998,0,0,0,0,0,0,0,0,0,0
280468,1,1,1998,0,0,0,0,0,0,0,0,0,0
280469,1,1,1998,0,0,0,0,0,0,0,0,0,0
280469,2,1,1998,0,0,0,0,0,0,0,0,0,0
280470,1,1,1998,0,0,0,0,0,0,0,0,0,0
280471,1,1,1998,0,0,0,0,0,0,0,0,0,0
280471,2,1,1998,0,0,0,0,0,0,0,5,0,0
280472,1,1,1998,35,35,35,35,35,35,35,35,35,35
280473,1,1,1998,8,0,0,0,0,18,0,0,0,0
280473,2,1,1998,0,0,0,0,0,0,0,0,0,0
280474,1,1,1998,0,11,0,0,0,0,0,0,0,0
280474,2,1,1998,0,0,0,17,0,16,0,0,0,0
280475,1,1,1998,0,0,0,0,0,0,0,0,0,0
280475,2,1,1998,0,0,0,0,0,0,0,0,0,0
280476,1,1,1998,0,0,0,11,0,17,19,0,0,0
280476,2,1,1998,0,0,0,0,0,0,0,0,0,0
280477,1,1,1998,22,22,22,22,22,22,22,22,22,22
280478,1,1,1998,0,0,0,0,0,0,0,20,0,0
280479,0,1,1998,23,23,23,23,23,23,23,23,23,23
280479,1,1,1998,0,0,0,12,0,0,0,0,0,0
280480,1,1,1998,0,17,0,0,0,0,5,0,0,0
280481,1,1,1998,16,16,16,16,16,16,16,16,16,16
280482,1,1,1998,23,23,23,23,23,23,23,23,23,23
280483,1,1,1998,0,0,0,0,0,0,0,0,0,6
280483,2,1,1998,0,14,0,24,17,11,0,0,0,0
280484,1,1,1998,0,20,0,0,0,14,0,0,0,0
280485,1,1,1998,0,0,0,0,0,0,0,0,0,0
280486,1,1,1998,0,0,0,0,0,0,0,0,0,0
280486,2,1,1998,0,0,0,0,0,0,0,0,0,0
280486,3,1,1998,0,0,0,0,0,0,0,0,0,0
280487,1,1,1998,20,20,20,20,20,20,20,20,20,20
280488,1,1,1998,10,15,15,16,13,0,13,12,20,8
280489,1,1,1998,0,0,21,28,0,17,0,9,21,0
280490,1,1,1998,0,0,0,0,0,0,0,38,0,0
280490,2,1,1998,0,0,0,0,0,0,0,0,0,0
280491,1,1,1998,0,0,0,0,0,0,0,0,0,0
280491,2,1,1998,0,0,0,0,0,0,0,10,0,0
280492,1,1,1998,0,0,0,0,24,8,0,15,0,0
280493,1,1,1998,0,0,0,0,0,0,0,0,0,0
280493,2,1,1998,0,0,0,0,0,0,0,0,0,0
280494,1,1,1998,17,4,0,17,0,17,24,8,0,18
280495,1,1,1998,0,24,19,0,0,0,17,0,0,16
280496,1,1,1998,21,4,21,0,10,0,10,0,0,15
280497,1,1,1998,18,14,0,5,0,8,7,6,0,9
280498,1,1,1998,17,17,17,17,17,17,17,17,17,17
280499,1,1,1998,20,0,29,27,15,0,17,18,0,21
280500,1,1,1998,0,0,0,0,0,0,0,0,0,0
280500,2,1,1998,0,0,0,0,0,0,0,0,0,0
280501,1,1,1998,0,0,0,0,0,0,0,18,13,6
280502,1,1,1998,0,0,0,0,0,0,0,0,0,0
280503,1,1,1998,7,7,7,7,7,7,7,7,7,7
280503,2,1,1998,0,0,0,0,0,0,0,0,0,0
280504,0,1,1998,0,0,0,0,0,0,0,0,0,0
280504,1,1,1998,10,10,10,10,10,10,10,10,10,10
280505,1,1,1998,26,26,26,26,26,26,26,26,26,26
280506,1,1,1998,0,0,0,0,0,0,0,0,0,0
280506,2,1,1998,0,0,0,0,0,0,0,0,0,0
280507,1,1,1998,0,0,0,11,17,0,0,0,0,0
280508,1,1,1998,0,0,0,0,0,0,0,0,40,0
280508,2,1,1998,0,0,0,0,0,0,0,0,0,0
280509,1,1,1998,21,21,21,21,21,21,21,21,21,21
280510,1,1,1998,0,0,0,0,0,0,0,0,0,0
280510,2,1,1998,0,0,0,0,0,0,0,0,0,0
280510,3,1,1998,0,0,18,0,0,0,0,0,0,0
280511,0,1,1998,0,0,0,0,0,0,0,0,0,0
280511,1,1,1998,0,0,0,0,0,0,0,0,0,0
280512,1,1,1998,0,0,0,0,0,0,0,0,0,0
280512,2,1,1998,23,23,23,23,23,23,23,23,23,23
280513,0,1,1998,0,0,0,0,0,0,0,0,0,0
280513,1,1,1998,0,0,0,0,0,0,0,0,0,0
280514,1,1,1998,0,0,0,0,0,0,0,0,0,0
280514,2,1,1998,1,1,1,1,1,1,1,1,1,1
280515,1,1,1998,0,0,0,0,0,0,0,0,0,0
280516,1,1,1998,0,0,0,0,0,0,0,0,0,0
280517,1,1,1998,0,0,0,0,0,0,0,0,0,0
280518,1,1,1998,14,14,14,14,14,14,14,14,14,14
280518,2,1,1998,0,0,0,0,0,0,0,0,0,0
280519,1,1,1998,0,0,0,0,0,13,0,0,0,0
280520,1,1,1998,0,0,0,0,0,5,0,0,0,0
280520,2,1,1998,0,4,6,13,0,0,0,0,0,3