ST_CASE,VEH_NO,PER_NO,YEAR,P1,P2,P3,P4,P5,P6,P7,P8,P9,P10
290241,1,1,1998,23,7,0,25,16,6,0,0,0,16
290241,2,1,1998,20,0,0,0,25,0,0,0,3,24
290241,3,1,1998,0,0,0,6,0,0,0,0,0,0
290242,1,1,1998,0,0,0,0,0,0,0,0,0,13
290242,2,1,1998,0,0,0,0,0,0,0,0,0,0
290243,1,1,1998,0,0,0,0,0,0,0,0,0,0
290243,2,1,1998,0,0,0,0,0,0,0,0,0,0
290244,1,1,1998,0,0,0,0,0,0,0,0,0,0
290244,2,1,1998,0,0,0,0,0,0,0,0,0,0
290245,1,1,1998,0,0,3,0,0,0,0,0,0,0
290245,2,1,1998,0,0,0,0,0,0,0,0,0,0
290246,1,1,1998,35,0,24,15,12,0,20,8,0,0
290247,1,1,1998,12,12,12,12,12,12,12,12,12,12
290247,2,1,1998,0,10,6,15,0,0,13,18,0,23
290248,1,1,1998,0,0,0,0,0,0,10,0,0,0
290248,2,1,1998,0,0,0,0,0,0,0,0,0,0
290249,1,1,1998,28,28,28,28,28,28,28,28,28,28
290250,1,1,1998,0,0,23,0,8,16,0,0,0,0
290251,1,1,1998,27,27,27,27,27,27,27,27,27,27
290252,1,1,1998,0,0,0,0,0,0,0,0,0,0
290252,2,1,1998,0,0,0,0,0,0,0,0,19,0
290253,1,1,1998,0,0,0,0,0,0,0,0,13,0
290254,1,1,1998,0,0,0,0,0,0,0,0,0,0
290254,2,1,1998,0,0,0,0,0,0,0,0,0,0
290255,1,1,1998,0,0,0,0,0,0,0,0,0,0
290255,2,1,1998,0,0,0,14,0,0,0,0,0,0
290256,1,1,1998,0,0,0,0,0,0,0,0,0,0
290257,1,1,1998,22,22,22,22,22,22,22,22,22,22
290257,2,1,1998,0,0,0,0,0,0,0,0,0,0
290257,3,1,1998,23,8,9,21,0,0,26,0,0,17
290257,4,1,1998,0,0,25,4,21,0,0,11,0,0
290257,5,1,1998,0,0,10,0,0,0,22,0,0,0
290257,6,1,1998,0,0,17,0,0,0,0,0,0,0
290258,1,1,1998,0,0,0,0,0,0,0,0,0,0
290258,2,1,1998,0,0,0,0,0,0,0,0,0,0
290259,1,1,1998,0,17,0,11,10,0,0,12,0,0
290260,1,1,1998,0,0,0,0,0,0,0,0,0,0
290261,1,1,1998,0,0,17,10,8,0,0,0,16,9
290261,2,1,1998,14,14,14,14,14,14,14,14,14,14
290262,1,1,1998,14,14,14,14,14,14,14,14,14,14
290262,2,1,1998,0,0,0,0,0,0,0,0,0,0
290263,1,1,1998,16,16,16,16,16,16,16,16,16,16
290264,0,1,1998,0,0,0,0,0,0,0,0,0,0
290264,1,1,1998,0,0,0,0,0,0,0,0,0,0
290265,1,1,1998,4,10,19,11,12,13,11,7,12,22
290266,1,1,1998,1,1,1,1,1,1,1,1,1,1
290267,1,1,1998,0,0,0,0,0,0,0,0,0,0
290267,2,1,1998,0,0,0,0,0,0,0,0,0,0
290268,1,1,1998,0,0,0,0,0,0,0,0,0,0
290269,1,1,1998,0,0,0,0,0,0,0,0,0,0
290269,2,1,1998,0,0,0,0,0,0,0,0,0,0
290270,0,1,1998,0,0,0,0,0,0,0,0,0,0
290270,1,1,1998,0,0,11,0,0,6,0,0,0,0
290271,1,1,1998,0,0,0,0,0,0,0,0,0,0
290271,2,1,1998,0,0,0,0,0,0,0,0,0,0
290272,0,1,1998,0,29,25,0,6,0,18,0,22,0
290272,0,2,1998,0,14,0,0,0,0,0,0,0,0
290272,0,3,1998,0,0,0,0,0,0,0,0,0,0
290272,0,4,1998,0,0,0,0,0,0,0,0,0,0
290272,0,5,1998,0,22,0,0,0,0,0,0,0,0
290272,1,1,1998,0,0,0,0,0,0,0,0,0,0
290273,1,1,1998,0,0,0,0,0,0,0,0,0,0
290274,1,1,1998,19,0,0,0,0,0,0,0,0,0
290274,2,1,1998,12,0,0,0,0,0,0,0,0,22
290275,1,1,1998,0,0,0,0,0,0,0,0,0,0
290276,1,1,1998,0,0,0,0,0,0,0,0,0,0
290276,2,1,1998,0,0,0,0,0,0,0,0,0,0
290276,3,1,1998,0,0,0,0,0,0,0,0,0,0
290276,4,1,1998,0,0,0,0,0,0,0,0,0,0
290277,1,1,1998,0,0,0,0,0,0,0,0,0,0
290278,1,1,1998,10,0,0,0,0,0,0,4,0,7
290278,2,1,1998,0,0,0,0,0,0,0,0,0,0
290278,3,1,1998,0,0,0,0,0,0,0,5,0,0
290279,1,1,1998,18,18,18,18,18,18,18,18,18,18
290279,2,1,1998,0,0,0,0,0,0,0,0,0,0
290280,0,1,1998,0,0,0,0,0,0,0,0,0,0
290280,1,1,1998,15,7,0,7,18,0,18,0,32,15
290281,1,1,1998,0,0,0,0,0,0,4,0,0,0
290281,2,1,1998,0,0,0,0,0,0,0,0,20,8
290282,1,1,1998,17,17,17,17,17,17,17,17,17,17
290283,1,1,1998,0,0,0,0,0,0,0,0,0,0
290283,2,1,1998,0,0,0,26,0,0,0,0,0,0
290284,1,1,1998,0,0,0,0,0,0,0,0,0,0
290285,1,1,1998,0,0,0,0,0,0,0,0,0,0
290286,1,1,1998,34,34,34,34,34,34,34,34,34,34
290286,2,1,1998,0,0,0,0,13,0,0,0,0,11
290287,1,1,1998,7,7,7,7,7,7,7,7,7,7
290288,1,1,1998,0,0,0,0,0,0,0,0,0,0
290289,1,1,1998,0,0,0,24,0,24,0,0,0,0
290289,2,1,1998,0,0,0,0,0,0,0,0,0,0
290290,1,1,1998,19,19,19,19,19,19,19,19,19,19
290291,1,1,1998,13,13,13,13,13,13,13,13,13,13
290291,2,1,1998,0,0,0,0,0,0,0,14,0,0
290292,0,1,1998,0,0,0,0,0,0,0,0,0,0
290292,1,1,1998,0,0,0,0,17,16,0,14,12,0
290293,1,1,1998,0,0,0,17,0,0,0,0,0,0
290293,2,1,1998,0,0,0,0,0,0,0,0,0,0
290294,1,1,1998,0,0,0,0,0,0,0,0,0,0
290295,1,1,1998,0,0,0,0,0,0,0,0,0,0
290295,2,1,1998,0,0,0,0,0,0,0,0,0,0
290296,1,1,1998,0,0,0,0,0,0,0,0,0,0
290296,2,1,1998,0,0,0,0,0,0,0,0,0,0
290297,1,1,1998,0,25,0,0,18,13,28,27,11,9
290298,1,1,1998,0,0,0,0,0,0,0,0,0,0
290298,2,1,1998,0,0,0,0,0,0,0,0,0,0
290299,1,1,1998,0,0,0,0,0,0,13,0,13,0
290299,2,1,1998,0,0,0,0,0,0,0,0,1,0
290300,1,1,1998,0,0,0,0,0,0,0,26,0,0
290300,2,1,1998,5,5,5,5,5,5,5,5,5,5
290301,1,1,1998,0,0,0,0,0,0,0,0,0,0
290301,2,1,1998,15,0,22,0,9,0,0,0,0,0
290302,1,1,1998,17,23,25,18,15,9,11,11,23,10
290303,1,1,1998,0,0,0,0,0,0,0,0,0,0
290303,2,1,1998,0,0,18,0,22,0,0,0,0,0
290304,1,1,1998,0,0,0,0,0,0,0,0,5,0
290304,2,1,1998,0,0,0,0,0,0,0,0,0,0
290305,1,1,1998,0,0,0,0,0,0,0,0,0,0
290306,1,1,1998,5,0,18,21,11,4,15,27,10,27
290307,1,1,1998,0,0,0,0,0,0,0,0,0,0
290307,2,1,1998,0,0,0,0,0,0,0,0,0,0
290307,3,1,1998,0,0,0,0,0,28,0,0,0,0
290308,0,1,1998,0,0,0,0,0,0,0,0,0,0
290308,1,1,1998,0,0,0,0,0,0,10,0,0,0
290309,1,1,1998,0,0,0,0,0,0,0,0,0,0
290309,2,1,1998,0,0,0,0,0,0,0,0,0,0
290310,1,1,1998,0,0,0,0,0,0,0,0,10,0
290310,2,1,1998,0,0,0,0,0,0,0,0,0,0
290311,1,1,1998,0,14,0,8,13,20,12,15,0,0
290311,2,1,1998,0,0,0,0,0,0,0,0,0,0
290311,3,1,1998,0,28,19,0,17,0,21,0,0,16
290312,1,1,1998,0,5,0,18,0,17,0,0,0,0
290312,2,1,1998,0,0,0,0,0,0,0,0,0,0
290313,0,1,1998,36,36,36,36,36,36,36,36,36,36
290313,1,1,1998,0,20,9,10,0,10,0,0,0,0
290314,1,1,1998,25,25,25,25,25,25,25,25,25,25
290314,2,1,1998,17,0,0,0,0,0,0,0,0,0
290315,1,1,1998,0,0,0,0,0,0,0,0,0,0
290316,1,1,1998,0,0,0,0,0,0,0,0,0,0
290316,2,1,1998,0,6,0,0,0,0,0,0,0,0
290316,3,1,1998,0,0,0,0,0,0,0,0,0,0
290317,1,1,1998,19,19,19,19,19,19,19,19,19,19
290318,1,1,1998,21,21,21,21,21,21,21,21,21,21
290318,2,1,1998,0,0,0,0,0,0,0,0,0,0
290319,1,1,1998,0,0,0,0,0,0,0,0,0,0
290320,1,1,1998,0,0,0,0,0,0,0,0,0,0
290320,2,1,1998,0,17,0,0,0,0,0,0,0,0
290321,1,1,1998,0,0,0,0,0,0,0,0,0,0
290321,2,1,1998,0,0,0,0,0,0,0,0,0,0
290322,1,1,1998,0,0,0,0,0,0,0,0,0,0
290322,2,1,1998,0,16,0,8,0,0,0,0,0,0
290323,1,1,1998,0,0,0,0,0,0,0,0,0,0
290323,2,1,1998,0,0,0,0,0,0,0,0,0,0
290324,1,1,1998,0,0,0,0,0,0,0,0,0,0
290324,2,1,1998,0,0,0,0,0,0,0,0,0,0
290324,3,1,1998,0,0,0,0,0,0,0,0,0,0
290325,1,1,1998,27,21,0,21,0,0,0,13,0,10
290326,1,1,1998,0,0,0,0,0,0,0,0,0,0
290326,2,1,1998,0,0,0,0,5,0,24,0,0,0
290327,1,1,1998,0,0,0,0,0,0,0,0,0,0
290327,2,1,1998,0,0,0,0,0,26,17,0,0,10
290328,1,1,1998,0,0,0,0,0,0,0,0,0,0
290328,2,1,1998,0,0,0,0,0,0,0,0,0,0
290329,1,1,1998,14,14,14,14,14,14,14,14,14,14
290330,1,1,1998,13,13,13,13,13,13,13,13,13,13
290330,2,1,1998,0,0,0,0,0,0,0,0,0,0
290331,1,1,1998,0,0,36,0,0,0,0,16,0,27
290332,1,1,1998,28,28,28,28,28,28,28,28,28,28
290333,1,1,1998,8,8,8,8,8,8,8,8,8,8
290334,1,1,1998,18,18,18,18,18,18,18,18,18,18
290335,1,1,1998,0,0,0,0,0,0,0,0,0,0
290336,1,1,1998,0,0,0,0,0,0,0,0,0,0
290336,2,1,1998,0,0,0,0,0,0,0,0,0,0
290336,3,1,1998,0,0,0,0,0,0,0,0,0,0
290336,4,1,1998,0,0,46,0,18,0,0,0,0,0
290337,1,1,1998,12,12,12,12,12,12,12,12,12,12
290338,1,1,1998,0,0,0,0,0,0,0,0,0,0
290338,2,1,1998,0,0,0,0,0,0,0,0,0,0
290339,1,1,1998,0,0,0,0,0,0,8,10,0,0
290339,2,1,1998,0,0,0,0,0,0,0,0,0,0
290340,1,1,1998,0,0,0,0,7,0,0,0,0,0
290341,1,1,1998,0,0,0,0,0,0,0,0,0,0
290342,1,1,1998,0,0,0,0,0,0,0,0,0,0
290342,2,1,1998,27,0,4,0,0,0,0,0,10,0
290343,1,1,1998,0,0,0,0,0,0,0,0,0,0
290344,1,1,1998,0,0,0,0,0,0,0,0,0,0
290344,2,1,1998,0,0,10,0,3,0,0,0,0,0
290345,1,1,1998,6,0,0,0,9,0,0,0,3,10
290346,1,1,1998,0,28,15,0,0,0,0,16,0,0
290347,1,1,1998,21,14,20,31,21,5,15,10,13,11
290348,1,1,1998,16,16,16,16,16,16,16,16,16,16
290349,1,1,1998,12,12,12,12,12,12,12,12,12,12
290350,1,1,1998,0,0,0,0,0,0,0,0,0,0
290351,1,1,1998,0,0,0,0,0,0,0,0,0,0
290351,2,1,1998,0,0,0,0,0,0,0,0,0,0
290352,1,1,1998,0,0,0,0,0,0,0,0,0,0
290352,2,1,1998,0,0,0,0,0,0,0,0,0,0
290353,1,1,1998,0,0,0,0,0,0,0,0,0,0
290353,2,1,1998,0,0,0,0,0,0,0,0,0,0
290354,1,1,1998,0,0,10,0,0,0,0,0,0,0
290354,2,1,1998,0,0,0,0,0,0,0,0,0,0
290355,1,1,1998,0,0,0,0,0,0,0,0,0,0
290356,1,1,1998,0,0,0,0,0,0,0,0,0,0
290356,2,1,1998,0,0,0,0,0,0,0,0,0,0
290357,1,1,1998,0,0,0,0,0,0,0,0,0,0
290357,2,1,1998,0,0,0,0,0,0,0,0,0,0
290358,1,1,1998,26,26,26,26,26,26,26,26,26,26
290359,1,1,1998,11,11,11,11,11,11,11,11,11,11
290359,2,1,1998,0,0,0,0,0,0,0,0,0,0
290360,1,1,1998,14,14,14,14,14,14,14,14,14,14
290361,1,1,1998,0,0,0,0,0,0,0,0,0,0
290361,2,1,1998,0,0,0,0,0,0,0,0,0,0
290362,1,1,1998,24,24,24,24,24,24,24,24,24,24
290363,1,1,1998,14,0,0,0,0,0,0,0,0,0
290364,1,1,1998,0,0,0,0,0,0,0,0,0,0
290365,0,1,1998,16,16,16,16,16,16,16,16,16,16
290365,1,1,1998,0,0,11,0,0,0,0,19,14,0
290366,1,1,1998,0,0,0,0,0,0,0,3,0,0
290366,2,1,1998,0,0,0,0,0,0,0,0,0,0
290367,0,1,1998,0,0,0,0,0,0,32,0,0,0
290367,1,1,1998,0,0,0,0,0,0,0,0,0,0
290368,0,1,1998,0,25,0,0,25,22,0,0,16,35
290368,1,1,1998,0,13,18,0,42,0,0,0,0,0
290369,1,1,1998,0,0,0,0,0,0,0,0,0,0
290369,2,1,1998,0,0,0,0,0,0,0,0,0,0
290369,3,1,1998,0,0,0,0,0,0,0,0,0,0
290370,0,1,1998,0,0,0,0,0,0,0,0,0,0
290370,1,1,1998,0,0,0,0,0,0,0,0,0,0
290371,1,1,1998,5,5,5,5,5,5,5,5,5,5
290372,1,1,1998,13,13,13,13,13,13,13,13,13,13
290372,2,1,1998,17,0,0,0,21,20,0,19,0,14
290373,1,1,1998,0,0,0,0,0,0,0,0,0,0
290374,1,1,1998,0,0,0,0,0,0,0,0,0,0
290374,2,1,1998,0,0,0,0,0,11,0,0,0,25
290375,1,1,1998,2,2,2,2,2,2,2,2,2,2
290375,2,1,1998,0,0,0,0,0,0,0,0,0,0
290375,3,1,1998,0,0,0,0,0,0,0,0,0,0
290376,1,1,1998,14,0,16,0,14,0,0,0,0,0
290376,2,1,1998,11,0,10,0,0,0,0,0,0,0
290377,1,1,1998,14,17,20,26,21,16,19,6,20,7
290378,1,1,1998,0,15,0,11,0,0,5,0,7,0
290378,2,1,1998,31,21,0,7,28,0,70,0,0,0
290379,1,1,1998,0,0,0,0,0,0,0,0,0,0
290379,2,1,1998,0,0,0,0,0,0,0,0,29,0
290379,3,1,1998,0,0,0,0,0,0,0,0,0,0
290380,1,1,1998,10,9,0,11,0,0,0,0,0,0
290380,2,1,1998,0,0,0,0,3,0,6,0,0,0
290381,1,1,1998,11,11,11,11,11,11,11,11,11,11
290382,1,1,1998,25,0,0,0,0,0,12,17,10,4
290383,1,1,1998,30,0,0,0,0,0,0,0,0,0
290383,2,1,1998,0,0,42,0,19,0,0,0,23,0
290384,1,1,1998,32,32,32,32,32,32,32,32,32,32
290385,1,1,1998,0,0,0,0,0,0,0,0,0,0
290386,1,1,1998,0,0,0,14,0,0,0,0,0,21
290386,2,1,1998,0,10,0,0,0,0,0,0,0,0
290387,1,1,1998,0,0,0,0,0,0,0,0,0,0
290388,1,1,1998,0,8,0,0,0,0,0,0,0,0
290388,2,1,1998,3,0,0,0,0,0,0,0,0,0
290389,1,1,1998,19,19,19,19,19,19,19,19,19,19
290390,1,1,1998,0,0,0,0,0,0,0,0,0,0
290390,2,1,1998,0,0,0,0,0,0,0,0,0,0
290391,1,1,1998,0,0,0,0,0,0,0,0,0,0
290391,2,1,1998,0,0,0,0,0,0,0,0,0,0
290392,1,1,1998,0,12,0,0,0,14,17,0,0,0
290392,2,1,1998,0,0,0,0,0,0,0,0,0,0
290393,1,1,1998,0,0,0,0,0,0,0,2,0,0
290393,2,1,1998,0,0,0,0,0,0,0,0,0,0
290393,3,1,1998,0,0,0,0,0,0,0,0,0,0
290394,1,1,1998,0,0,0,0,0,0,0,0,0,0
290394,2,1,1998,0,0,0,0,0,0,5,0,0,0
290395,1,1,1998,0,0,0,8,0,0,0,0,14,0
290395,2,1,1998,0,0,0,0,0,0,0,0,0,0
290396,1,1,1998,0,0,0,0,0,0,0,0,0,0
290396,2,1,1998,13,0,11,0,0,0,0,15,0,0
290397,1,1,1998,14,14,14,14,14,14,14,14,14,14
290397,2,1,1998,0,22,1,0,0,4,8,0,0,0
290398,1,1,1998,7,0,0,0,0,0,0,0,0,0
290398,2,1,1998,0,0,15,0,0,0,0,0,0,0
290399,1,1,1998,22,25,4,18,29,26,0,12,8,15
290400,1,1,1998,1,1,1,1,1,1,1,1,1,1
290400,2,1,1998,0,0,13,0,28,0,0,12,0,37
290401,1,1,1998,0,0,0,0,0,0,0,0,0,0
290401,2,1,1998,0,0,9,0,0,0,0,0,0,0
290402,1,1,1998,0,10,13,25,0,0,0,20,0,0
290402,2,1,1998,0,0,0,0,0,0,0,0,0,0
290403,1,1,1998,0,0,0,13,0,0,9,0,0,0
290403,2,1,1998,0,0,0,0,0,0,0,0,0,0
290404,1,1,1998,0,0,0,0,0,0,0,0,0,0
290404,2,1,1998,0,0,0,0,0,0,0,0,0,0
290405,1,1,1998,14,0,0,0,4,0,0,0,0,0
290405,2,1,1998,0,0,0,0,0,0,0,0,0,0
290406,1,1,1998,0,0,0,0,0,0,0,0,0,0
290407,1,1,1998,0,0,0,0,0,0,0,0,0,0
290407,2,1,1998,0,0,0,0,0,0,0,0,0,0
290408,1,1,1998,0,0,0,0,0,0,0,0,0,0
290408,2,1,1998,0,0,0,0,0,0,0,0,0,0
290409,1,1,1998,23,23,23,23,23,23,23,23,23,23
290409,2,1,1998,30,0,0,0,0,0,0,6,0,14
290410,1,1,1998,0,0,0,0,0,0,0,0,0,0
290411,1,1,1998,0,0,0,0,0,0,0,0,0,0
290412,1,1,1998,0,0,0,0,0,0,0,0,0,0
290413,1,1,1998,0,0,0,0,0,0,0,0,0,0
290413,2,1,1998,0,0,0,0,0,0,0,0,0,0
290414,1,1,1998,7,7,7,7,7,7,7,7,7,7
290414,2,1,1998,0,0,0,0,0,0,0,0,0,0
290415,1,1,1998,0,0,0,0,0,0,0,0,0,0
290416,1,1,1998,0,0,0,0,0,0,0,0,0,0
290416,2,1,1998,0,6,0,0,0,0,0,0,0,0
290416,3,1,1998,0,0,0,0,0,0,0,0,0,0
290417,1,1,1998,0,0,0,0,9,0,0,0,0,0
290417,2,1,1998,0,0,0,0,0,0,0,0,0,0
290418,1,1,1998,18,18,18,18,18,18,18,18,18,18
290418,2,1,1998,2,2,2,2,2,2,2,2,2,2
290419,1,1,1998,0,0,0,6,0,0,0,0,0,0
290419,2,1,1998,0,0,0,0,0,0,0,0,0,0
290419,3,1,1998,0,0,0,0,0,0,0,0,0,0
290420,0,1,1998,43,43,43,43,43,43,43,43,43,43
290420,1,1,1998,0,0,0,0,0,0,0,11,0,0
290421,1,1,1998,19,7,15,15,11,10,9,16,0,20
290422,1,1,1998,14,23,8,19,25,14,18,15,37,0
290423,1,1,1998,0,0,0,24,17,0,0,0,0,14
290423,2,1,1998,0,0,0,0,0,0,0,0,0,0
290424,1,1,1998,13,13,13,13,13,13,13,13,13,13
290425,1,1,1998,0,0,0,0,0,0,0,0,0,0
290425,2,1,1998,0,0,0,0,0,0,2,13,0,0
290426,1,1,1998,26,26,26,26,26,26,26,26,26,26
290427,1,1,1998,20,20,20,20,20,20,20,20,20,20
290428,1,1,1998,27,27,27,27,27,27,27,27,27,27
290429,1,1,1998,25,17,17,0,14,0,0,15,0,0
290430,1,1,1998,0,0,0,0,0,0,0,0,0,0
290431,1,1,1998,14,0,12,7,34,9,9,32,21,0
290432,1,1,1998,17,17,17,17,17,17,17,17,17,17
290433,0,1,1998,0,0,21,28,11,0,37,24,11,23
290433,1,1,1998,0,0,0,7,17,22,0,0,0,9
290434,1,1,1998,19,19,19,19,19,19,19,19,19,19
290435,1,1,1998,14,14,14,14,14,14,14,14,14,14
290436,1,1,1998,0,0,0,0,0,0,0,0,0,0
290437,1,1,1998,0,0,0,0,0,0,0,0,0,0
290437,2,1,1998,0,19,0,0,0,0,0,9,0,0
290438,1,1,1998,21,21,21,21,21,21,21,21,21,21
290438,2,1,1998,0,0,0,0,0,0,0,0,0,0
290439,1,1,1998,0,23,0,0,0,0,0,18,13,12
290440,1,1,1998,10,10,10,10,10,10,10,10,10,10
290440,2,1,1998,28,18,0,0,4,0,0,0,8,12
290441,0,1,1998,0,0,0,0,0,0,0,0,0,0
290441,1,1,1998,0,0,0,0,0,0,0,0,0,0
290442,1,1,1998,0,0,0,0,0,0,0,0,0,0
290443,1,1,1998,0,0,0,0,0,0,11,0,0,0
290443,2,1,1998,0,0,0,0,0,0,0,0,0,0
290444,1,1,1998,20,20,20,20,20,20,20,20,20,20
290445,1,1,1998,0,0,0,0,0,0,0,0,0,0
290445,2,1,1998,0,0,0,0,0,0,0,0,0,0
290446,0,1,1998,0,0,0,0,0,0,0,0,0,0
290446,1,1,1998,0,0,0,0,0,0,0,0,0,0
290447,1,1,1998,26,13,29,37,30,16,21,26,21,21
290448,1,1,1998,0,0,0,0,0,0,0,0,0,0
290448,2,1,1998,19,0,27,12,0,0,20,0,0,11
290449,1,1,1998,19,19,19,19,19,19,19,19,19,19
290449,2,1,1998,0,0,0,13,0,0,0,0,0,0
290450,1,1,1998,0,0,0,0,0,0,0,0,0,0
290450,2,1,1998,0,0,0,0,0,0,0,0,0,18
290450,3,1,1998,0,0,0,0,0,12,0,0,0,6
290451,1,1,1998,0,0,0,0,0,0,0,0,0,0
290451,2,1,1998,0,0,0,0,0,31,0,13,0,0
290452,1,1,1998,0,0,0,0,0,0,0,0,0,0
290452,2,1,1998,0,0,0,0,0,0,0,0,0,0
290453,1,1,1998,9,26,10,15,18,0,13,15,20,18
290454,1,1,1998,0,0,0,0,0,0,0,0,0,0
290455,1,1,1998,10,10,10,10,10,10,10,10,10,10
290455,2,1,1998,0,0,11,14,0,0,0,0,0,0
290456,1,1,1998,0,0,18,0,0,0,0,7,0,12
290456,2,1,1998,11,11,11,11,11,11,11,11,11,11
290457,1,1,1998,0,13,0,20,0,0,0,9,0,19
290457,2,1,1998,20,20,20,20,20,20,20,20,20,20
290458,1,1,1998,11,11,11,11,11,11,11,11,11,11
290458,2,1,1998,19,0,13,8,0,0,0,0,0,0
290459,1,1,1998,20,13,0,15,0,14,26,26,19,4
290459,2,1,1998,0,0,0,0,0,0,0,0,0,0
290460,1,1,1998,0,0,0,0,10,0,0,0,0,0
290460,2,1,1998,10,13,9,0,0,28,0,0,0,0
290461,1,1,1998,14,14,14,14,14,14,14,14,14,14
290462,1,1,1998,6,4,8,14,20,16,11,14,6,20
290462,2,1,1998,0,0,0,0,0,0,0,0,0,0
290463,1,1,1998,0,0,0,0,0,0,8,0,0,0
290463,2,1,1998,0,14,18,0,14,23,0,11,20,20
290464,1,1,1998,0,0,0,0,6,0,0,0,0,0
290465,1,1,1998,0,0,0,0,0,0,0,0,0,0
290466,1,1,1998,15,0,0,0,0,0,0,0,0,0
290467,1,1,1998,0,0,0,0,0,0,0,0,0,0
290467,2,1,1998,0,0,0,0,0,0,0,0,0,0
290468,1,1,1998,7,7,7,7,7,7,7,7,7,7
290469,1,1,1998,0,0,0,0,0,0,0,0,0,17
290469,2,1,1998,0,0,0,0,0,0,0,0,14,0
290470,1,1,1998,0,0,7,0,0,0,0,0,0,0
290470,2,1,1998,0,0,0,0,0,0,0,0,0,0
290471,1,1,1998,0,0,0,0,0,0,0,0,0,0
290471,2,1,1998,0,0,0,0,0,0,0,0,0,0
290472,1,1,1998,0,0,0,0,0,0,0,0,0,0
290472,2,1,1998,0,0,0,0,0,0,0,0,0,0
290473,1,1,1998,0,0,16,0,0,9,0,0,0,0
290473,2,1,1998,0,15,0,0,0,0,0,0,0,0
290474,1,1,1998,19,7,23,7,3,47,13,29,18,27
290475,1,1,1998,0,0,0,0,0,0,0,0,0,0
290475,2,1,1998,0,0,0,0,0,0,0,0,0,0
290476,1,1,1998,0,0,0,0,0,0,0,0,0,0
290476,2,1,1998,0,0,0,0,0,0,0,0,0,0
290477,1,1,1998,0,0,0,0,0,0,0,0,0,0
290478,1,1,1998,0,0,0,0,0,0,0,0,0,0
290479,1,1,1998,2,2,2,2,2,2,2,2,2,2
290479,2,1,1998,0,0,0,0,0,0,0,0,0,0
290480,1,1,1998,16,14,9,6,28,14,19,0,18,22
290481,1,1,1998,0,0,0,0,0,0,0,0,0,0
290481,2,1,1998,0,0,0,0,0,0,11,0,0,0
290482,1,1,1998,0,0,0,0,0,0,0,0,0,0
290482,2,1,1998,0,0,0,0,0,0,0,0,0,0
290483,1,1,1998,16,16,10,38,10,6,9,36,22,14
290484,0,1,1998,28,37,0,16,28,15,25,0,19,8
290484,1,1,1998,14,7,5,16,0,20,5,12,16,14
290485,1,1,1998,25,25,25,25,25,25,25,25,25,25
290486,1,1,1998,0,0,0,0,0,0,0,0,0,0
290487,1,1,1998,0,0,0,0,0,0,0,0,0,34
290487,2,1,1998,0,0,0,0,0,0,0,0,0,0
290488,1,1,1998,0,0,0,0,0,20,9,0,0,5
290488,2,1,1998,0,0,0,0,0,0,0,0,0,0
290489,0,1,1998,9,9,9,9,9,9,9,9,9,9
290489,1,1,1998,5,0,0,22,13,0,12,13,7,0
290490,1,1,1998,9,9,9,9,9,9,9,9,9,9
290491,0,1,1998,0,0,0,0,0,0,0,0,0,0
290491,1,1,1998,16,27,21,11,12,0,3,21,0,12
290492,1,1,1998,20,5,19,18,8,14,17,24,8,14
290493,1,1,1998,0,0,0,0,0,0,0,0,0,0
290493,2,1,1998,0,0,20,0,0,0,0,0,0,7
290493,3,1,1998,0,0,0,0,20,0,0,0,0,0
290494,1,1,1998,0,0,0,0,0,0,0,0,0,0
290494,2,1,1998,0,0,0,0,0,0,0,0,9,0
290495,0,1,1998,0,0,0,0,0,0,0,0,0,0
290495,1,1,1998,0,0,0,9,0,0,0,0,0,0
290496,1,1,1998,0,0,0,0,0,0,0,0,0,0
290497,0,1,1998,0,0,0,0,0,0,0,0,0,0
290497,0,2,1998,0,0,0,0,0,0,0,0,0,0
290497,1,1,1998,0,0,0,0,22,0,0,0,0,18
290498,1,1,1998,0,0,9,14,6,0,0,0,0,23
290498,2,1,1998,0,0,0,0,0,0,0,12,11,15
290499,1,1,1998,13,13,13,13,13,13,13,13,13,13
290499,2,1,1998,0,17,0,17,12,5,0,11,0,21
290500,1,1,1998,0,25,0,0,0,0,0,0,0,0
290500,2,1,1998,0,8,0,0,0,0,0,0,0,0
290501,1,1,1998,0,0,0,0,0,0,0,0,0,0
290501,2,1,1998,0,0,0,0,0,0,0,0,0,0
290502,1,1,1998,20,20,0,24,39,24,0,22,8,21
290503,1,1,1998,10,0,0,0,31,0,23,11,0,14
290503,2,1,1998,0,0,0,0,0,0,0,0,0,0
290504,1,1,1998,0,0,0,0,0,0,0,0,0,0
290505,0,1,1998,25,25,25,25,25,25,25,25,25,25
290505,1,1,1998,0,0,0,0,0,0,0,0,0,0
290506,1,1,1998,5,5,5,5,5,5,5,5,5,5
290506,2,1,1998,2,2,2,2,2,2,2,2,2,2
290507,1,1,1998,10,10,10,10,10,10,10,10,10,10
290508,1,1,1998,0,0,0,0,0,0,0,0,0,0
290509,1,1,1998,17,17,17,17,17,17,17,17,17,17
290510,1,1,1998,0,0,0,0,0,0,0,0,0,0
290510,2,1,1998,0,0,0,0,0,0,0,0,0,0