ST_CASE,VEH_NO,PER_NO,YEAR,P1,P2,P3,P4,P5,P6,P7,P8,P9,P10
290510,3,1,1998,0,0,0,0,0,0,0,0,0,0
290510,4,1,1998,0,0,0,0,0,0,0,0,0,0
290510,5,1,1998,0,0,0,0,0,0,0,0,0,0
290511,1,1,1998,17,20,0,0,0,28,0,18,0,18
290512,1,1,1998,1,1,1,1,1,1,1,1,1,1
290512,2,1,1998,0,0,14,0,0,0,0,12,0,0
290513,1,1,1998,0,0,0,0,0,0,0,0,0,0
290513,2,1,1998,0,19,0,0,0,18,14,0,0,0
290513,3,1,1998,0,15,0,0,0,0,0,0,0,0
290514,1,1,1998,0,0,0,0,0,0,0,0,0,0
290514,2,1,1998,0,0,0,0,0,0,0,0,0,0
290515,1,1,1998,0,0,0,0,0,0,28,8,0,0
290515,2,1,1998,0,0,0,0,0,0,0,0,0,0
290515,3,1,1998,0,0,0,0,0,0,0,0,0,0
290516,1,1,1998,0,0,12,0,0,6,0,0,0,0
290516,2,1,1998,9,19,18,24,0,0,12,0,5,0
290517,0,1,1998,0,0,0,0,0,0,0,0,0,0
290517,1,1,1998,0,0,0,0,0,0,0,0,0,0
290518,1,1,1998,19,19,19,19,19,19,19,19,19,19
290518,2,1,1998,0,0,0,21,0,15,0,0,0,0
290519,1,1,1998,11,11,11,11,11,11,11,11,11,11
290520,0,1,1998,20,20,20,20,20,20,20,20,20,20
290520,1,1,1998,8,0,0,7,11,0,5,0,0,41
290521,1,1,1998,17,0,0,38,0,0,0,0,0,5
290522,0,1,1998,18,18,18,18,18,18,18,18,18,18
290522,1,1,1998,25,23,19,7,7,14,33,0,9,19
290523,1,1,1998,0,0,0,0,0,0,0,0,0,0
290524,1,1,1998,0,0,0,0,0,0,0,0,0,0
290524,2,1,1998,0,0,0,0,0,0,0,0,0,0
290525,1,1,1998,0,19,15,0,0,0,0,0,0,0
290525,2,1,1998,0,0,0,0,0,0,0,0,0,0
290525,3,1,1998,0,0,0,0,0,0,0,0,0,0
290526,1,1,1998,0,0,0,0,0,0,0,0,0,12
290526,2,1,1998,0,0,0,0,0,0,0,0,0,0
290527,1,1,1998,22,0,0,21,37,0,26,13,11,37
290528,0,1,1998,33,33,33,33,33,33,33,33,33,33
290528,1,1,1998,16,16,16,16,16,16,16,16,16,16
290529,1,1,1998,0,0,0,0,0,0,0,0,0,0
290530,1,1,1998,16,16,16,16,16,16,16,16,16,16
290531,1,1,1998,20,13,17,14,11,23,10,3,17,11
290531,2,1,1998,17,17,17,17,17,17,17,17,17,17
290532,0,3,1998,0,0,0,0,4,0,0,0,0,0
290532,0,4,1998,0,13,0,14,0,0,0,0,24,0
290532,1,1,1998,0,0,0,0,0,0,0,0,0,0
290533,1,1,1998,20,0,0,0,0,0,0,0,0,0
290533,2,1,1998,0,0,0,0,0,0,0,0,0,0
290534,1,1,1998,21,21,21,21,21,21,21,21,21,21
290535,1,1,1998,0,0,0,0,0,0,0,0,0,0
290536,1,1,1998,30,30,30,30,30,30,30,30,30,30
290537,1,1,1998,0,0,0,0,7,0,0,0,0,0
290537,2,1,1998,0,0,0,0,0,0,0,0,0,0
290538,1,1,1998,23,23,23,23,23,23,23,23,23,23
290539,1,1,1998,0,0,0,0,0,0,0,0,0,0
290539,2,1,1998,0,0,0,0,0,0,0,0,0,0
290540,0,1,1998,0,0,0,0,0,0,0,0,0,0
290540,1,1,1998,21,0,0,0,0,0,0,0,0,0
290541,1,1,1998,0,0,0,0,0,0,0,0,0,0
290541,2,1,1998,0,0,0,0,0,0,0,0,0,0
290542,1,1,1998,0,0,5,8,0,0,0,0,0,0
290543,1,1,1998,0,0,0,0,0,0,20,0,17,0
290543,2,1,1998,0,0,5,15,0,12,12,20,0,0
290544,1,1,1998,0,39,0,0,0,0,0,0,16,0
290544,2,1,1998,0,0,0,0,0,0,0,0,0,0
290545,1,1,1998,0,0,0,0,0,0,0,0,0,0
290545,2,1,1998,0,0,0,0,0,0,0,0,0,0
290545,3,1,1998,0,0,0,0,10,0,0,0,0,0
290546,1,1,1998,0,0,0,0,0,0,0,0,0,7
290546,2,1,1998,0,0,0,0,0,0,0,0,0,0
290547,0,1,1998,0,0,0,0,0,0,0,0,0,0
290547,1,1,1998,5,5,5,5,5,5,5,5,5,5
290548,1,1,1998,19,19,19,19,19,19,19,19,19,19
290548,2,1,1998,0,0,0,0,0,0,0,0,0,0
290549,1,1,1998,24,7,3,16,0,18,10,26,16,13
290550,1,1,1998,13,13,13,13,13,13,13,13,13,13
290551,1,1,1998,0,0,0,0,0,0,0,0,2,0
290551,2,1,1998,0,0,0,0,0,0,0,0,0,0
290552,1,1,1998,0,15,0,0,0,0,0,0,8,0
290552,2,1,1998,0,0,0,0,0,0,0,0,0,0
290552,3,1,1998,0,0,37,0,37,17,0,0,0,0
290552,4,1,1998,0,0,0,0,0,0,0,0,5,0
290553,0,1,1998,0,0,0,0,24,0,0,0,0,0
290553,1,1,1998,0,0,0,0,0,0,0,0,0,0
290554,1,1,1998,0,0,16,8,9,0,0,0,0,21
290555,1,1,1998,0,0,9,0,0,15,0,0,0,0
290556,1,1,1998,0,0,0,0,0,0,0,0,0,0
290556,2,1,1998,0,0,0,17,0,0,0,0,0,0
290557,1,1,1998,14,14,14,14,14,14,14,14,14,14
290558,1,1,1998,25,25,25,25,25,25,25,25,25,25
290559,1,1,1998,19,19,19,19,19,19,19,19,19,19
290560,1,1,1998,7,7,7,7,7,7,7,7,7,7
290561,1,1,1998,0,0,0,0,0,0,0,0,0,0
290561,2,1,1998,0,0,0,0,0,0,0,0,0,0
290562,1,1,1998,19,19,19,19,19,19,19,19,19,19
290563,1,1,1998,0,0,0,0,0,0,0,0,0,0
290563,2,1,1998,0,0,0,0,0,0,0,0,0,0
290564,1,1,1998,24,24,24,24,24,24,24,24,24,24
290564,2,1,1998,0,0,20,0,0,0,0,0,0,0
290565,0,1,1998,0,0,0,0,0,0,0,0,0,0
290565,1,1,1998,0,0,0,0,17,0,0,0,0,36
290566,1,1,1998,0,0,0,0,0,0,0,0,0,0
290567,1,1,1998,0,0,0,0,0,0,20,0,0,0
290567,2,1,1998,0,0,0,0,0,0,0,0,0,0
290568,1,1,1998,0,0,0,0,2,0,0,0,0,23
290568,2,1,1998,0,0,0,0,0,15,0,0,0,0
290569,1,1,1998,0,11,11,3,15,0,0,8,0,0
290570,1,1,1998,3,3,3,3,3,3,3,3,3,3
290570,2,1,1998,0,0,0,0,0,0,0,0,0,0
290571,1,1,1998,0,0,0,0,0,0,0,0,0,0
290571,2,1,1998,0,0,0,0,0,0,8,0,0,0
290572,1,1,1998,4,4,4,4,4,4,4,4,4,4
290573,1,1,1998,0,20,0,0,0,0,12,10,0,0
290574,1,1,1998,15,0,0,4,0,0,0,0,0,0
290574,2,1,1998,0,0,0,0,0,0,0,0,0,0
290574,3,1,1998,0,0,0,0,0,0,0,0,0,0
290575,1,1,1998,0,0,0,0,0,0,0,0,0,0
290576,0,1,1998,18,18,18,18,18,18,18,18,18,18
290576,1,1,1998,0,0,0,0,0,0,0,0,0,17
290577,1,1,1998,1,1,1,1,1,1,1,1,1,1
290577,2,1,1998,0,0,0,0,6,20,0,0,12,0
290578,1,1,1998,0,0,0,0,0,0,0,0,0,0
290578,2,1,1998,0,0,0,0,0,0,0,0,0,0
290579,0,1,1998,0,0,0,0,11,29,0,13,18,0
290579,1,1,1998,0,8,0,7,15,2,16,0,24,7
290580,1,1,1998,9,0,0,0,0,0,0,0,0,0
290580,2,1,1998,0,0,0,0,0,0,0,0,0,0
290581,1,1,1998,4,13,15,7,8,13,19,8,4,2
290581,2,1,1998,0,0,0,0,0,0,0,0,0,0
290582,1,1,1998,0,0,0,0,0,0,0,0,0,0
290582,2,1,1998,0,0,0,0,0,0,0,0,0,0
290583,1,1,1998,20,20,20,20,20,20,20,20,20,20
290584,1,1,1998,0,0,0,0,0,0,0,0,0,0
290584,2,1,1998,7,7,7,7,7,7,7,7,7,7
290585,1,1,1998,22,22,22,22,22,22,22,22,22,22
290586,0,1,1998,23,23,23,23,23,23,23,23,23,23
290586,1,1,1998,0,0,0,0,11,0,0,9,8,0
290587,1,1,1998,22,14,0,22,0,35,0,0,0,0
290588,1,1,1998,0,0,0,0,0,0,0,0,0,0
290588,2,1,1998,0,0,0,0,0,0,0,0,0,0
290589,1,1,1998,0,0,0,0,0,0,0,0,0,0
290589,2,1,1998,0,0,0,0,0,0,0,0,0,0
290589,3,1,1998,0,0,0,0,0,0,0,0,0,0
290590,1,1,1998,0,0,0,0,0,0,0,0,0,0
290591,1,1,1998,4,18,0,14,0,0,0,13,25,0
290592,1,1,1998,0,0,0,0,0,0,0,0,19,8
290592,2,1,1998,0,0,0,0,0,0,0,13,0,0
290593,1,1,1998,0,0,0,0,0,0,0,0,0,0
290594,1,1,1998,0,0,0,0,0,0,0,0,0,0
290594,2,1,1998,0,0,0,0,0,0,0,0,0,0
290595,1,1,1998,0,0,0,0,0,0,0,0,0,0
290595,2,1,1998,0,0,0,0,0,0,0,0,0,0
290596,1,1,1998,14,14,14,14,14,14,14,14,14,14
290597,1,1,1998,0,4,0,0,0,0,0,0,0,0
290598,1,1,1998,0,0,0,0,0,0,0,0,0,0
290599,0,1,1998,23,23,23,23,23,23,23,23,23,23
290599,1,1,1998,24,0,0,21,19,23,10,0,0,13
290600,1,1,1998,20,20,20,20,20,20,20,20,20,20
290600,2,1,1998,0,0,0,0,0,0,0,0,0,0
290601,1,1,1998,0,0,0,0,0,0,0,0,0,0
290602,1,1,1998,25,25,25,25,25,25,25,25,25,25
290603,1,1,1998,0,0,20,0,0,0,0,0,37,0
290604,1,1,1998,0,0,0,0,0,0,0,0,0,0
290604,2,1,1998,11,11,11,11,11,11,11,11,11,11
290605,0,1,1998,18,18,18,18,18,18,18,18,18,18
290605,1,1,1998,28,15,0,0,19,0,15,11,0,14
290606,1,2,1998,19,19,19,19,19,19,19,19,19,19
290607,1,1,1998,4,0,0,0,0,0,0,0,0,0
290608,1,1,1998,13,0,17,0,11,10,0,0,0,10
290609,0,1,1998,17,17,17,17,17,17,17,17,17,17
290609,1,1,1998,0,0,0,7,0,12,0,0,0,0
290610,1,1,1998,0,0,0,0,0,0,0,0,0,0
290611,1,1,1998,29,29,29,29,29,29,29,29,29,29
290612,1,1,1998,0,0,0,0,0,0,0,0,0,0
290612,2,1,1998,0,11,0,0,0,0,0,14,0,0
290613,1,1,1998,0,0,0,0,0,0,0,0,0,0
290614,1,1,1998,0,0,0,0,0,0,0,0,0,0
290614,2,1,1998,0,0,0,0,0,0,0,0,0,0
290615,1,1,1998,10,10,10,10,10,10,10,10,10,10
290616,1,1,1998,25,0,3,0,2,15,8,14,0,0
290617,1,1,1998,11,11,11,11,11,11,11,11,11,11
290618,1,1,1998,0,0,0,0,0,0,0,0,0,0
290619,1,1,1998,0,0,0,9,0,0,0,0,0,14
290620,1,1,1998,0,0,0,0,25,0,23,0,0,0
290621,1,1,1998,11,11,11,11,11,11,11,11,11,11
290621,2,1,1998,0,0,0,0,0,0,0,0,0,0
290621,3,1,1998,0,0,0,0,0,0,0,0,0,0
290622,1,1,1998,3,0,0,0,0,0,0,3,9,0
290624,1,1,1998,26,26,26,26,26,26,26,26,26,26
290625,1,1,1998,0,0,0,0,0,0,0,0,0,0
290625,2,1,1998,0,0,0,0,0,0,0,0,0,21
290625,3,1,1998,0,0,0,0,0,0,0,0,0,0
290626,1,1,1998,0,0,0,0,0,0,0,0,0,0
290627,1,1,1998,0,0,0,0,0,0,0,0,0,0
290628,1,1,1998,0,16,18,0,0,17,0,0,20,0
290629,1,1,1998,0,0,0,0,0,0,0,0,0,0
290629,2,1,1998,0,0,0,0,0,0,0,0,0,0
290629,3,1,1998,0,0,0,0,0,0,0,0,0,0
290629,4,1,1998,0,0,0,0,0,0,0,0,0,0
290630,1,1,1998,0,0,0,0,0,0,0,0,8,0
290630,2,1,1998,0,0,23,7,0,11,9,0,0,0
290631,1,1,1998,32,32,32,32,32,32,32,32,32,32
290632,1,1,1998,0,0,0,0,0,0,0,0,0,0
290633,1,1,1998,12,0,0,12,0,0,0,0,0,0
290634,1,1,1998,23,23,23,23,23,23,23,23,23,23
290635,1,1,1998,17,17,17,17,17,17,17,17,17,17
290636,1,1,1998,26,26,26,26,26,26,26,26,26,26
290637,1,1,1998,0,0,0,0,0,0,0,0,0,0
290638,1,1,1998,0,0,0,9,0,5,0,0,0,0
290639,1,1,1998,0,0,0,0,0,0,0,0,0,0
290640,1,1,1998,17,17,17,17,17,17,17,17,17,17
290640,2,1,1998,0,0,0,0,0,0,0,0,0,0
290641,1,1,1998,0,0,0,0,0,0,0,0,0,0
290641,2,1,1998,0,0,0,0,0,0,0,0,0,0
290641,3,1,1998,0,0,0,0,0,0,0,0,0,0
290642,1,1,1998,0,0,0,0,0,0,0,0,0,0
290642,2,1,1998,0,0,0,0,0,0,18,0,0,0
290643,1,1,1998,0,0,0,0,0,0,0,2,0,18
290643,2,1,1998,0,0,0,0,0,0,0,0,0,20
290644,1,1,1998,3,3,3,3,3,3,3,3,3,3
290645,1,1,1998,0,0,0,0,0,0,0,0,0,0
290645,2,1,1998,0,0,0,0,0,0,0,0,0,0
290646,1,1,1998,0,0,0,0,0,0,0,0,0,0
290647,1,1,1998,0,0,0,0,0,0,0,0,0,0
290648,1,1,1998,0,0,0,0,0,0,0,0,0,0
290649,1,1,1998,15,5,20,20,10,18,7,8,7,3
290650,0,1,1998,9,30,29,13,26,14,12,24,9,24
290650,1,1,1998,0,0,0,0,0,0,0,2,0,0
290651,1,1,1998,10,0,0,0,0,0,0,13,0,0
290651,2,1,1998,0,0,0,0,0,4,0,15,0,0
290652,1,1,1998,13,13,13,13,13,13,13,13,13,13
290653,1,1,1998,0,0,0,0,0,0,0,0,0,0
290653,2,1,1998,0,0,0,4,0,0,0,0,0,0
290654,1,1,1998,0,0,0,0,6,0,0,0,0,0
290654,2,1,1998,0,0,0,0,0,0,0,0,0,0
290655,1,1,1998,26,26,26,26,26,26,26,26,26,26
290656,1,1,1998,9,9,9,9,9,9,9,9,9,9
290657,1,1,1998,0,7,9,0,0,0,0,0,0,0
290658,0,1,1998,0,0,0,0,0,0,0,0,0,0
290658,1,1,1998,0,0,0,0,0,0,0,0,0,0
290659,1,1,1998,0,0,0,0,0,0,0,0,0,0
290659,2,1,1998,5,0,0,0,0,0,0,0,0,0
290659,3,1,1998,0,0,0,0,0,0,0,0,0,0
290660,1,1,1998,0,0,0,0,0,0,0,0,0,0
290660,2,1,1998,0,0,0,0,0,0,0,0,0,0
290661,1,1,1998,0,0,0,0,16,0,11,17,0,0
290661,2,1,1998,0,0,0,0,0,0,0,0,0,0
290662,1,1,1998,0,0,0,0,0,0,0,0,0,0
290662,2,1,1998,0,0,0,0,0,0,0,0,0,0
290663,1,1,1998,0,0,0,0,0,0,0,0,0,0
290663,2,1,1998,0,10,0,0,0,0,0,0,0,0
290664,1,1,1998,0,0,0,0,0,0,0,0,0,0
290665,1,1,1998,0,0,0,0,0,0,0,0,0,0
290665,2,1,1998,0,0,0,0,0,0,0,0,0,0
290666,1,1,1998,2,2,2,2,2,2,2,2,2,2
290667,1,1,1998,0,0,0,0,0,0,0,0,0,0
290668,1,1,1998,14,14,14,14,14,14,14,14,14,14
290669,0,1,1998,15,15,15,15,15,15,15,15,15,15
290669,1,1,1998,0,0,0,7,0,0,0,38,0,0
290670,1,1,1998,0,0,0,0,0,0,0,0,0,0
290670,2,1,1998,0,0,0,0,0,0,0,0,0,0
290671,1,1,1998,0,0,0,0,0,0,0,0,0,0
290671,2,1,1998,0,0,0,0,0,0,0,0,0,0
290672,1,1,1998,13,37,14,33,27,14,18,8,26,20
290673,0,1,1998,24,24,24,24,24,24,24,24,24,24
290673,1,1,1998,15,11,0,0,0,0,0,0,6,24
290674,1,1,1998,10,10,10,10,10,10,10,10,10,10
290675,1,1,1998,25,25,25,25,25,25,25,25,25,25
290676,1,1,1998,17,17,17,17,17,17,17,17,17,17
290677,1,1,1998,9,9,9,9,9,9,9,9,9,9
290678,1,1,1998,6,0,0,0,10,0,0,0,0,0
290678,2,1,1998,0,0,0,0,0,0,0,0,0,0
290679,1,1,1998,0,0,0,0,0,14,9,0,0,0
290679,2,1,1998,0,0,0,0,0,23,0,0,0,0
290680,1,1,1998,33,33,33,33,33,33,33,33,33,33
290681,1,1,1998,0,0,0,0,10,13,22,13,6,10
290682,1,1,1998,28,28,28,28,28,28,28,28,28,28
290683,1,1,1998,20,20,20,20,20,20,20,20,20,20
290684,1,1,1998,21,21,21,21,21,21,21,21,21,21
290685,1,1,1998,0,0,7,0,16,0,0,0,0,0
290686,0,1,1998,18,18,18,18,18,18,18,18,18,18
290686,1,1,1998,0,0,0,0,0,13,0,0,12,0
290687,1,1,1998,0,0,0,0,0,0,0,0,0,0
290688,1,1,1998,0,0,0,6,0,0,0,0,0,0
290688,2,1,1998,0,0,0,0,0,0,0,0,0,0
290689,1,1,1998,0,0,0,0,0,0,0,4,8,0
290690,1,1,1998,0,0,0,0,0,0,0,0,0,0
290690,2,1,1998,9,0,0,10,19,5,0,11,13,8
290691,1,1,1998,0,0,0,0,0,0,0,0,0,0
290692,1,1,1998,12,12,12,12,12,12,12,12,12,12
290693,1,1,1998,15,0,9,0,21,32,25,24,9,21
290694,1,1,1998,0,0,0,0,0,0,0,0,0,0
290694,2,1,1998,0,0,0,0,0,0,0,0,0,0
290695,1,1,1998,0,0,0,0,0,0,0,8,0,0
290695,2,1,1998,0,0,0,0,0,0,0,0,0,0
290696,1,1,1998,0,10,34,19,24,22,0,16,24,22
290697,1,1,1998,20,20,20,20,20,20,20,20,20,20
290698,0,1,1998,16,16,16,16,16,16,16,16,16,16
290698,1,1,1998,10,10,10,10,10,10,10,10,10,10
290699,1,1,1998,0,0,0,0,0,0,0,0,0,0
290700,0,1,1998,30,30,30,30,30,30,30,30,30,30
290700,1,1,1998,4,4,4,4,4,4,4,4,4,4
290701,1,1,1998,7,7,7,7,7,7,7,7,7,7
290702,1,1,1998,0,0,0,0,0,0,0,0,0,0
290703,1,1,1998,0,0,0,0,0,0,0,0,0,0
290704,1,1,1998,13,13,13,13,13,13,13,13,13,13
290705,1,1,1998,20,20,20,20,20,20,20,20,20,20
290706,1,1,1998,0,7,20,4,12,0,18,0,15,0
290707,1,1,1998,26,26,26,26,26,26,26,26,26,26
290708,1,1,1998,0,0,0,0,0,0,0,0,0,0
290708,2,1,1998,0,0,0,0,0,0,0,0,0,0
290709,0,1,1998,0,0,0,0,0,0,0,0,0,0
290709,1,1,1998,0,0,0,0,0,0,0,13,0,0
290710,1,1,1998,0,0,0,0,0,0,0,0,0,0
290710,2,1,1998,0,0,0,0,0,0,0,0,0,0
290711,1,1,1998,0,0,0,0,0,0,0,0,0,0
290711,2,1,1998,0,0,0,0,0,0,0,0,0,0
290712,1,1,1998,0,0,0,0,0,0,0,0,0,0
290712,2,1,1998,0,0,0,0,0,0,0,0,0,0
290713,0,1,1998,0,0,0,29,0,0,17,8,0,12
290713,0,2,1998,0,20,0,23,0,0,0,0,13,0
290713,1,1,1998,24,0,0,24,0,0,0,0,0,7
290714,0,1,1998,0,0,0,0,0,0,0,0,0,0
290714,1,1,1998,0,0,0,0,18,0,0,0,0,0
290715,1,1,1998,8,8,8,8,8,8,8,8,8,8
290715,2,1,1998,0,0,0,0,0,0,0,0,0,0
290716,1,1,1998,1,1,1,1,1,1,1,1,1,1
290716,2,1,1998,0,0,0,0,0,0,0,0,0,0
290717,1,1,1998,0,0,0,0,0,0,0,0,0,0
290718,1,1,1998,0,0,0,0,0,0,0,0,0,0
290719,1,1,1998,0,0,0,0,0,0,0,0,0,0
290719,2,1,1998,4,0,10,0,0,0,0,0,0,0
290720,1,1,1998,14,14,14,14,14,14,14,14,14,14
290721,1,1,1998,3,3,3,3,3,3,3,3,3,3
290722,1,1,1998,0,0,0,2,0,0,0,0,0,0
290722,2,1,1998,0,0,0,0,0,0,0,0,0,0
290722,3,1,1998,0,0,0,0,0,0,0,0,0,0
290723,1,1,1998,0,0,0,0,0,0,0,0,0,0
290723,2,1,1998,0,0,0,0,0,0,0,0,0,0
290724,1,1,1998,18,18,18,18,18,18,18,18,18,18
290725,1,1,1998,0,0,0,0,0,0,0,0,0,0
290725,2,1,1998,0,0,0,0,0,0,0,0,0,0
290725,3,1,1998,0,0,0,0,0,0,0,0,0,0
290726,1,1,1998,6,6,6,6,6,6,6,6,6,6
290727,1,1,1998,23,23,23,23,23,23,23,23,23,23
290728,1,1,1998,24,24,24,24,24,24,24,24,24,24
290728,2,1,1998,0,0,0,0,0,0,0,0,0,0
290729,1,1,1998,18,18,18,18,18,18,18,18,18,18
290730,1,1,1998,0,0,0,0,0,0,0,0,0,0
290730,2,1,1998,0,0,8,0,11,0,0,0,0,0
290730,3,1,1998,0,0,0,0,0,0,0,0,0,0
290731,0,1,1998,0,0,0,0,0,0,0,0,0,0
290731,1,1,1998,0,0,0,0,19,0,0,0,0,9
290732,1,1,1998,0,0,0,0,0,0,0,0,0,0
290732,2,1,1998,0,0,0,0,0,0,0,0,0,0
290733,1,1,1998,16,16,16,16,16,16,16,16,16,16
290733,2,1,1998,0,0,0,0,0,0,0,0,0,0
290734,1,1,1998,0,0,0,0,0,0,0,0,0,0
290735,1,1,1998,0,0,0,0,0,0,0,0,0,0
290735,2,1,1998,0,0,0,0,0,0,0,0,0,0
290736,1,1,1998,21,21,21,21,21,21,21,21,21,21
290737,1,1,1998,0,29,0,0,0,0,0,0,0,0
290738,1,1,1998,0,0,0,0,0,0,0,0,0,0
290738,2,1,1998,0,0,0,0,0,0,0,0,0,16
290739,1,1,1998,0,0,0,0,0,0,0,0,0,0
290739,2,1,1998,0,0,0,0,0,0,0,0,0,0
290740,1,1,1998,13,13,13,13,13,13,13,13,13,13
290741,1,1,1998,14,14,16,25,16,19,13,7,22,19
290741,2,1,1998,0,0,0,0,0,0,0,0,0,0
290742,1,1,1998,0,0,0,0,0,0,0,0,0,0
290742,2,1,1998,0,0,0,0,0,0,0,0,0,0
290743,0,1,1998,0,0,0,0,0,0,0,0,0,0
290743,1,1,1998,19,0,9,0,0,16,16,26,11,0
290744,1,1,1998,47,47,47,47,47,47,47,47,47,47
290745,0,1,1998,16,16,16,16,16,16,16,16,16,16
290745,1,1,1998,15,25,0,0,13,0,0,0,0,15
290746,1,1,1998,0,0,0,0,0,0,0,0,0,0
290746,2,1,1998,0,0,2,0,0,0,0,0,0,0
290747,0,1,1998,0,0,0,0,0,0,0,0,0,0
290748,1,1,1998,0,22,12,0,0,14,16,0,0,0
290749,1,1,1998,0,0,0,11,0,0,0,0,0,0
290749,2,1,1998,0,0,0,0,0,0,0,0,0,0
290749,3,1,1998,0,0,0,0,0,0,0,0,0,0
290750,1,1,1998,0,0,0,0,0,0,0,0,0,0
290750,2,1,1998,0,0,6,24,0,0,0,0,0,0
290751,1,1,1998,17,17,17,17,17,17,17,17,17,17
290752,1,1,1998,25,0,10,0,0,6,0,0,0,0
290752,2,1,1998,0,0,0,0,0,0,13,0,0,5
290753,1,1,1998,21,21,21,21,21,21,21,21,21,21
290754,1,1,1998,0,0,0,0,0,0,0,0,0,0
290754,2,1,1998,0,0,0,0,0,0,0,0,0,0
290754,3,1,1998,0,0,0,0,0,0,0,0,3,0
290755,1,1,1998,0,0,0,0,0,0,0,0,0,0
290756,1,1,1998,16,16,16,16,16,16,16,16,16,16
290757,0,1,1998,0,7,26,0,0,25,18,0,0,0
290757,1,1,1998,0,0,0,0,0,0,0,0,0,0
290758,1,1,1998,0,0,0,0,0,0,0,0,0,0
290758,2,1,1998,0,0,0,0,0,0,0,0,0,0
290759,1,1,1998,0,0,0,0,0,0,0,0,0,0
290760,1,1,1998,13,13,13,13,13,13,13,13,13,13
290761,1,1,1998,22,22,22,22,22,22,22,22,22,22
290762,1,1,1998,28,28,28,28,28,28,28,28,28,28
290763,1,1,1998,0,0,0,0,0,0,0,0,0,0
290764,1,1,1998,17,0,42,0,0,0,0,15,0,16
290764,2,1,1998,0,0,0,0,0,0,0,0,0,0
290765,1,1,1998,7,7,7,7,7,7,7,7,7,7
290765,2,1,1998,0,0,0,0,0,0,0,0,0,0
290765,3,1,1998,0,0,0,0,0,0,0,0,0,0
290766,1,1,1998,18,0,0,0,0,0,0,0,18,0
290767,1,1,1998,0,0,0,0,0,0,0,0,0,0
290768,1,1,1998,13,18,14,22,20,28,18,20,35,16
290769,0,1,1998,21,21,21,21,21,21,21,21,21,21
290769,1,1,1998,0,0,0,0,0,0,0,10,0,17
290770,1,1,1998,0,0,0,0,0,0,0,0,0,0
290770,2,1,1998,0,0,0,0,0,0,0,0,0,0
290771,1,1,1998,13,13,13,13,13,13,13,13,13,13
290772,1,1,1998,0,0,0,0,0,0,0,0,0,0
290772,2,1,1998,0,0,0,0,0,0,0,0,0,0
290773,0,1,1998,0,0,0,0,0,0,0,0,0,0
290773,1,1,1998,0,0,0,0,0,0,0,0,0,0
290774,1,1,1998,0,0,0,0,0,0,0,0,0,0
290774,2,1,1998,9,9,9,9,9,9,9,9,9,9
290775,1,1,1998,0,0,0,0,0,0,0,0,0,0
290776,1,1,1998,21,21,21,21,21,21,21,21,21,21
290776,2,1,1998,0,0,0,0,0,0,0,0,0,0
290777,1,1,1998,0,0,0,0,0,0,0,0,0,0
290777,2,1,1998,0,0,0,0,0,0,0,0,0,0
290778,1,1,1998,13,13,13,13,13,13,13,13,13,13
290779,1,1,1998,0,0,0,0,0,0,0,0,0,0
290779,2,1,1998,0,0,0,0,0,0,0,0,0,0
290780,1,1,1998,0,0,0,0,0,0,0,0,0,0
290780,2,1,1998,0,0,0,0,0,0,0,0,0,0
290781,1,1,1998,0,0,0,0,0,0,11,0,0,0
290782,0,1,1998,0,0,0,0,0,0,0,0,0,0
290782,1,1,1998,0,0,0,0,0,0,0,0,0,0
290783,1,1,1998,0,0,0,0,0,0,0,4,0,0
290783,2,1,1998,0,0,0,0,0,0,0,0,0,0
290784,1,1,1998,9,23,33,25,27,38,13,0,4,13
290785,1,1,1998,11,11,11,11,11,11,11,11,11,11
290786,1,1,1998,0,5,0,0,0,0,0,0,0,0
290786,2,1,1998,0,0,0,0,0,0,0,0,0,0
290786,3,1,1998,0,0,0,0,0,0,0,0,19,0
290786,4,1,1998,0,0,0,12,0,0,0,0,0,0
290787,1,1,1998,3,3,3,3,3,3,3,3,3,3
290788,1,1,1998,0,0,0,0,0,0,0,0,0,18
290788,2,1,1998,0,0,0,0,0,0,0,0,0,0
290789,1,1,1998,20,16,19,0,18,17,26,0,17,9
290790,1,1,1998,0,0,0,0,0,0,0,0,0,0
290790,2,1,1998,0,0,0,0,0,0,0,0,0,0
290791,1,1,1998,16,16,16,16,16,16,16,16,16,16
290792,1,1,1998,19,19,19,19,19,19,19,19,19,19
290792,2,1,1998,0,0,0,9,0,0,5,0,0,0
290793,1,1,1998,0,13,0,27,0,0,0,21,0,9
290793,2,1,1998,0,0,0,0,0,0,21,6,0,0
290794,1,1,1998,1,1,1,1,1,1,1,1,1,1
290795,1,1,1998,0,0,0,0,0,0,0,0,0,0
290795,2,1,1998,0,0,0,0,0,0,0,0,0,0
290796,1,1,1998,0,0,0,0,0,0,0,0,0,0
290796,2,1,1998,0,0,0,0,0,0,0,0,0,0
290797,1,1,1998,0,0,0,0,0,0,0,0,0,0