ST_CASE,VEH_NO,PER_NO,YEAR,P1,P2,P3,P4,P5,P6,P7,P8,P9,P10
310166,1,1,1998,0,0,0,0,0,0,0,0,0,0
310167,0,1,1998,0,0,0,0,0,0,0,0,0,0
310167,1,1,1998,0,0,0,0,0,17,0,0,0,0
310168,1,1,1998,17,17,17,17,17,17,17,17,17,17
310168,2,1,1998,0,0,0,0,0,0,0,0,0,0
310169,1,1,1998,25,0,0,30,0,26,20,0,0,0
310170,1,1,1998,0,0,0,0,0,0,0,0,0,0
310171,1,1,1998,0,0,11,0,0,7,0,0,0,0
310172,1,1,1998,0,0,0,0,0,0,0,0,0,0
310173,1,1,1998,0,0,0,0,0,0,0,0,0,0
310173,2,1,1998,0,0,0,0,0,0,0,0,0,0
310174,1,1,1998,0,0,0,0,0,0,0,0,0,0
310175,1,1,1998,13,13,13,13,13,13,13,13,13,13
310176,1,1,1998,0,0,0,0,0,0,0,0,0,0
310177,0,1,1998,0,0,0,0,0,0,0,0,0,0
310177,1,1,1998,0,0,0,0,0,0,0,0,0,0
310178,0,1,1998,0,0,0,0,0,0,0,0,0,0
310178,1,1,1998,0,0,0,0,0,0,0,0,0,0
310179,1,1,1998,0,0,0,0,0,0,0,0,0,0
310180,1,1,1998,0,0,0,0,0,0,0,0,0,0
310180,2,1,1998,0,0,0,0,0,0,0,0,0,0
310181,1,1,1998,14,14,14,14,14,14,14,14,14,14
310182,1,1,1998,22,22,22,22,22,22,22,22,22,22
310182,2,1,1998,0,0,0,0,0,0,0,0,0,0
310182,3,1,1998,0,0,0,0,0,0,0,0,0,0
310183,1,1,1998,1,1,1,1,1,1,1,1,1,1
310183,2,1,1998,2,2,2,2,2,2,2,2,2,2
310183,3,1,1998,0,0,0,0,0,0,0,0,0,0
310184,1,1,1998,26,26,26,26,26,26,26,26,26,26
310185,1,1,1998,8,8,8,8,8,8,8,8,8,8
310186,1,1,1998,0,0,0,0,0,0,0,0,0,0
310186,2,1,1998,0,0,0,0,0,0,0,0,0,0
310187,1,1,1998,0,0,0,0,0,0,0,0,0,0
310188,1,1,1998,1,1,1,1,1,1,1,1,1,1
310188,2,1,1998,0,0,0,0,0,0,0,0,0,0
310189,1,1,1998,0,0,0,0,0,0,0,0,0,0
310189,2,1,1998,0,0,0,0,0,0,0,0,0,0
310190,1,1,1998,0,0,0,0,0,0,0,0,0,0
310190,2,1,1998,0,0,0,0,0,0,0,0,0,0
310191,1,1,1998,24,24,24,24,24,24,24,24,24,24
310192,1,1,1998,8,8,8,8,8,8,8,8,8,8
310193,0,1,1998,0,0,0,0,0,0,0,0,0,0
310193,1,1,1998,0,0,0,0,0,0,0,0,0,0
310194,1,1,1998,0,0,0,0,0,0,0,0,0,0
310195,1,1,1998,21,21,21,21,21,21,21,21,21,21
310195,2,1,1998,2,2,2,2,2,2,2,2,2,2
310196,1,1,1998,0,0,0,0,0,0,0,0,0,0
310196,2,1,1998,0,0,0,0,0,0,0,0,0,0
310197,1,1,1998,0,0,0,0,0,0,0,0,16,17
310198,0,1,1998,31,31,31,31,31,31,31,31,31,31
310198,1,1,1998,0,0,0,0,0,0,0,0,0,9
310199,1,1,1998,0,0,0,0,0,0,0,0,0,0
310199,2,1,1998,0,0,0,0,0,0,0,0,0,0
310200,1,1,1998,10,10,10,10,10,10,10,10,10,10
310201,1,1,1998,4,4,4,4,4,4,4,4,4,4
310201,2,1,1998,0,0,0,0,0,0,0,0,0,0
310202,1,1,1998,0,0,0,0,0,0,0,0,0,0
310203,1,1,1998,0,0,0,0,0,0,0,0,0,0
310204,1,1,1998,0,0,0,0,0,0,0,0,0,0
310204,2,1,1998,0,0,0,0,0,0,0,0,0,0
310205,1,1,1998,0,0,0,0,0,0,0,0,0,0
310206,1,1,1998,20,20,20,20,20,20,20,20,20,20
310207,0,1,1998,0,16,19,16,0,0,0,0,0,18
310207,1,1,1998,0,0,0,0,0,0,0,0,0,0
310208,1,1,1998,4,4,4,4,4,4,4,4,4,4
310209,1,1,1998,0,0,0,0,0,0,0,0,0,0
310209,2,1,1998,0,0,0,0,0,0,0,0,0,0
310210,1,1,1998,0,0,0,0,0,0,0,0,0,0
310210,2,1,1998,0,0,0,0,0,0,0,0,0,0
310211,1,1,1998,16,16,16,16,16,16,16,16,16,16
310212,1,1,1998,14,14,14,14,14,14,14,14,14,14
310212,2,1,1998,14,14,14,14,14,14,14,14,14,14
310213,1,1,1998,16,16,16,16,16,16,16,16,16,16
310214,1,1,1998,0,0,0,0,0,0,0,0,0,0
310214,2,1,1998,0,0,0,0,0,0,0,0,0,0
310215,0,1,1998,0,0,0,0,0,0,0,0,0,0
310215,1,1,1998,0,0,0,0,0,0,0,0,0,0
310216,1,1,1998,0,0,0,0,0,0,0,0,0,0
310216,2,1,1998,0,0,0,0,0,0,0,0,0,0
310217,1,1,1998,18,18,18,18,18,18,18,18,18,18
310217,2,1,1998,0,0,0,0,0,0,0,0,0,0
310218,1,1,1998,0,0,0,0,0,0,0,0,0,0
310218,2,1,1998,24,24,24,24,24,24,24,24,24,24
310219,0,1,1998,0,0,0,0,0,0,0,0,0,0
310219,1,1,1998,0,0,0,0,0,0,0,0,0,0
310220,1,1,1998,11,11,11,11,11,11,11,11,11,11
310221,1,1,1998,0,0,0,0,0,0,20,0,0,0
310221,2,1,1998,0,0,0,0,0,0,0,0,0,0
310222,0,1,1998,31,31,31,31,31,31,31,31,31,31
310222,1,1,1998,18,18,18,18,18,18,18,18,18,18
310223,1,1,1998,0,0,0,0,0,0,0,0,0,0
310223,2,1,1998,0,0,0,0,0,0,0,0,0,0
310224,1,1,1998,0,7,0,0,0,0,0,0,0,0
310224,2,1,1998,0,0,0,0,0,22,0,0,0,0
310225,1,1,1998,0,0,0,0,0,0,0,0,0,0
310225,2,1,1998,0,0,0,0,0,0,0,0,0,0
310226,1,1,1998,7,7,7,7,7,7,7,7,7,7
310227,1,1,1998,0,0,0,0,0,0,0,0,0,0
310228,1,1,1998,11,11,11,11,11,11,11,11,11,11
310229,0,1,1998,0,0,0,0,0,0,0,0,0,0
310229,0,2,1998,13,13,35,11,10,24,18,0,0,21
310229,1,1,1998,0,0,0,0,0,0,0,0,0,0
310230,1,1,1998,0,0,0,0,0,0,0,0,0,0
310230,2,1,1998,0,0,0,0,0,0,0,0,0,0
310231,1,1,1998,0,0,0,0,0,0,0,0,0,0
310232,0,1,1998,0,0,0,0,0,0,0,0,0,0
310232,1,1,1998,0,0,0,0,0,0,0,0,0,0
310233,1,1,1998,0,0,0,0,0,0,0,0,0,0
310233,2,1,1998,0,0,0,0,0,0,0,0,0,0
310234,1,1,1998,0,0,0,0,0,0,0,0,0,0
310234,2,1,1998,0,0,0,0,0,0,0,0,0,0
310235,0,1,1998,0,0,0,0,0,0,0,0,0,0
310235,1,1,1998,0,0,0,0,0,0,0,0,0,0
310236,1,1,1998,30,30,30,30,30,30,30,30,30,30
310237,1,1,1998,0,0,0,0,0,0,0,0,0,0
310238,1,1,1998,0,0,0,0,0,0,0,0,0,0
310239,1,1,1998,0,0,0,0,0,0,0,0,0,0
310240,1,1,1998,21,21,21,21,21,21,21,21,21,21
310241,1,1,1998,33,33,33,33,33,33,33,33,33,33
310242,1,1,1998,0,0,0,0,0,0,0,0,0,0
310242,2,1,1998,0,0,0,0,0,0,0,0,0,0
310243,1,1,1998,0,20,21,19,10,22,0,25,0,10
310244,1,1,1998,8,8,8,8,8,8,8,8,8,8
310245,1,1,1998,0,0,0,0,0,0,0,0,0,0
310245,2,1,1998,0,0,0,0,0,0,0,0,0,0
310246,1,1,1998,10,10,10,10,10,10,10,10,10,10
310247,0,1,1998,2,2,2,2,2,2,2,2,2,2
310247,1,1,1998,4,4,4,4,4,4,4,4,4,4
310248,1,1,1998,20,20,20,20,20,20,20,20,20,20
310249,1,1,1998,0,0,0,0,0,0,0,0,0,0
310249,2,1,1998,0,0,0,0,0,0,0,0,0,0
310250,1,1,1998,0,0,0,0,0,0,0,0,0,0
310250,2,1,1998,0,0,0,0,0,0,0,0,0,0
310251,1,1,1998,10,10,10,10,10,10,10,10,10,10
310252,1,1,1998,0,0,0,0,0,0,0,0,0,0
310252,2,1,1998,0,0,0,0,0,0,0,0,0,0
310253,1,1,1998,0,0,0,0,0,0,0,0,0,0
310254,1,1,1998,0,0,0,0,0,0,0,0,0,0
310254,2,1,1998,0,0,0,0,0,0,0,0,0,0
310255,1,1,1998,25,25,25,25,25,25,25,25,25,25
310255,2,1,1998,0,0,0,0,0,0,0,0,0,0
310256,0,1,1998,0,0,0,0,0,0,0,0,0,0
310256,1,1,1998,0,0,0,0,0,0,0,0,0,0
310257,1,1,1998,0,0,0,0,0,0,0,0,0,0
310258,1,1,1998,0,0,0,0,0,0,0,0,0,0
310258,2,1,1998,12,4,20,20,0,7,28,0,20,24
310259,1,1,1998,0,0,0,0,0,0,0,0,0,0
310259,2,1,1998,0,0,0,0,0,0,0,0,0,0
310260,1,1,1998,19,19,19,19,19,19,19,19,19,19
310260,2,1,1998,0,0,0,0,0,0,0,0,0,0
310261,1,1,1998,0,0,0,0,0,0,0,0,0,0
310261,2,1,1998,1,1,1,1,1,1,1,1,1,1
310262,1,1,1998,0,0,0,0,0,0,0,0,0,0
310262,2,1,1998,0,0,0,0,0,0,0,0,0,0
310263,1,1,1998,10,10,10,10,10,10,10,10,10,10
310264,1,1,1998,0,0,0,0,0,0,0,0,0,0
310264,2,1,1998,0,0,0,0,0,0,0,0,0,0
310265,1,1,1998,22,22,22,22,22,22,22,22,22,22
310266,1,1,1998,0,0,0,0,0,0,0,0,0,0
310267,1,1,1998,24,24,24,24,24,24,24,24,24,24
310268,1,1,1998,0,0,0,0,0,0,0,0,0,0
310268,2,1,1998,0,0,0,0,0,0,0,0,0,0
310269,1,1,1998,24,24,24,24,24,24,24,24,24,24
310270,1,1,1998,0,0,0,0,0,0,0,0,0,0
310270,2,1,1998,0,0,0,0,0,0,0,0,0,0
310270,3,1,1998,7,0,0,0,0,0,0,0,4,0
310270,4,1,1998,0,0,0,0,0,0,0,0,0,0
310271,1,1,1998,9,9,9,9,9,9,9,9,9,9
310271,2,1,1998,6,6,6,6,6,6,6,6,6,6
320001,1,1,1998,21,21,21,21,21,21,21,21,21,21
320002,1,1,1998,24,24,24,24,24,24,24,24,24,24
320002,2,1,1998,6,6,6,6,6,6,6,6,6,6
320003,1,1,1998,0,0,0,0,0,0,0,0,0,0
320004,1,1,1998,0,0,0,0,0,0,0,0,0,0
320005,1,1,1998,0,0,0,0,0,0,0,0,0,0
320005,2,1,1998,0,0,0,0,0,0,0,0,0,0
320006,1,1,1998,0,0,0,8,0,0,0,0,0,0
320006,2,1,1998,8,0,0,0,6,4,0,0,0,0
320007,1,1,1998,0,0,0,0,0,0,0,0,0,0
320007,2,1,1998,0,0,0,0,0,0,0,0,0,0
320008,1,1,1998,0,0,0,0,0,0,0,19,0,0
320008,2,1,1998,0,0,0,0,0,0,0,12,0,0
320009,1,1,1998,20,20,20,20,20,20,20,20,20,20
320010,0,1,1998,0,0,0,0,0,0,0,0,0,34
320010,1,1,1998,0,0,0,0,0,0,0,0,0,0
320011,1,1,1998,0,0,0,0,0,0,0,0,0,0
320011,2,1,1998,0,0,0,0,0,0,0,0,11,0
320012,0,1,1998,34,34,34,34,34,34,34,34,34,34
320012,1,1,1998,0,0,0,0,0,0,0,0,0,0
320013,1,1,1998,0,8,0,2,13,7,0,0,0,0
320014,1,1,1998,0,0,0,0,0,0,0,0,0,0
320014,2,1,1998,0,0,0,0,0,0,0,0,0,0
320015,1,1,1998,0,0,0,0,0,0,0,0,0,0
320016,0,1,1998,23,23,23,23,23,23,23,23,23,23
320016,1,1,1998,0,0,0,0,0,0,0,0,0,0
320017,1,1,1998,2,2,2,2,2,2,2,2,2,2
320018,1,1,1998,6,6,6,6,6,6,6,6,6,6
320019,0,1,1998,33,33,33,33,33,33,33,33,33,33
320019,1,1,1998,0,0,0,0,0,0,0,0,0,0
320020,1,1,1998,0,0,3,0,18,0,0,0,0,0
320021,1,1,1998,0,0,0,0,0,0,0,0,0,0
320022,1,1,1998,0,0,0,0,0,0,9,0,0,0
320022,2,1,1998,0,0,0,0,0,0,0,0,0,0
320023,1,1,1998,0,0,0,0,0,0,0,0,0,0
320023,2,1,1998,0,0,0,0,0,0,0,0,0,0
320024,1,1,1998,16,16,16,16,16,16,16,16,16,16
320024,2,1,1998,0,0,32,0,0,0,0,0,0,0
320025,1,1,1998,17,17,17,17,17,17,17,17,17,17
320026,1,1,1998,4,0,0,0,0,0,0,0,0,0
320026,2,1,1998,0,0,0,0,0,0,0,0,0,0
320026,3,1,1998,0,0,0,0,0,0,0,0,0,0
320027,1,1,1998,7,7,7,7,7,7,7,7,7,7
320028,1,1,1998,0,0,0,0,0,0,0,0,0,0
320029,1,1,1998,0,0,0,0,0,0,0,0,0,0
320030,0,1,1998,0,0,0,0,0,0,0,0,0,0
320030,1,1,1998,0,0,0,0,0,0,0,0,0,0
320031,0,1,1998,0,0,0,0,0,0,0,0,0,0
320031,1,1,1998,0,0,0,0,0,0,0,0,0,0
320032,1,1,1998,0,0,0,0,0,0,0,0,0,0
320032,2,1,1998,0,0,0,0,0,0,0,0,0,19
320033,1,1,1998,20,0,22,5,21,12,11,5,14,5
320033,2,1,1998,24,24,24,24,24,24,24,24,24,24
320034,1,1,1998,0,0,0,0,0,0,0,0,0,0
320035,0,1,1998,11,11,11,11,11,11,11,11,11,11
320035,1,1,1998,0,0,0,0,6,0,0,0,0,5
320036,0,1,1998,0,0,0,0,0,0,0,0,0,0
320036,0,2,1998,0,21,0,0,17,0,0,0,0,0
320036,1,1,1998,0,0,0,0,0,0,0,0,0,0
320037,1,1,1998,0,0,0,0,0,0,0,0,0,0
320037,2,1,1998,0,29,0,0,0,0,0,0,0,0
320038,1,1,1998,31,31,31,31,31,31,31,31,31,31
320039,1,1,1998,0,0,0,0,0,0,0,0,0,0
320040,1,1,1998,0,0,0,0,0,0,0,0,0,0
320041,1,1,1998,32,32,32,32,32,32,32,32,32,32
320042,0,1,1998,13,13,13,13,13,13,13,13,13,13
320042,1,1,1998,0,0,0,0,0,0,0,6,0,0
320043,1,1,1998,6,6,6,6,6,6,6,6,6,6
320044,1,1,1998,16,16,16,16,16,16,16,16,16,16
320045,1,1,1998,0,0,0,0,0,0,0,0,0,0
320046,1,1,1998,0,0,0,0,0,0,0,0,0,0
320046,2,1,1998,0,0,0,0,0,0,0,0,0,0
320047,0,1,1998,52,52,52,52,52,52,52,52,52,52
320047,0,2,1998,24,24,24,24,24,24,24,24,24,24
320047,3,1,1998,0,0,0,0,0,0,0,0,0,0
320048,1,1,1998,14,14,14,14,14,14,14,14,14,14
320048,2,1,1998,0,0,0,0,0,0,0,0,0,0
320049,1,1,1998,0,0,0,0,0,0,0,0,0,0
320049,2,1,1998,0,0,0,0,0,0,0,0,0,0
320050,1,1,1998,20,20,20,20,20,20,20,20,20,20
320051,1,1,1998,10,10,10,10,10,10,10,10,10,10
320052,0,1,1998,24,24,24,24,24,24,24,24,24,24
320052,1,1,1998,0,0,0,0,0,0,0,28,0,0
320053,1,1,1998,0,0,0,0,0,0,0,0,0,0
320053,2,1,1998,0,0,0,0,0,0,0,0,0,0
320054,1,1,1998,0,0,0,0,0,0,0,0,0,0
320055,0,1,1998,35,35,35,35,35,35,35,35,35,35
320055,1,1,1998,0,0,0,0,0,0,0,0,6,0
320056,1,1,1998,25,25,25,25,25,25,25,25,25,25
320056,2,1,1998,0,0,0,0,0,0,0,0,0,0
320057,1,1,1998,0,0,0,0,9,0,0,0,0,0
320057,2,1,1998,0,0,0,0,0,0,0,0,0,0
320058,1,1,1998,22,22,22,22,22,22,22,22,22,22
320058,2,1,1998,0,0,0,0,0,13,0,0,0,0
320059,1,1,1998,12,12,12,12,12,12,12,12,12,12
320060,0,1,1998,25,25,25,25,25,25,25,25,25,25
320060,1,1,1998,0,0,0,0,0,0,0,0,0,0
320061,1,1,1998,17,17,17,17,17,17,17,17,17,17
320062,1,1,1998,14,14,14,14,14,14,14,14,14,14
320063,1,1,1998,0,0,0,0,0,0,0,0,0,0
320064,1,1,1998,0,0,0,0,0,0,0,0,0,0
320064,2,1,1998,0,0,0,0,0,0,0,0,0,0
320065,1,1,1998,5,5,5,5,5,5,5,5,5,5
320065,2,1,1998,0,0,0,9,0,0,0,0,0,0
320066,1,1,1998,0,0,0,0,0,0,0,0,0,0
320066,2,1,1998,0,0,0,0,0,0,0,0,0,0
320067,1,1,1998,0,0,0,0,0,0,0,0,0,0
320068,1,1,1998,0,0,0,0,0,0,0,0,0,0
320068,2,1,1998,0,0,0,0,0,0,0,2,0,0
320069,1,1,1998,0,0,0,0,0,0,0,0,0,0
320069,2,1,1998,0,0,0,0,0,0,0,0,0,0
320070,1,1,1998,0,0,0,0,0,0,0,0,0,0
320070,2,1,1998,0,0,0,0,0,0,0,0,0,0
320071,1,1,1998,0,0,0,0,0,0,0,0,0,0
320072,1,1,1998,0,0,0,0,0,0,0,0,0,0
320073,1,1,1998,18,18,18,18,18,18,18,18,18,18
320074,0,1,1998,0,15,44,0,0,8,12,0,0,0
320074,1,1,1998,7,7,7,7,7,7,7,7,7,7
320075,1,1,1998,0,0,0,0,0,5,0,7,30,0
320075,2,1,1998,0,5,17,15,9,7,22,8,16,0
320076,1,1,1998,23,23,23,23,23,23,23,23,23,23
320076,2,1,1998,0,0,0,0,0,0,0,0,0,0
320077,1,1,1998,0,0,0,0,0,0,0,0,9,0
320077,2,1,1998,0,0,0,0,0,0,0,0,0,0
320078,1,1,1998,0,0,0,0,0,0,0,0,0,0
320078,2,1,1998,0,0,0,0,0,0,0,0,0,0
320079,1,1,1998,0,0,0,0,0,0,0,0,0,0
320079,2,1,1998,0,0,0,0,0,0,0,0,0,0
320080,1,1,1998,2,2,2,2,2,2,2,2,2,2
320081,1,1,1998,0,0,0,16,0,7,0,0,0,0
320082,1,1,1998,0,0,0,0,0,0,0,0,0,0
320082,2,1,1998,0,0,0,0,0,0,0,0,0,0
320083,1,1,1998,0,0,0,0,0,0,0,0,0,0
320084,1,1,1998,0,0,0,0,0,0,0,0,0,0
320084,2,1,1998,0,0,0,0,0,0,0,0,0,0
320085,1,1,1998,0,0,0,0,0,0,0,0,0,0
320085,2,1,1998,0,0,0,0,0,0,0,0,0,0
320085,3,1,1998,0,0,0,0,0,0,0,0,0,0
320086,0,1,1998,0,0,0,0,0,0,0,0,0,0
320086,1,1,1998,0,0,0,0,0,0,0,0,0,0
320087,1,1,1998,0,0,0,0,0,0,0,0,0,0
320087,2,1,1998,0,0,0,0,0,0,0,0,0,0
320088,1,1,1998,20,20,20,20,20,20,20,20,20,20
320089,1,1,1998,0,0,0,0,0,0,0,0,0,0
320090,1,1,1998,0,0,0,0,0,0,0,0,0,0
320091,1,1,1998,0,14,18,0,0,0,0,0,0,0
320091,2,1,1998,0,0,0,0,0,0,0,0,0,0
320092,1,1,1998,0,0,0,0,0,0,0,0,0,0
320092,2,1,1998,0,0,0,5,0,0,0,0,0,0
320093,1,1,1998,11,7,32,19,0,11,5,7,0,9
320094,1,1,1998,12,12,12,12,12,12,12,12,12,12
320095,1,1,1998,2,2,2,2,2,2,2,2,2,2
320095,2,1,1998,0,0,0,0,0,0,0,0,0,0
320095,3,1,1998,0,0,0,0,0,0,0,0,0,0
320095,4,1,1998,0,0,0,0,0,0,0,0,0,0
320095,5,1,1998,0,0,0,0,0,0,0,0,0,0
320095,6,1,1998,5,16,0,0,11,0,0,0,0,0
320095,7,1,1998,0,0,0,0,0,0,0,0,0,0
320096,1,1,1998,2,2,2,2,2,2,2,2,2,2
320097,0,1,1998,0,0,0,0,0,0,0,0,0,0
320097,1,1,1998,0,0,0,0,0,0,0,0,0,0
320098,1,1,1998,28,0,20,25,0,23,0,23,0,0
320099,1,1,1998,0,0,0,0,0,15,0,0,0,0
320099,2,1,1998,0,0,0,0,0,0,0,0,0,0
320100,0,1,1998,22,22,22,22,22,22,22,22,22,22
320100,1,1,1998,2,2,2,2,2,2,2,2,2,2
320101,0,1,1998,15,3,14,20,9,5,18,33,27,17
320101,1,1,1998,0,0,0,0,0,0,0,0,14,0
320102,1,1,1998,0,0,0,0,0,0,0,0,0,0
320102,2,1,1998,0,0,0,0,0,0,0,0,0,0
320103,1,1,1998,0,0,0,0,0,0,0,0,0,0
320103,2,1,1998,16,0,0,15,9,0,0,21,0,19
320104,1,1,1998,2,2,2,2,2,2,2,2,2,2
320105,0,1,1998,23,23,23,23,23,23,23,23,23,23
320105,1,1,1998,19,19,19,19,19,19,19,19,19,19
320106,0,1,1998,0,0,0,0,0,0,0,0,0,0
320106,1,1,1998,0,0,0,0,0,0,0,0,0,0
320107,1,1,1998,0,0,0,7,0,0,0,0,0,0
320107,2,1,1998,0,0,12,0,10,0,0,19,0,0
320108,1,1,1998,0,0,0,0,0,0,0,0,0,0
320109,1,1,1998,20,20,20,20,20,20,20,20,20,20
320109,2,1,1998,0,0,0,0,0,10,0,0,23,12
320110,1,1,1998,0,20,0,7,0,0,0,0,0,0
320110,2,1,1998,7,7,7,7,7,7,7,7,7,7
320111,0,1,1998,13,24,17,25,74,8,17,29,21,39
320111,1,1,1998,0,0,11,0,0,0,0,0,0,0
320112,1,1,1998,9,9,9,9,9,9,9,9,9,9
320113,1,1,1998,2,2,2,2,2,2,2,2,2,2
320113,2,1,1998,0,14,16,3,0,0,0,23,16,0
320114,0,1,1998,0,0,0,0,0,0,0,0,0,0
320114,1,1,1998,13,13,13,13,13,13,13,13,13,13
320115,1,1,1998,27,27,27,27,27,27,27,27,27,27
320116,1,1,1998,0,0,0,0,0,0,0,0,0,0
320117,1,1,1998,0,0,0,0,0,0,0,0,0,0
320117,2,1,1998,18,18,18,18,18,18,18,18,18,18
320118,0,1,1998,33,33,33,33,33,33,33,33,33,33
320118,1,1,1998,8,21,0,7,0,0,0,0,0,0
320119,0,1,1998,34,34,34,34,34,34,34,34,34,34
320119,1,1,1998,18,18,18,18,18,18,18,18,18,18
320119,2,1,1998,0,0,16,14,9,10,9,0,0,0
320119,3,1,1998,18,8,0,22,0,7,0,0,0,16
320119,4,1,1998,20,33,0,0,0,0,0,0,0,13
320120,1,1,1998,0,0,0,0,0,0,0,0,0,0
320120,2,1,1998,0,0,0,0,0,0,0,0,0,0
320121,0,1,1998,12,12,12,12,12,12,12,12,12,12
320121,1,1,1998,0,0,0,0,0,0,0,0,0,0
320122,1,1,1998,20,20,20,20,20,20,20,20,20,20
320123,1,1,1998,0,0,0,0,0,0,0,0,0,0
320124,0,1,1998,19,19,19,19,19,19,19,19,19,19
320124,0,2,1998,20,20,20,20,20,20,20,20,20,20
320124,1,1,1998,0,0,0,0,0,0,0,0,0,0
320125,1,1,1998,0,0,0,0,0,0,0,0,0,0
320126,1,1,1998,0,0,0,0,0,0,0,0,0,0
320127,1,1,1998,26,26,26,26,26,26,26,26,26,26
320128,1,1,1998,0,0,0,0,0,0,0,0,0,0
320128,2,1,1998,0,0,0,0,0,0,0,0,0,0
320129,1,1,1998,0,0,0,0,0,0,0,0,0,0
320129,2,1,1998,0,0,0,0,0,0,0,0,0,0
320130,1,1,1998,0,0,0,0,0,0,0,0,0,0
320131,1,1,1998,0,0,0,0,0,0,0,0,0,0
320131,2,1,1998,0,0,0,0,0,0,0,0,0,0
320132,1,1,1998,7,7,7,7,7,7,7,7,7,7
320132,2,1,1998,0,0,0,0,0,0,0,0,0,0
320133,1,1,1998,24,24,24,24,24,24,24,24,24,24
320133,2,1,1998,19,0,0,10,0,0,0,0,0,0
320134,1,1,1998,0,0,0,0,0,0,0,0,0,0
320134,2,1,1998,0,0,0,0,0,0,0,0,0,0
320134,3,1,1998,0,0,0,0,0,0,0,0,0,0
320135,1,1,1998,0,0,0,0,0,0,0,0,0,0
320135,2,1,1998,0,0,0,0,0,0,0,0,0,0
320136,1,1,1998,0,0,0,0,0,0,0,0,0,0
320136,2,1,1998,0,0,0,0,0,15,0,12,0,0
320136,3,1,1998,0,0,0,0,0,0,0,5,0,0
320137,1,1,1998,20,20,20,20,20,20,20,20,20,20
320138,1,1,1998,0,0,0,0,0,0,0,0,0,0
320139,1,1,1998,2,2,2,2,2,2,2,2,2,2
320139,2,1,1998,0,0,0,0,0,0,0,0,0,0
320140,1,1,1998,0,0,0,0,0,0,0,0,0,0
320140,2,1,1998,0,0,0,0,0,0,0,0,0,0
320141,0,1,1998,0,0,0,0,0,0,0,0,0,0
320141,1,1,1998,0,0,0,0,0,0,0,0,0,0
320142,1,1,1998,0,0,0,0,10,0,0,0,0,0
320142,2,1,1998,0,0,0,0,0,0,0,0,0,0
320143,1,1,1998,0,0,0,0,0,0,0,0,0,0
320144,1,1,1998,20,20,20,20,20,20,20,20,20,20
320145,1,1,1998,2,2,2,2,2,2,2,2,2,2
320146,1,1,1998,0,0,0,0,0,0,0,0,0,0
320146,2,1,1998,2,2,2,2,2,2,2,2,2,2
320147,1,1,1998,20,0,0,0,0,0,0,0,0,0
320147,2,1,1998,0,0,0,0,0,0,0,0,0,0
320148,1,1,1998,2,2,2,2,2,2,2,2,2,2
320148,2,1,1998,0,0,0,0,0,0,16,0,2,0
320148,3,1,1998,0,0,0,0,0,0,0,0,0,0
320148,4,1,1998,0,0,0,11,0,0,0,0,0,0
320148,5,1,1998,0,0,10,0,0,0,0,11,19,0
320148,6,1,1998,0,0,12,0,0,2,0,0,8,0
320148,7,1,1998,0,0,17,0,0,0,0,0,0,0
320148,8,1,1998,0,0,0,0,13,0,30,0,0,0
320149,1,1,1998,26,26,26,26,26,26,26,26,26,26
320150,1,1,1998,2,2,2,2,2,2,2,2,2,2
320151,2,1,1998,2,2,2,2,2,2,2,2,2,2
320152,0,1,1998,0,0,0,0,0,0,0,0,0,0
320152,1,1,1998,0,0,0,0,0,0,0,0,0,0
320153,0,1,1998,27,27,27,27,27,27,27,27,27,27
320153,1,1,1998,0,0,0,0,6,21,0,18,0,0
320153,2,1,1998,0,0,0,0,0,0,0,0,0,0
320154,1,1,1998,2,2,2,2,2,2,2,2,2,2
320155,1,1,1998,0,0,0,0,0,0,0,0,0,0
320155,2,1,1998,0,0,0,0,11,0,0,0,0,0
320155,3,1,1998,0,0,0,23,0,0,26,0,0,0
320156,1,1,1998,35,35,35,35,35,35,35,35,35,35
320157,1,1,1998,28,28,28,28,28,28,28,28,28,28
320158,1,1,1998,0,0,0,0,0,0,0,0,0,0
320159,1,1,1998,0,0,0,0,0,0,0,0,0,0
320160,1,1,1998,15,15,15,15,15,15,15,15,15,15
320161,1,1,1998,0,0,0,0,0,0,0,0,0,0
320162,2,1,1998,0,0,0,0,0,20,0,0,0,18
320163,0,1,1998,27,27,27,27,27,27,27,27,27,27
320163,1,1,1998,0,0,0,0,0,0,0,0,10,0
320163,2,1,1998,0,0,0,18,0,0,0,0,0,0
320163,3,1,1998,20,0,19,0,27,0,0,0,0,0
320164,1,1,1998,0,0,0,0,0,0,0,0,0,0
320164,2,1,1998,0,0,0,0,0,0,0,0,0,0
320165,1,1,1998,18,18,18,18,18,18,18,18,18,18
320166,1,1,1998,0,0,0,0,0,0,0,0,0,0
320166,2,1,1998,0,0,0,0,0,0,0,0,0,0
320167,1,1,1998,0,0,0,0,0,0,0,0,0,0
320168,1,1,1998,13,13,13,13,13,13,13,13,13,13
320169,1,1,1998,0,0,0,0,0,0,0,0,0,0
320169,2,1,1998,0,0,0,0,0,0,0,0,0,0
320170,1,1,1998,0,0,0,0,0,0,0,0,0,0
320170,2,1,1998,0,0,0,0,0,0,0,0,0,0