ST_CASE,VEH_NO,PER_NO,YEAR,P1,P2,P3,P4,P5,P6,P7,P8,P9,P10
370263,2,1,1998,0,0,0,0,0,0,0,0,0,0
370264,0,1,1998,4,4,4,4,4,4,4,4,4,4
370264,1,1,1998,0,0,0,0,0,0,0,0,0,0
370265,0,1,1998,26,26,26,26,26,26,26,26,26,26
370265,1,1,1998,0,0,0,0,0,0,0,0,0,0
370266,1,1,1998,30,30,30,30,30,30,30,30,30,30
370267,1,1,1998,0,0,0,0,0,0,0,0,0,0
370267,2,1,1998,0,0,0,0,0,0,0,0,0,0
370268,1,1,1998,0,0,0,0,0,0,0,0,0,0
370268,2,1,1998,0,0,0,0,0,0,0,0,0,0
370269,0,1,1998,0,0,0,0,0,0,0,0,0,0
370269,1,1,1998,0,0,0,0,0,0,0,0,0,0
370270,1,1,1998,0,0,0,0,0,0,0,0,0,0
370270,2,1,1998,0,0,0,0,0,0,0,0,0,0
370271,1,1,1998,0,0,0,0,0,0,0,0,0,0
370271,2,1,1998,0,0,0,0,0,0,0,0,0,0
370272,1,1,1998,0,0,0,0,0,0,0,0,0,0
370272,2,1,1998,0,0,0,0,0,0,0,0,0,0
370272,3,1,1998,0,0,0,0,0,0,0,0,0,0
370273,1,1,1998,27,11,28,9,28,20,4,18,11,21
370273,2,1,1998,0,0,0,0,0,0,0,0,0,0
370274,1,1,1998,0,0,0,0,0,0,0,0,0,0
370274,2,1,1998,0,0,0,0,0,0,0,0,0,0
370274,3,1,1998,0,0,0,0,0,0,0,0,0,0
370275,1,1,1998,0,0,0,0,0,0,0,0,0,0
370275,2,1,1998,0,0,0,0,0,0,0,0,0,0
370276,1,1,1998,0,0,0,0,0,0,0,0,0,0
370276,2,1,1998,0,0,0,0,0,0,0,0,0,0
370277,1,1,1998,0,0,0,0,0,0,0,0,0,0
370277,2,1,1998,0,0,0,0,0,0,0,0,0,0
370278,1,1,1998,0,0,0,0,0,0,0,0,0,0
370278,2,1,1998,0,0,0,0,0,0,0,0,0,0
370279,1,1,1998,0,0,0,0,0,0,0,0,0,0
370279,2,1,1998,0,0,0,0,0,0,0,0,0,0
370280,1,1,1998,13,13,13,13,13,13,13,13,13,13
370281,1,1,1998,0,0,0,0,0,0,0,0,0,0
370281,2,1,1998,0,0,0,0,0,0,0,0,0,0
370282,1,1,1998,0,0,0,0,0,0,0,0,0,0
370283,1,1,1998,0,0,0,0,0,0,0,0,0,0
370283,2,1,1998,0,0,0,0,0,0,0,0,0,0
370284,1,1,1998,0,0,0,0,0,0,0,0,0,0
370284,2,1,1998,0,0,0,0,0,0,0,0,0,0
370285,1,1,1998,0,0,0,0,0,0,0,0,0,0
370285,2,1,1998,0,0,0,0,0,0,0,0,0,0
370286,1,1,1998,0,0,0,0,0,0,0,0,0,0
370286,2,1,1998,0,0,0,0,0,0,0,0,0,0
370287,1,1,1998,0,0,0,0,0,0,0,0,0,0
370288,1,1,1998,0,0,0,0,0,0,0,0,0,0
370288,2,1,1998,0,0,0,0,0,0,0,0,0,0
370289,1,1,1998,0,0,0,0,0,0,0,0,0,0
370290,1,1,1998,0,0,0,0,0,0,0,0,0,0
370291,1,1,1998,29,29,29,29,29,29,29,29,29,29
370291,2,1,1998,0,0,0,0,0,0,0,0,0,0
370292,1,1,1998,0,0,0,18,25,0,0,8,38,0
370292,2,1,1998,0,0,0,0,0,0,0,0,0,0
370293,1,1,1998,0,0,0,0,0,0,0,0,0,0
370294,1,1,1998,0,0,0,0,0,0,0,0,0,0
370294,2,1,1998,0,0,0,0,0,0,0,0,0,0
370295,0,1,1998,0,0,0,0,0,0,0,0,0,0
370295,1,1,1998,0,4,0,0,0,0,0,0,0,0
370296,1,1,1998,17,17,17,17,17,17,17,17,17,17
370297,0,1,1998,0,0,0,0,0,0,0,0,0,0
370297,1,1,1998,0,0,0,0,0,0,0,0,0,0
370298,1,1,1998,0,0,0,0,0,0,0,0,0,0
370298,2,1,1998,2,2,2,2,2,2,2,2,2,2
370300,1,1,1998,0,0,0,0,0,0,0,0,0,0
370301,1,1,1998,0,0,0,0,0,0,0,0,0,0
370302,1,1,1998,17,17,17,17,17,17,17,17,17,17
370302,2,1,1998,0,0,0,0,0,0,0,0,0,0
370303,1,1,1998,0,0,0,0,0,0,0,0,0,0
370304,1,1,1998,7,32,18,9,7,10,13,16,13,9
370305,1,1,1998,0,0,0,0,0,0,0,0,0,0
370305,2,1,1998,0,0,0,0,0,0,0,0,0,0
370305,3,1,1998,0,0,0,0,0,0,0,0,0,0
370306,1,1,1998,0,0,0,0,0,0,0,0,0,0
370306,2,1,1998,0,0,0,0,16,0,0,0,0,0
370307,1,1,1998,0,0,0,0,0,0,0,0,0,0
370307,2,1,1998,0,0,0,0,0,0,0,0,0,0
370308,0,1,1998,20,20,20,20,20,20,20,20,20,20
370308,1,1,1998,22,0,0,9,13,0,21,0,0,0
370309,1,1,1998,0,0,0,0,0,0,0,0,0,0
370310,1,1,1998,0,0,0,0,0,0,0,0,0,0
370310,2,1,1998,7,15,0,0,0,0,0,0,0,0
370311,1,1,1998,0,0,0,0,0,0,0,0,0,0
370312,1,1,1998,0,0,0,0,0,0,0,0,0,0
370312,2,1,1998,0,0,0,0,0,0,0,12,0,0
370313,1,1,1998,7,13,20,18,28,18,16,13,17,30
370314,1,1,1998,0,0,0,0,0,0,0,0,0,0
370314,2,1,1998,0,0,0,18,0,0,0,0,0,0
370315,1,1,1998,0,0,0,0,0,0,0,0,0,0
370315,2,1,1998,0,0,0,0,0,0,0,0,0,0
370316,0,1,1998,0,0,0,0,0,0,0,0,0,0
370316,1,1,1998,0,0,0,0,0,0,16,0,0,0
370317,1,1,1998,0,0,0,0,0,0,0,0,0,0
370318,1,1,1998,0,0,0,0,0,0,0,0,0,0
370318,2,1,1998,0,0,0,0,0,0,0,0,0,0
370319,1,1,1998,0,0,0,0,0,0,0,0,0,0
370320,1,1,1998,0,0,0,0,0,0,0,0,0,0
370320,2,1,1998,0,0,0,0,0,0,0,0,0,0
370321,1,1,1998,0,0,0,0,0,0,0,0,0,0
370321,2,1,1998,0,0,0,0,0,0,0,0,0,0
370322,1,1,1998,22,27,11,21,26,17,4,4,18,19
370322,2,1,1998,0,0,0,0,0,0,0,0,0,0
370323,1,1,1998,0,0,0,0,0,0,0,0,0,0
370324,0,1,1998,22,22,22,22,22,22,22,22,22,22
370324,1,1,1998,0,0,10,14,0,9,0,0,0,0
370325,1,1,1998,0,0,0,0,0,5,13,0,0,0
370326,1,1,1998,0,0,0,0,0,0,0,0,0,0
370326,2,1,1998,25,0,0,0,32,0,0,0,18,2
370327,1,1,1998,0,0,0,0,0,0,0,0,0,0
370328,1,1,1998,0,0,0,0,0,0,0,0,0,0
370329,1,1,1998,0,0,0,0,0,0,0,0,0,0
370329,2,1,1998,0,0,0,0,0,0,0,0,0,0
370330,1,1,1998,0,0,0,0,0,0,0,0,0,0
370330,2,1,1998,0,0,0,0,0,0,0,0,0,0
370331,1,1,1998,0,0,0,0,0,0,0,0,0,0
370331,2,1,1998,0,0,0,0,0,0,0,0,0,0
370332,1,1,1998,18,18,18,18,18,18,18,18,18,18
370333,1,1,1998,0,0,0,0,0,0,0,0,0,0
370333,2,1,1998,0,0,0,0,0,0,0,0,0,0
370334,1,1,1998,0,0,0,0,0,0,0,0,0,0
370335,1,1,1998,0,0,0,0,0,0,0,0,0,0
370335,2,1,1998,0,0,0,0,0,0,0,0,0,0
370335,3,1,1998,0,0,3,0,0,0,0,0,0,0
370336,1,1,1998,0,0,0,0,0,0,0,0,0,0
370337,1,1,1998,13,0,0,0,0,16,16,15,0,4
370338,1,1,1998,0,18,14,0,0,15,20,13,18,0
370339,1,1,1998,0,0,0,0,0,0,0,0,0,0
370339,2,1,1998,0,0,0,0,0,0,0,0,0,7
370340,1,1,1998,0,0,0,0,0,0,0,0,0,0
370340,2,1,1998,0,0,0,0,0,0,0,0,0,0
370341,1,1,1998,0,0,0,0,0,0,0,0,0,0
370341,2,1,1998,0,0,0,0,18,0,0,15,0,0
370342,0,1,1998,27,27,27,27,27,27,27,27,27,27
370342,1,1,1998,0,0,0,0,0,0,0,0,0,0
370343,1,1,1998,0,0,0,0,0,0,0,0,0,0
370343,2,1,1998,0,0,0,0,0,0,0,0,0,0
370344,1,1,1998,0,0,0,0,0,0,0,0,0,0
370345,1,1,1998,0,0,0,0,0,0,0,0,0,0
370346,1,1,1998,0,0,0,0,0,0,0,0,0,0
370346,2,1,1998,0,0,0,14,0,0,0,0,0,0
370347,1,1,1998,0,0,0,0,0,0,0,0,0,0
370347,2,1,1998,0,0,0,0,0,0,0,0,0,0
370348,1,1,1998,0,0,0,0,0,0,0,0,0,0
370349,1,1,1998,0,22,31,11,6,18,18,24,17,21
370350,1,1,1998,0,0,0,0,0,0,0,8,0,0
370350,2,1,1998,15,25,17,0,20,0,14,12,5,18
370351,1,1,1998,0,0,0,0,0,0,0,0,0,0
370352,1,1,1998,0,0,0,0,0,0,0,0,0,0
370352,2,1,1998,0,0,0,0,0,0,0,0,0,0
370353,1,1,1998,0,0,0,0,0,0,0,0,0,0
370353,2,1,1998,0,0,0,0,0,0,0,0,0,0
370354,1,1,1998,11,13,11,10,17,6,7,0,0,15
370354,2,1,1998,0,0,0,0,0,0,0,0,0,0
370355,1,1,1998,0,0,0,0,0,0,0,0,0,0
370355,2,1,1998,0,0,0,0,0,0,0,0,0,0
370356,1,1,1998,0,0,0,0,0,0,0,0,0,0
370357,1,1,1998,0,0,0,0,0,0,0,0,0,0
370359,1,1,1998,0,0,0,0,0,0,0,0,0,0
370360,1,1,1998,21,21,21,21,21,21,21,21,21,21
370362,1,1,1998,0,0,0,0,0,0,0,0,0,0
370362,2,1,1998,0,0,0,0,0,0,0,0,0,0
370363,1,1,1998,0,0,0,0,0,0,0,0,0,0
370364,1,1,1998,0,0,0,0,0,0,0,0,0,0
370364,2,1,1998,0,0,0,0,0,17,0,20,19,0
370365,0,1,1998,0,0,0,0,0,0,0,0,14,0
370365,1,1,1998,0,0,0,0,0,0,0,0,0,0
370366,1,1,1998,0,0,0,0,0,0,0,0,0,0
370366,2,1,1998,0,0,0,0,0,0,0,0,0,0
370367,0,1,1998,4,4,4,4,4,4,4,4,4,4
370367,1,1,1998,0,0,0,0,0,0,0,0,0,8
370368,1,1,1998,0,0,0,0,0,0,0,0,0,0
370368,2,1,1998,0,0,0,0,0,0,0,0,0,0
370369,1,1,1998,23,24,13,12,11,31,19,17,0,0
370370,1,1,1998,0,0,0,0,0,0,0,0,0,0
370370,2,1,1998,0,0,0,0,0,0,0,0,0,0
370370,3,1,1998,0,0,0,0,0,0,0,0,0,0
370371,1,1,1998,0,0,0,0,0,0,0,0,0,0
370373,1,1,1998,0,0,0,0,0,0,0,0,0,0
370373,2,1,1998,0,0,0,0,0,0,0,0,0,0
370374,0,1,1998,0,0,0,0,0,0,0,0,0,0
370374,1,1,1998,0,0,0,0,0,0,0,0,0,0
370375,1,1,1998,0,0,0,0,0,0,0,0,0,0
370375,2,1,1998,0,0,0,0,0,0,0,0,0,0
370376,1,1,1998,0,0,0,0,0,0,0,0,0,0
370377,1,1,1998,19,19,19,19,19,19,19,19,19,19
370378,1,1,1998,0,12,0,0,21,0,0,0,0,9
370379,1,1,1998,0,0,0,0,0,0,0,0,0,0
370380,0,1,1998,0,0,0,0,0,0,0,0,0,0
370380,1,1,1998,0,0,0,0,0,0,0,0,5,0
370381,1,1,1998,0,0,0,0,0,0,0,0,0,0
370382,1,1,1998,0,0,0,0,0,0,0,16,0,0
370383,1,1,1998,0,0,0,0,0,0,0,0,0,0
370384,1,1,1998,0,0,0,0,0,0,0,0,0,0
370385,1,1,1998,0,0,0,0,0,0,0,0,0,0
370386,0,1,1998,0,0,0,0,0,0,0,0,0,0
370386,1,1,1998,0,0,0,0,0,0,0,0,0,0
370387,1,1,1998,0,0,0,0,0,0,0,0,0,0
370387,2,1,1998,0,0,0,0,0,0,0,0,0,0
370388,1,1,1998,0,0,0,0,0,0,0,0,0,0
370388,2,1,1998,0,0,0,0,0,0,0,0,0,0
370389,0,1,1998,0,15,10,0,25,34,29,0,24,0
370389,1,1,1998,0,0,0,0,0,0,0,0,0,0
370389,2,1,1998,3,0,0,0,0,0,0,0,0,0
370390,1,1,1998,27,27,27,27,27,27,27,27,27,27
370391,1,1,1998,0,0,0,0,0,0,0,0,0,0
370391,2,1,1998,0,0,0,0,0,0,0,0,0,0
370392,1,1,1998,0,0,0,0,0,0,0,0,0,0
370393,1,1,1998,13,19,16,22,25,5,13,13,20,16
370394,1,1,1998,0,0,0,0,0,0,0,0,0,0
370394,2,1,1998,0,0,0,0,0,0,0,0,0,0
370395,1,1,1998,0,0,0,0,0,0,0,0,0,0
370395,2,1,1998,0,0,0,0,0,0,0,0,0,0
370396,1,1,1998,11,16,10,10,10,5,12,4,16,5
370397,0,1,1998,0,0,0,0,0,0,0,0,0,0
370397,1,1,1998,0,0,0,0,0,0,0,11,0,0
370398,1,1,1998,0,0,0,0,0,0,0,0,0,0
370398,2,1,1998,19,19,19,19,19,19,19,19,19,19
370399,1,1,1998,23,23,23,23,23,23,23,23,23,23
370399,2,1,1998,0,0,0,0,0,0,0,0,0,0
370400,1,1,1998,0,18,4,17,32,12,0,0,3,29
370401,1,1,1998,0,0,0,0,0,0,0,0,0,0
370401,2,1,1998,0,0,0,0,0,0,0,0,0,0
370402,1,1,1998,0,0,0,0,0,0,0,0,0,0
370402,2,1,1998,0,0,0,0,0,0,0,0,0,0
370403,1,1,1998,0,0,0,0,0,0,0,0,0,0
370403,2,1,1998,0,0,0,0,0,0,0,0,0,0
370404,1,1,1998,5,0,0,0,0,0,0,0,0,0
370404,2,1,1998,22,3,12,10,22,5,14,21,10,12
370405,1,1,1998,0,0,0,0,0,0,0,0,0,0
370406,1,1,1998,24,11,19,13,8,28,19,19,3,20
370407,1,1,1998,0,0,0,0,0,0,0,0,0,0
370408,1,1,1998,11,22,0,5,21,13,24,29,19,12
370409,1,1,1998,53,53,53,53,53,53,53,53,53,53
370410,1,1,1998,0,25,10,18,12,10,7,15,27,9
370410,2,1,1998,0,0,0,0,0,0,0,0,0,0
370411,1,1,1998,37,37,37,37,37,37,37,37,37,37
370412,1,1,1998,0,0,0,0,0,0,0,0,0,0
370413,1,1,1998,0,0,0,0,0,0,0,0,0,0
370414,1,1,1998,0,0,0,0,0,0,0,0,0,0
370414,2,1,1998,0,0,0,0,0,0,0,0,0,0
370414,3,1,1998,0,0,0,0,0,0,0,0,0,0
370415,1,1,1998,0,0,0,0,0,0,0,0,0,0
370415,2,1,1998,0,0,0,0,0,6,0,0,0,0
370416,1,1,1998,0,0,0,0,0,0,0,0,0,0
370416,2,1,1998,0,0,0,0,0,0,0,0,0,0
370417,1,1,1998,0,0,0,0,0,0,0,0,0,0
370417,2,1,1998,0,0,0,0,0,0,0,0,0,0
370417,3,1,1998,0,0,0,0,0,0,0,0,0,0
370417,4,1,1998,0,0,10,0,0,0,0,0,0,0
370418,1,1,1998,0,0,0,0,0,0,0,0,0,0
370418,2,1,1998,0,0,0,0,0,0,0,0,0,0
370418,3,1,1998,0,0,0,0,0,0,0,0,0,0
370418,4,1,1998,0,0,0,0,0,0,0,0,0,0
370419,1,1,1998,0,0,0,0,0,0,0,0,0,0
370419,2,1,1998,0,0,0,0,0,0,0,0,0,0
370420,1,1,1998,10,10,10,10,10,10,10,10,10,10
370420,2,1,1998,0,0,0,0,0,0,0,0,0,0
370421,1,1,1998,0,0,0,0,0,0,0,0,0,0
370422,0,1,1998,0,0,0,0,0,0,0,0,0,0
370422,1,1,1998,0,0,0,0,0,0,0,0,0,0
370423,1,1,1998,0,0,0,0,0,0,0,0,0,0
370424,1,1,1998,0,0,0,0,0,0,0,0,0,0
370424,2,1,1998,0,0,0,0,0,25,0,0,0,0
370425,1,1,1998,0,0,0,0,0,0,0,0,0,0
370425,2,1,1998,0,0,0,0,0,0,0,0,0,0
370426,1,1,1998,0,0,0,0,0,0,0,0,0,0
370426,2,1,1998,0,0,0,0,0,0,0,0,0,0
370427,1,1,1998,0,0,0,0,0,0,0,0,0,0
370427,2,1,1998,0,0,0,0,0,0,0,0,0,0
370428,1,1,1998,0,0,0,0,0,0,0,0,0,0
370428,2,1,1998,0,0,0,0,0,0,0,0,0,0
370429,0,1,1998,20,15,0,12,50,13,8,17,20,34
370429,1,1,1998,4,4,32,13,8,4,12,3,0,13
370430,0,1,1998,0,13,18,26,9,0,8,32,29,25
370430,1,1,1998,0,0,0,0,0,0,0,0,0,7
370431,1,1,1998,0,0,0,0,0,0,0,0,0,0
370431,2,1,1998,0,0,0,0,0,0,0,0,4,0
370432,1,1,1998,0,18,0,0,32,7,0,0,0,0
370433,1,1,1998,0,0,0,0,0,0,0,0,0,0
370434,1,1,1998,0,0,0,0,0,6,0,0,0,0
370435,0,1,1998,11,11,11,11,11,11,11,11,11,11
370435,1,1,1998,13,23,12,21,19,10,20,15,5,15
370436,1,1,1998,12,12,12,12,12,12,12,12,12,12
370437,1,1,1998,0,0,0,0,0,0,0,0,0,0
370437,2,1,1998,0,0,0,0,0,0,0,0,0,0
370438,1,1,1998,0,0,6,0,0,0,0,0,0,0
370438,2,1,1998,0,0,0,0,0,0,0,0,0,0
370439,1,1,1998,0,0,0,0,0,0,0,0,0,0
370439,2,1,1998,0,0,0,0,0,0,0,0,0,0
370440,1,1,1998,0,0,0,0,0,0,0,0,0,0
370441,1,1,1998,0,0,0,0,0,0,0,0,0,0
370442,1,1,1998,0,0,5,0,0,0,0,0,25,0
370443,1,1,1998,11,29,21,18,19,17,25,19,20,15
370444,0,1,1998,0,0,0,0,0,0,0,0,0,0
370444,1,1,1998,0,0,0,0,0,0,0,0,0,0
370445,1,1,1998,0,0,0,0,0,0,0,0,0,0
370445,2,1,1998,15,15,15,15,15,15,15,15,15,15
370446,1,1,1998,0,0,0,0,0,0,0,0,0,0
370446,2,1,1998,0,0,0,0,0,0,0,0,0,0
370447,1,1,1998,0,0,0,0,0,0,0,0,0,0
370448,1,1,1998,0,0,0,0,0,0,0,0,0,0
370448,2,1,1998,0,0,0,0,0,0,0,0,0,0
370449,1,1,1998,0,0,0,0,0,0,0,0,0,0
370450,1,1,1998,0,0,0,0,0,0,0,0,0,0
370450,2,1,1998,0,0,0,0,0,0,0,0,0,0
370450,3,1,1998,0,0,0,0,0,0,0,0,0,0
370451,1,1,1998,0,0,0,0,0,0,0,0,0,0
370451,2,1,1998,0,0,0,14,0,17,0,0,0,0
370452,1,1,1998,0,0,0,0,0,0,0,0,0,0
370453,1,1,1998,0,0,0,0,0,0,0,0,0,0
370453,2,1,1998,0,0,0,0,0,0,0,0,0,0
370454,0,1,1998,0,0,0,0,0,0,0,0,0,0
370454,1,1,1998,0,0,0,0,0,0,0,0,0,0
370455,1,1,1998,24,14,0,15,21,0,0,16,0,10
370455,2,1,1998,0,0,0,0,0,0,0,0,0,0
370456,1,1,1998,0,0,0,0,0,0,0,0,0,0
370456,2,1,1998,0,0,0,0,0,0,0,0,0,0
370457,0,1,1998,20,35,14,21,31,14,27,37,31,35
370457,1,1,1998,14,0,12,10,19,21,11,12,10,6
370458,1,1,1998,28,28,28,28,28,28,28,28,28,28
370459,1,1,1998,0,0,0,0,7,0,0,0,16,11
370459,2,1,1998,0,0,0,0,0,0,0,0,0,0
370460,1,1,1998,15,15,15,15,15,15,15,15,15,15
370461,1,1,1998,0,0,0,0,0,0,0,0,0,0
370461,2,1,1998,0,0,0,0,0,0,0,0,0,0
370463,1,1,1998,0,0,0,0,0,0,0,0,0,0
370463,2,1,1998,0,0,0,0,0,0,0,0,0,0
370463,3,1,1998,0,0,0,0,0,0,0,0,0,0
370463,4,1,1998,0,0,0,0,0,0,0,0,0,0
370465,1,1,1998,0,0,0,0,0,0,0,0,9,0
370465,2,1,1998,0,0,0,0,0,0,0,0,0,0
370465,3,1,1998,0,0,0,0,0,0,0,0,0,0
370466,1,1,1998,26,26,26,26,26,26,26,26,26,26
370466,2,1,1998,0,0,0,12,0,0,0,14,0,0
370467,1,1,1998,0,0,0,0,0,0,0,0,0,0
370467,2,1,1998,0,0,0,0,0,0,0,0,0,0
370467,3,1,1998,0,0,0,0,0,0,0,0,0,0
370468,0,1,1998,0,0,0,0,0,0,0,0,0,0
370468,0,2,1998,0,0,0,0,0,0,0,0,0,0
370468,1,1,1998,0,0,0,0,0,0,0,0,0,0
370469,1,1,1998,9,9,9,9,9,9,9,9,9,9
370470,1,1,1998,0,0,0,0,0,0,0,0,0,0
370471,1,1,1998,0,0,0,0,0,0,0,0,0,0
370472,1,1,1998,0,0,0,0,0,0,0,0,0,16
370472,2,1,1998,0,0,0,0,0,0,0,0,0,0
370473,1,1,1998,0,0,0,0,0,0,0,0,0,0
370473,2,1,1998,0,0,5,0,0,0,0,0,0,0
370474,1,1,1998,0,0,0,0,0,0,0,0,0,0
370474,2,1,1998,14,14,14,14,14,14,14,14,14,14
370475,1,1,1998,0,0,0,0,0,0,0,0,0,0
370476,0,1,1998,4,4,4,4,4,4,4,4,4,4
370477,1,1,1998,0,0,0,0,0,0,0,0,0,0
370477,2,1,1998,0,0,0,0,0,0,0,0,0,0
370478,1,1,1998,0,0,0,0,0,0,0,0,0,0
370479,0,1,1998,20,20,20,20,20,20,20,20,20,20
370479,1,1,1998,0,0,0,0,0,0,0,0,0,0
370480,1,1,1998,0,0,0,0,0,0,0,0,0,0
370480,2,1,1998,0,0,0,0,0,0,18,10,0,0
370481,1,1,1998,13,12,10,22,15,12,6,14,13,7
370481,2,1,1998,0,0,0,0,0,0,0,0,0,0
370482,1,1,1998,0,0,0,0,0,0,0,0,0,0
370483,1,1,1998,0,0,0,0,0,0,0,0,0,0
370484,1,1,1998,0,0,0,0,0,0,0,0,0,0
370485,1,1,1998,0,0,0,0,0,0,0,0,0,0
370485,2,1,1998,0,0,0,0,0,0,0,14,0,0
370485,3,1,1998,0,0,0,0,0,0,0,0,0,0
370486,1,1,1998,0,0,0,0,0,0,0,0,0,0
370487,1,1,1998,13,13,13,13,13,13,13,13,13,13
370487,2,1,1998,0,0,0,0,0,0,0,0,0,0
370488,1,1,1998,0,0,0,0,0,0,0,0,0,0
370488,2,1,1998,0,0,0,0,0,0,0,0,0,0
370489,0,1,1998,17,17,17,17,17,17,17,17,17,17
370489,1,1,1998,0,0,0,0,0,0,0,0,0,0
370490,0,1,1998,0,0,0,0,0,0,0,0,0,0
370490,0,2,1998,0,0,0,0,0,0,0,0,0,0
370490,0,3,1998,0,14,0,0,0,0,0,18,0,0
370490,1,1,1998,0,0,0,0,0,0,0,0,0,0
370490,2,1,1998,0,0,0,0,0,0,0,0,0,0
370490,4,1,1998,0,0,0,0,0,0,0,0,0,0
370490,5,1,1998,0,0,0,0,0,0,0,0,0,0
370491,1,1,1998,0,0,0,0,0,0,0,0,0,0
370492,1,1,1998,0,0,0,0,0,0,0,0,0,0
370492,2,1,1998,0,0,0,0,0,0,0,0,0,0
370492,3,1,1998,0,0,0,0,0,0,0,0,0,0
370492,4,1,1998,0,0,0,0,0,0,0,0,0,0
370493,1,1,1998,0,13,0,0,0,0,16,0,0,0
370493,2,1,1998,0,0,0,0,0,0,0,10,0,0
370494,1,1,1998,0,18,12,7,23,0,13,12,13,24
370495,1,1,1998,13,13,13,13,13,13,13,13,13,13
370496,1,1,1998,0,0,0,0,0,0,0,0,0,0
370496,2,1,1998,0,0,0,0,0,0,0,0,0,0
370497,1,1,1998,0,0,0,0,0,0,0,0,0,0
370498,1,1,1998,0,0,0,0,0,0,0,0,0,0
370498,2,1,1998,0,0,0,0,0,0,0,0,0,0
370499,1,1,1998,25,25,22,19,17,16,23,22,25,14
370500,1,1,1998,13,13,10,0,7,0,9,0,2,6
370500,2,1,1998,0,0,0,0,0,0,0,0,0,0
370501,1,1,1998,0,0,0,0,0,0,0,0,0,0
370501,2,1,1998,0,0,0,0,0,0,6,0,0,0
370502,1,1,1998,0,0,0,0,0,0,0,0,0,0
370503,1,1,1998,0,0,0,0,0,0,0,0,0,0
370504,1,1,1998,0,0,0,0,0,0,0,0,0,6
370505,1,1,1998,0,0,0,0,0,0,0,0,0,0
370506,1,1,1998,19,19,19,19,19,19,19,19,19,19
370507,1,1,1998,0,0,0,0,0,0,0,0,0,10
370507,2,1,1998,0,0,0,0,0,0,0,0,0,0
370508,1,1,1998,0,3,0,0,0,8,0,21,0,0
370508,2,1,1998,0,0,0,0,0,0,0,0,0,0
370508,3,1,1998,0,0,0,0,0,0,0,0,42,0
370509,1,1,1998,11,11,11,11,11,11,11,11,11,11
370510,1,1,1998,0,0,0,0,0,0,0,0,0,0
370510,2,1,1998,0,0,0,0,0,0,0,0,0,0
370511,1,1,1998,31,31,31,31,31,31,31,31,31,31
370512,1,1,1998,0,0,0,0,0,0,0,0,0,0
370513,1,1,1998,0,0,0,0,0,0,0,0,0,0
370513,2,1,1998,0,0,0,0,0,0,0,0,0,0
370514,1,1,1998,0,0,0,0,0,0,0,0,0,0
370515,1,1,1998,21,9,0,0,0,0,0,0,0,5
370516,1,1,1998,16,12,28,26,12,12,8,0,19,16
370517,1,1,1998,14,0,0,0,9,13,0,0,0,13
370518,0,1,1998,29,29,29,29,29,29,29,29,29,29
370518,1,1,1998,0,0,0,8,0,0,0,0,0,0
370519,1,1,1998,0,0,0,0,0,0,0,0,0,0
370521,1,1,1998,0,0,0,0,0,0,0,0,0,0
370522,1,1,1998,0,0,0,0,0,0,0,0,0,0
370523,0,1,1998,15,29,0,15,8,5,0,14,24,0
370523,1,1,1998,0,0,0,0,0,0,0,0,0,0
370524,1,1,1998,0,0,0,0,0,0,0,0,0,0
370524,2,1,1998,0,0,0,0,0,0,0,22,0,0
370525,1,1,1998,0,0,0,0,0,0,0,0,0,0
370525,2,1,1998,0,0,0,0,0,0,0,0,0,0
370525,3,1,1998,0,0,0,0,0,0,0,0,0,0
370526,1,1,1998,0,0,0,0,0,0,0,0,0,0
370526,2,1,1998,0,13,0,0,0,0,0,0,0,0
370527,1,1,1998,0,0,0,0,0,0,0,0,0,0
370528,1,1,1998,0,0,0,0,0,0,0,0,0,0
370528,2,1,1998,0,0,0,0,0,0,0,0,0,0
370529,1,1,1998,0,0,0,0,0,0,0,0,0,0
370529,2,1,1998,0,0,0,0,0,0,0,0,0,0
370529,3,1,1998,0,0,0,0,0,0,0,0,0,0
370529,4,1,1998,0,0,0,0,0,0,0,0,0,0
370529,5,1,1998,0,0,0,0,0,0,0,0,0,0
370529,6,1,1998,0,0,0,0,0,0,0,0,0,0
370529,7,1,1998,0,0,0,0,0,0,0,0,0,0
370530,1,1,1998,24,24,24,24,24,24,24,24,24,24
370530,2,1,1998,0,0,0,0,0,0,0,0,0,0
370531,1,1,1998,18,18,18,18,18,18,18,18,18,18
370532,1,1,1998,4,19,30,15,13,27,15,0,21,28
370533,1,1,1998,0,6,0,2,9,22,4,7,15,12
370534,0,1,1998,0,0,0,0,9,0,0,0,0,0
370534,1,1,1998,0,0,0,0,0,0,0,0,0,0
370535,1,1,1998,0,0,0,0,0,0,0,0,0,0
370535,2,1,1998,7,13,9,9,12,36,7,20,16,9
370536,1,1,1998,0,0,0,0,0,0,0,0,0,0
370536,2,1,1998,0,0,0,0,0,0,0,0,0,0
370537,1,1,1998,14,14,14,14,14,14,14,14,14,14
370538,0,1,1998,0,0,0,0,0,0,0,0,0,0
370538,1,1,1998,0,0,0,0,0,0,0,0,0,0
370539,1,1,1998,0,0,0,0,0,0,0,0,0,0
370540,0,1,1998,11,11,11,11,11,11,11,11,11,11
370540,1,1,1998,0,6,0,0,0,10,0,0,0,0
370541,1,1,1998,0,0,0,0,0,0,0,0,0,0
370542,1,1,1998,24,24,24,24,24,24,24,24,24,24
370543,1,1,1998,0,0,0,0,0,0,0,0,0,0
370543,2,1,1998,11,11,11,11,11,11,11,11,11,11
370544,1,1,1998,0,8,0,0,5,0,0,0,0,0
370544,2,1,1998,0,0,0,0,0,0,0,0,0,0
370545,1,1,1998,0,0,0,0,0,0,0,0,0,0
370545,2,1,1998,0,0,0,0,0,0,0,0,0,0