ST_CASE,VEH_NO,PER_NO,YEAR,P1,P2,P3,P4,P5,P6,P7,P8,P9,P10
371102,1,1,1998,19,19,19,19,19,19,19,19,19,19
371103,1,1,1998,0,3,0,0,0,0,0,0,23,0
371104,1,1,1998,0,0,0,0,0,0,0,0,0,0
371105,1,1,1998,21,0,0,0,18,0,0,28,0,0
371106,1,1,1998,0,11,7,9,0,0,0,0,15,12
371106,2,1,1998,0,0,0,0,0,0,0,0,0,0
371107,1,1,1998,0,0,0,0,0,0,0,0,0,0
371107,2,1,1998,0,0,0,0,0,0,0,0,0,0
371108,1,1,1998,0,0,0,0,0,0,0,0,0,0
371109,0,1,1998,17,0,0,0,0,13,0,0,0,0
371109,1,1,1998,9,9,0,9,11,20,9,10,13,17
371110,1,1,1998,0,0,0,0,0,0,0,0,0,0
371111,1,1,1998,0,0,0,0,0,0,0,0,0,0
371111,2,1,1998,21,16,29,11,8,0,13,3,20,3
371112,1,1,1998,21,21,21,21,21,21,21,21,21,21
371113,1,1,1998,0,0,0,0,0,0,0,0,0,0
371113,2,1,1998,0,0,0,0,0,0,0,0,0,0
371114,1,1,1998,0,0,0,0,0,0,0,0,0,0
371114,2,1,1998,0,0,0,0,0,23,0,0,0,0
371115,1,1,1998,0,0,0,0,0,0,0,0,0,0
371115,2,1,1998,0,0,0,0,0,0,0,12,0,0
371116,1,1,1998,0,0,0,0,0,0,0,0,0,0
371116,2,1,1998,0,0,0,0,0,0,0,0,0,0
371117,1,1,1998,0,0,0,0,0,0,0,0,0,0
371117,2,1,1998,0,0,0,0,0,0,0,0,0,0
371118,1,1,1998,0,0,0,0,0,0,0,0,0,0
371118,2,1,1998,0,0,0,0,0,0,0,0,0,0
371119,1,1,1998,0,0,0,0,0,0,0,0,0,0
371120,1,1,1998,0,0,0,0,0,0,0,0,0,0
371120,2,1,1998,0,0,0,0,0,0,0,0,0,0
371121,1,1,1998,10,12,23,18,12,18,20,15,7,21
371122,1,1,1998,0,0,0,0,0,0,0,0,0,0
371123,0,1,1998,27,0,0,0,0,4,20,0,0,0
371123,1,1,1998,0,0,0,0,0,0,0,0,0,0
371124,1,1,1998,0,0,0,0,0,0,0,0,0,0
371125,1,1,1998,0,0,0,0,0,0,0,0,0,0
371125,2,1,1998,0,0,0,0,0,0,0,0,0,0
371126,1,1,1998,0,0,0,0,0,0,0,0,0,0
371127,1,1,1998,0,0,0,0,0,0,0,0,0,0
371127,2,1,1998,0,0,0,0,0,0,0,0,0,0
371128,1,1,1998,0,0,0,0,0,0,0,0,0,0
371128,2,1,1998,0,0,0,0,0,0,0,0,0,0
371128,3,1,1998,0,0,0,0,0,0,0,0,0,0
371128,4,1,1998,0,0,0,0,0,0,0,0,0,0
371128,5,1,1998,0,0,0,0,0,0,0,0,0,0
371128,6,1,1998,0,0,0,0,0,0,0,0,0,0
371129,1,1,1998,0,0,0,0,0,0,0,0,0,0
371130,1,1,1998,0,0,0,0,0,0,0,0,0,0
371130,2,1,1998,0,0,0,0,0,0,0,0,0,0
371131,1,1,1998,0,0,0,0,0,0,0,0,0,0
371132,1,1,1998,0,0,0,0,0,0,0,0,0,0
371133,1,1,1998,16,16,16,16,16,16,16,16,16,16
371134,1,1,1998,0,0,0,0,0,0,0,0,0,0
371134,2,1,1998,0,0,0,0,0,0,0,0,0,0
371135,1,1,1998,43,43,43,43,43,43,43,43,43,43
371136,1,1,1998,0,0,0,0,0,0,0,0,0,0
371136,2,1,1998,21,29,0,19,14,6,21,11,30,7
371137,0,1,1998,0,0,0,0,0,0,0,0,0,0
371137,1,1,1998,0,0,0,0,0,0,0,0,0,0
371138,1,1,1998,15,15,15,15,15,15,15,15,15,15
371138,2,1,1998,0,0,0,0,0,0,0,0,0,0
371139,0,1,1998,0,26,0,0,0,0,0,0,0,0
371139,1,1,1998,0,0,0,0,0,0,0,0,0,0
371140,1,1,1998,32,32,32,32,32,32,32,32,32,32
371141,1,1,1998,0,0,0,0,0,0,0,0,0,0
371141,2,1,1998,0,0,0,0,0,0,0,0,0,0
371141,3,1,1998,0,0,0,0,0,0,0,0,0,0
371142,1,1,1998,24,11,26,30,6,15,14,7,3,11
371143,1,1,1998,0,0,0,12,0,0,0,0,5,0
371144,1,1,1998,0,14,0,0,18,11,13,0,9,0
371144,2,1,1998,0,0,0,0,0,0,0,0,0,0
371145,0,1,1998,0,0,0,0,0,0,0,0,0,0
371145,1,1,1998,0,0,0,0,0,0,0,0,0,0
371146,1,1,1998,0,0,0,0,0,7,0,0,0,0
371146,2,1,1998,0,0,0,0,0,0,0,0,0,0
371146,3,1,1998,0,0,0,0,0,0,0,0,0,0
371147,0,1,1998,0,0,0,0,0,0,0,0,0,0
371147,1,1,1998,0,0,0,0,0,0,0,0,0,0
371148,1,1,1998,0,0,0,0,0,0,0,0,0,0
371148,2,1,1998,0,0,0,0,0,0,0,0,0,0
371149,1,1,1998,0,0,0,0,0,18,21,0,0,0
371150,1,1,1998,0,0,0,0,0,0,0,0,0,0
371151,0,1,1998,0,0,0,0,0,0,0,0,0,0
371151,1,1,1998,0,0,0,0,0,0,0,0,0,0
371152,1,1,1998,7,7,7,7,7,7,7,7,7,7
371153,1,1,1998,0,0,0,0,0,0,0,0,0,0
371153,2,1,1998,19,0,0,0,0,0,0,0,0,0
371154,1,1,1998,31,31,31,31,31,31,31,31,31,31
371155,0,1,1998,0,0,0,0,0,0,0,0,0,0
371155,1,1,1998,0,15,0,0,0,14,6,18,11,13
371156,1,1,1998,0,0,0,0,0,0,0,0,0,0
371157,1,1,1998,0,0,0,0,0,0,0,0,0,0
371157,2,1,1998,0,0,0,0,0,0,0,0,0,0
371157,3,1,1998,0,0,0,0,0,0,0,0,0,0
371158,1,1,1998,15,27,13,10,11,12,23,21,12,13
371158,2,1,1998,0,0,0,0,0,0,0,0,0,0
371159,1,1,1998,0,0,0,0,0,0,0,0,0,7
371159,2,1,1998,3,3,3,3,3,3,3,3,3,3
371160,1,1,1998,20,13,15,19,11,13,16,18,12,13
371161,1,1,1998,0,0,0,0,0,0,0,0,0,0
371161,2,1,1998,0,0,0,0,0,0,0,0,0,0
371162,0,1,1998,0,4,18,27,33,25,33,39,12,21
371162,1,1,1998,15,0,23,0,0,0,0,0,4,3
371163,1,1,1998,0,0,0,0,0,0,0,0,0,0
371163,2,1,1998,0,0,0,0,0,0,0,0,0,0
371164,0,1,1998,0,14,0,31,0,0,0,0,0,0
371164,1,1,1998,0,0,0,0,0,0,0,0,0,0
371165,1,1,1998,7,0,0,0,10,0,0,4,0,0
371166,0,1,1998,30,30,30,30,30,30,30,30,30,30
371166,1,1,1998,0,0,0,0,0,0,0,0,0,0
371167,1,1,1998,7,19,22,4,7,32,6,10,26,23
371168,1,1,1998,0,0,0,0,0,0,0,0,0,0
371168,2,1,1998,0,0,0,0,0,0,0,0,0,0
371169,0,1,1998,47,47,47,47,47,47,47,47,47,47
371169,1,1,1998,0,0,0,0,0,0,0,0,0,0
371170,0,1,1998,17,17,17,17,17,17,17,17,17,17
371170,1,1,1998,17,17,17,17,17,17,17,17,17,17
371171,0,1,1998,0,0,0,27,0,0,20,0,0,0
371171,1,1,1998,0,0,26,0,0,0,0,0,0,13
371171,2,1,1998,0,0,0,0,0,0,0,0,0,0
371172,1,1,1998,13,13,13,13,13,13,13,13,13,13
371173,1,1,1998,0,0,0,0,0,0,0,0,0,0
371173,2,1,1998,0,0,0,0,0,0,0,0,0,0
371174,0,1,1998,20,20,20,20,20,20,20,20,20,20
371174,1,1,1998,0,0,0,0,0,0,0,0,0,0
371175,1,1,1998,20,20,20,20,20,20,20,20,20,20
371176,1,1,1998,0,0,0,0,0,0,0,0,0,0
371176,2,1,1998,0,0,0,0,0,0,0,0,0,0
371177,0,1,1998,18,18,18,18,18,18,18,18,18,18
371177,1,1,1998,9,20,30,7,8,6,7,15,2,26
371178,0,1,1998,19,19,19,19,19,19,19,19,19,19
371178,1,1,1998,0,0,0,0,19,0,0,0,0,0
371179,0,1,1998,16,16,16,16,16,16,16,16,16,16
371179,0,2,1998,0,17,30,8,8,0,13,0,49,17
371179,1,1,1998,0,0,0,0,0,0,0,0,0,0
371180,1,1,1998,8,6,10,6,2,3,6,3,9,2
371180,2,1,1998,9,17,19,22,12,0,18,12,9,25
371181,0,1,1998,0,0,0,0,0,0,0,0,0,0
371181,1,1,1998,0,0,0,0,0,0,0,0,0,0
371182,1,1,1998,15,19,16,17,22,14,14,5,14,20
371183,1,1,1998,0,0,0,0,0,0,8,0,0,0
371183,2,1,1998,0,0,0,0,0,0,0,0,0,0
371184,1,1,1998,0,0,0,0,0,0,0,0,0,0
371185,1,1,1998,0,0,0,0,0,0,0,0,0,0
371185,2,1,1998,0,11,0,0,0,0,0,0,0,0
371186,1,1,1998,0,0,0,0,0,0,0,0,0,0
371186,2,1,1998,0,0,0,0,0,0,0,0,0,0
371186,3,1,1998,0,0,0,0,0,0,0,0,6,0
371186,4,1,1998,0,0,0,0,0,0,9,0,0,0
371186,5,1,1998,0,0,0,0,0,0,0,0,0,0
371186,6,1,1998,0,0,0,0,0,0,0,0,0,0
371187,0,1,1998,15,19,45,11,30,32,29,28,15,15
371187,1,1,1998,0,0,0,0,0,0,0,0,0,0
371188,1,1,1998,4,4,4,4,4,4,4,4,4,4
371189,1,1,1998,19,19,19,19,19,19,19,19,19,19
371189,2,1,1998,0,0,0,0,0,0,0,0,0,0
371189,3,1,1998,0,0,0,0,0,0,0,0,0,0
371189,4,1,1998,0,0,0,0,7,9,0,0,0,16
371190,1,1,1998,0,0,0,0,0,0,0,0,0,0
371191,1,1,1998,14,14,14,14,14,14,14,14,14,14
371191,2,1,1998,0,0,0,0,0,0,0,0,0,0
371192,0,1,1998,27,27,27,27,27,27,27,27,27,27
371192,1,1,1998,0,4,0,0,0,0,0,0,10,0
371193,1,1,1998,17,4,0,9,19,0,0,17,20,13
371194,1,1,1998,0,0,0,0,0,0,0,0,0,0
371194,2,1,1998,0,0,0,0,0,0,0,0,0,0
371195,1,1,1998,0,0,0,0,0,0,0,0,0,0
371195,2,1,1998,0,0,0,0,0,0,0,0,0,0
371196,1,1,1998,0,0,0,0,0,0,0,0,0,0
371196,2,1,1998,0,0,0,0,0,0,0,0,0,0
371197,0,1,1998,12,12,12,12,12,12,12,12,12,12
371197,1,1,1998,12,9,6,28,15,11,0,13,8,8
371198,1,1,1998,0,0,0,0,0,0,0,0,0,0
371198,2,1,1998,0,0,0,0,0,0,0,0,0,0
371199,1,1,1998,0,0,0,0,0,0,0,0,0,0
371200,1,1,1998,0,0,0,0,0,0,16,0,0,0
371201,1,1,1998,0,0,0,0,0,0,0,0,0,0
371201,2,1,1998,0,0,0,0,0,0,0,0,0,0
371202,1,1,1998,14,14,14,14,14,14,14,14,14,14
371203,1,1,1998,0,0,0,0,0,0,0,0,0,0
371203,2,1,1998,0,0,0,0,0,0,0,0,0,0
371203,3,1,1998,0,0,0,0,0,0,0,0,0,0
371203,4,1,1998,0,0,0,0,0,0,0,0,0,0
371203,5,1,1998,0,0,0,0,0,0,0,0,0,0
371204,0,1,1998,0,0,0,0,0,0,0,0,0,0
371204,1,1,1998,0,0,0,0,0,0,9,0,0,0
371205,0,1,1998,38,38,38,38,38,38,38,38,38,38
371205,1,1,1998,0,0,0,0,0,0,0,0,0,0
371206,1,1,1998,0,0,0,0,0,0,0,0,0,0
371206,2,1,1998,0,0,0,0,0,0,0,0,0,0
371207,1,1,1998,0,0,13,0,0,0,0,0,0,0
371208,1,1,1998,0,0,0,0,0,0,0,0,0,0
371209,1,1,1998,0,0,0,0,0,0,0,0,0,0
371210,1,1,1998,0,0,0,0,0,0,0,0,0,0
371211,1,1,1998,0,0,0,0,0,0,0,0,0,0
371211,2,1,1998,0,0,0,0,0,0,0,0,0,0
371211,3,1,1998,0,0,0,0,0,0,0,0,0,0
371212,1,1,1998,12,12,12,12,12,12,12,12,12,12
371213,1,1,1998,0,0,0,0,0,0,0,0,4,0
371214,1,1,1998,0,0,0,0,0,0,0,0,0,0
371214,2,1,1998,0,0,0,0,0,0,0,0,0,0
371215,1,1,1998,0,0,0,4,0,0,0,0,0,0
371215,2,1,1998,0,0,0,0,0,0,0,0,0,0
371216,1,1,1998,26,28,11,8,22,0,18,7,15,24
371216,2,1,1998,0,0,0,0,0,0,0,0,0,0
371217,1,1,1998,0,0,0,0,0,0,0,0,0,0
371218,1,1,1998,0,0,0,0,0,0,0,0,0,0
371218,2,1,1998,0,0,9,0,0,14,0,7,0,0
371219,1,1,1998,0,0,0,0,0,0,0,0,0,0
371219,2,1,1998,0,0,0,0,11,0,0,0,0,0
371220,1,1,1998,12,12,12,12,12,12,12,12,12,12
371221,1,1,1998,0,22,19,16,11,17,24,19,12,17
371222,1,1,1998,0,15,15,0,7,7,9,5,12,5
371223,1,1,1998,12,14,14,24,15,20,24,20,15,4
371224,0,1,1998,36,36,36,36,36,36,36,36,36,36
371224,1,1,1998,0,15,0,0,0,22,22,0,9,16
371225,0,1,1998,11,0,20,0,43,27,27,0,33,0
371225,0,2,1998,32,26,19,15,2,26,32,20,22,32
371225,1,1,1998,4,0,0,6,0,0,0,0,0,0
371226,0,1,1998,0,0,0,0,0,0,0,0,0,0
371226,1,1,1998,0,0,0,0,0,0,0,0,0,0
371227,1,1,1998,0,0,0,0,0,0,0,0,0,0
371227,2,1,1998,0,0,0,0,0,0,0,0,0,0
371228,1,1,1998,0,0,0,0,0,0,0,0,0,0
371228,2,1,1998,0,0,0,0,0,0,0,0,0,0
371228,3,1,1998,0,0,0,0,0,0,0,0,0,0
371229,1,1,1998,0,0,0,0,0,0,0,0,0,0
371229,2,1,1998,0,0,0,0,0,0,0,0,0,0
371229,3,1,1998,0,0,0,0,0,0,0,0,0,0
371230,1,1,1998,0,0,0,0,0,0,0,0,0,0
371230,2,1,1998,0,0,0,0,0,0,0,0,0,0
371231,1,1,1998,0,0,0,0,0,0,0,0,0,0
371231,2,1,1998,0,0,0,0,0,0,0,0,0,0
371232,1,1,1998,0,0,0,0,0,11,0,0,0,0
371233,1,1,1998,0,0,0,0,0,0,0,0,0,0
371233,2,1,1998,0,0,0,0,0,0,0,0,0,0
371234,0,1,1998,0,0,0,0,0,0,0,0,0,0
371234,1,1,1998,0,0,0,0,0,0,0,0,0,0
371235,1,1,1998,0,0,0,0,0,0,0,0,0,0
371235,2,1,1998,0,0,0,0,0,0,0,0,0,0
371236,1,1,1998,29,29,29,29,29,29,29,29,29,29
371237,1,1,1998,0,0,0,0,0,0,0,0,0,0
371237,2,1,1998,0,0,0,0,0,0,0,0,0,0
371238,1,1,1998,0,0,0,0,0,0,0,0,0,0
371238,2,1,1998,0,0,0,0,0,0,0,0,0,0
371239,1,1,1998,0,0,0,0,0,0,0,0,0,0
371239,2,1,1998,0,23,20,0,19,0,22,0,12,0
371240,1,1,1998,0,0,21,0,0,0,25,17,7,0
371241,1,1,1998,0,0,0,0,0,0,0,0,0,0
371241,2,1,1998,0,0,0,0,0,0,0,0,0,0
371242,1,1,1998,0,0,12,0,0,16,0,5,0,20
371242,2,1,1998,0,0,0,0,0,0,0,0,0,0
371243,0,1,1998,0,0,0,0,0,0,0,0,0,0
371243,1,1,1998,0,0,4,0,0,0,0,0,0,0
371244,1,1,1998,0,0,0,0,0,0,0,0,0,0
371244,2,1,1998,0,0,0,0,0,0,0,0,0,0
371245,0,1,1998,12,0,0,0,0,0,0,6,0,0
371245,1,1,1998,0,0,0,0,0,12,0,0,0,0
371246,1,1,1998,0,0,0,0,0,0,0,0,0,0
371247,1,1,1998,0,0,0,0,0,0,0,0,0,0
371247,2,1,1998,0,0,0,0,0,0,0,0,0,0
371248,1,1,1998,0,0,0,0,0,0,0,0,0,0
371249,0,1,1998,0,0,0,0,0,0,0,0,0,0
371249,1,1,1998,0,0,0,0,0,0,0,0,0,0
371250,0,1,1998,35,14,23,13,27,18,22,11,27,8
371250,1,1,1998,0,0,0,0,0,0,0,10,0,11
371251,1,1,1998,0,0,0,0,0,0,0,0,0,0
371252,1,1,1998,0,0,0,0,0,0,0,0,0,0
371253,1,1,1998,0,33,0,0,0,0,0,0,0,0
371253,2,1,1998,0,21,0,14,0,0,0,0,16,0
371254,1,1,1998,0,0,0,0,0,0,0,0,0,0
371254,2,1,1998,0,0,0,0,0,0,0,0,0,0
371255,1,1,1998,35,0,0,0,5,0,0,23,0,15
371257,1,1,1998,16,16,16,21,27,11,16,7,25,13
371258,0,1,1998,24,0,9,19,20,32,0,0,28,0
371258,1,1,1998,0,0,0,0,0,6,0,0,0,0
371259,1,1,1998,15,16,9,9,12,12,7,0,0,9
371259,2,1,1998,0,0,0,0,0,0,0,0,0,0
371260,1,1,1998,0,0,0,0,0,0,0,0,0,0
371260,2,1,1998,25,25,25,25,25,25,25,25,25,25
371261,1,1,1998,0,0,0,0,0,0,0,0,0,0
371261,2,1,1998,0,0,0,0,0,0,0,0,0,0
371262,0,1,1998,21,14,25,19,36,50,28,36,14,10
371262,1,1,1998,0,0,0,0,0,0,0,0,0,0
371263,1,1,1998,14,14,14,14,14,14,14,14,14,14
371264,1,1,1998,18,18,18,18,18,18,18,18,18,18
371265,1,1,1998,0,0,0,0,0,1,0,7,5,0
371266,1,1,1998,7,7,7,7,7,7,7,7,7,7
371267,1,1,1998,0,0,0,0,0,0,0,12,0,0
371267,2,1,1998,17,17,17,17,17,17,17,17,17,17
371268,1,1,1998,0,0,0,0,0,0,0,0,0,0
371268,2,1,1998,0,0,0,0,0,0,0,0,0,0
371269,0,1,1998,0,0,0,0,0,0,0,0,0,0
371269,1,1,1998,0,0,0,0,0,0,0,0,0,0
371270,0,1,1998,0,0,0,0,0,0,0,0,0,0
371270,1,1,1998,8,8,20,10,12,10,6,0,19,15
371271,1,1,1998,16,16,16,16,16,16,16,16,16,16
371272,1,1,1998,0,0,0,0,0,0,0,0,0,0
371272,2,1,1998,12,29,31,27,22,0,9,17,12,6
371273,1,1,1998,0,0,0,0,0,0,0,0,0,0
371273,2,1,1998,0,0,0,0,0,0,0,0,0,0
371274,1,1,1998,14,14,14,14,14,14,14,14,14,14
371275,1,1,1998,22,22,22,22,22,22,22,22,22,22
371276,1,1,1998,0,0,0,0,0,0,0,0,0,0
371276,2,1,1998,0,0,0,0,0,0,0,0,0,0
371277,0,1,1998,11,25,0,29,18,22,20,9,20,21
371277,1,1,1998,0,0,0,0,0,0,0,10,0,0
371278,1,1,1998,0,0,0,0,0,0,0,0,0,0
371278,2,1,1998,0,0,0,0,0,0,0,0,0,0
371279,0,1,1998,25,25,25,25,25,25,25,25,25,25
371279,1,1,1998,0,0,0,0,0,0,0,0,0,0
371280,0,1,1998,0,0,0,0,0,0,0,0,0,0
371280,1,1,1998,16,0,0,0,0,0,0,0,0,0
371281,1,1,1998,0,0,0,0,0,0,0,0,0,0
371281,2,1,1998,0,0,0,0,0,0,0,0,0,0
371281,3,1,1998,0,0,0,0,0,0,0,0,0,0
371282,1,1,1998,0,0,0,0,0,0,0,0,0,0
371282,2,1,1998,0,0,0,0,0,0,0,0,0,0
371283,1,1,1998,0,0,0,0,0,0,0,0,0,0
371283,2,1,1998,0,0,0,0,0,0,0,0,0,0
371284,1,1,1998,13,13,13,13,13,13,13,13,13,13
371285,1,1,1998,0,0,0,0,0,0,0,0,0,0
371285,2,1,1998,0,0,0,0,0,0,0,0,0,0
371286,1,1,1998,23,23,23,23,23,23,23,23,23,23
371286,2,1,1998,0,0,0,0,0,0,0,0,0,0
371287,1,1,1998,24,4,36,19,14,0,21,11,8,11
371288,1,1,1998,0,0,0,0,0,0,0,0,19,0
371288,2,1,1998,0,0,0,0,0,0,0,0,0,0
371289,1,1,1998,0,0,0,0,0,0,0,0,0,0
371289,2,1,1998,0,0,0,0,0,0,0,0,0,0
371290,1,1,1998,44,44,44,44,44,44,44,44,44,44
371291,1,1,1998,0,0,0,0,0,0,0,0,0,0
371291,2,1,1998,0,0,0,0,0,0,0,0,0,0
371292,0,1,1998,0,0,0,0,0,0,0,0,0,0
371292,1,1,1998,0,0,0,0,0,0,0,0,0,0
371293,1,1,1998,0,0,0,0,0,0,0,0,0,0
371293,2,1,1998,0,0,0,0,0,0,0,0,0,0
371294,1,1,1998,0,0,0,0,0,0,0,0,0,0
371294,2,1,1998,0,0,0,0,0,0,0,0,0,0
371294,3,1,1998,0,0,0,19,0,0,0,0,0,0
371295,1,1,1998,0,0,0,0,0,0,0,0,0,0
371295,2,1,1998,0,0,0,0,0,0,0,0,0,0
371296,1,1,1998,0,0,0,0,0,0,0,0,0,0
371296,2,1,1998,0,0,0,0,0,0,0,0,0,0
371296,3,1,1998,0,0,0,0,0,0,0,0,0,14
371297,0,1,1998,25,25,25,25,25,25,25,25,25,25
371297,1,1,1998,0,0,0,0,0,0,0,0,0,0
371298,1,1,1998,0,0,0,0,0,0,0,0,0,0
371298,2,1,1998,0,0,0,0,0,0,0,0,0,0
371299,1,1,1998,0,0,0,0,0,0,0,0,0,0
371299,2,1,1998,0,0,0,0,0,0,0,0,0,0
371300,1,1,1998,15,15,15,15,15,15,15,15,15,15
371301,1,1,1998,0,0,0,0,0,0,0,0,0,0
371301,2,1,1998,0,5,0,0,0,0,0,0,0,0
371302,1,1,1998,0,0,0,0,0,0,0,0,0,0
371302,2,1,1998,0,0,0,0,0,0,0,0,0,0
371303,1,1,1998,9,7,18,0,5,0,18,9,5,17
371303,2,1,1998,6,6,6,6,6,6,6,6,6,6
371304,1,1,1998,0,0,0,0,0,0,0,0,0,0
371304,2,1,1998,0,0,0,0,0,0,0,0,0,0
371305,1,1,1998,0,0,0,0,0,0,0,0,0,0
371306,1,1,1998,18,18,18,18,18,18,18,18,18,18
371307,1,1,1998,0,0,0,0,0,0,0,0,0,0
371308,0,1,1998,36,36,36,36,36,36,36,36,36,36
371308,1,1,1998,0,0,0,0,0,0,0,0,0,0
371309,1,1,1998,2,2,2,2,2,2,2,2,2,2
371309,2,1,1998,0,0,0,0,0,0,0,0,10,0
371309,3,1,1998,0,0,0,0,0,0,0,0,0,0
371310,1,1,1998,0,11,0,0,0,0,0,0,0,0
371310,2,1,1998,0,0,0,0,0,0,0,0,0,0
371311,0,1,1998,31,27,21,28,10,8,10,30,6,24
371311,1,1,1998,0,0,0,0,0,0,0,14,0,5
371312,0,1,1998,0,14,0,0,12,34,28,0,0,23
371312,1,1,1998,0,0,0,0,0,0,0,0,0,0
371313,1,1,1998,19,17,23,17,26,21,13,29,17,25
371314,1,1,1998,0,0,0,0,0,0,0,0,0,0
371315,1,1,1998,0,0,0,0,0,0,0,0,0,0
371315,2,1,1998,14,16,7,18,16,21,10,19,17,21
371316,1,1,1998,0,0,0,0,0,0,0,0,0,0
371316,2,1,1998,0,0,0,0,0,0,0,0,0,0
371317,0,1,1998,0,0,0,0,0,0,0,0,0,0
371317,1,1,1998,0,0,0,0,0,0,0,0,0,0
371318,1,1,1998,13,13,13,13,13,13,13,13,13,13
371319,1,1,1998,0,0,0,0,0,0,0,0,3,0
371320,1,1,1998,0,11,16,11,21,10,3,41,21,11
371321,1,1,1998,0,0,0,0,0,0,0,0,0,0
371321,2,1,1998,0,0,0,0,0,0,0,0,0,0
371322,1,1,1998,0,0,0,0,0,0,0,0,0,0
371322,2,1,1998,0,0,0,0,0,0,0,0,0,0
371322,3,1,1998,0,0,0,0,0,0,0,0,0,0
371323,1,1,1998,0,0,0,0,0,0,0,0,0,0
371323,2,1,1998,0,0,0,0,0,0,0,0,0,4
371324,1,1,1998,0,0,0,0,0,0,0,0,0,0
371325,1,1,1998,0,0,0,0,0,0,0,0,0,0
371325,2,1,1998,0,0,0,0,0,0,0,0,0,0
371326,1,1,1998,0,0,0,0,0,0,0,0,0,0
371327,1,1,1998,0,0,0,0,0,0,0,0,0,0
371328,1,1,1998,19,26,16,11,23,29,10,12,0,12
371329,0,1,1998,0,0,0,0,0,0,0,0,0,0
371329,1,1,1998,0,0,0,0,0,0,0,0,0,0
371330,1,1,1998,0,0,0,0,0,0,0,0,0,0
371331,1,1,1998,0,0,0,0,0,0,0,0,0,0
371331,2,1,1998,0,0,0,0,0,0,0,0,0,0
371332,1,1,1998,0,0,0,0,0,0,0,0,0,0
371332,2,1,1998,0,0,0,0,0,0,0,0,0,0
371333,1,1,1998,23,23,23,23,23,23,23,23,23,23
371334,1,1,1998,12,12,12,12,12,12,12,12,12,12
371334,2,1,1998,0,0,0,0,0,0,0,0,0,0
371335,1,1,1998,13,13,13,13,13,13,13,13,13,13
371336,1,1,1998,0,0,0,0,0,0,0,0,0,0
371336,2,1,1998,0,0,0,0,0,0,0,0,0,0
371337,1,1,1998,0,0,0,0,0,0,0,0,0,0
371338,1,1,1998,0,0,0,0,0,0,0,0,0,0
371338,2,1,1998,0,0,0,0,0,0,0,0,0,0
371339,1,1,1998,7,9,22,3,15,21,15,13,3,22
371340,1,1,1998,0,0,0,0,0,0,0,0,0,0
371340,2,1,1998,0,0,0,0,0,0,0,0,0,0
371341,1,1,1998,0,0,0,0,0,0,0,0,0,0
371342,1,1,1998,13,13,13,13,13,13,13,13,13,13
371343,1,1,1998,0,0,0,0,0,0,0,0,0,0
371343,2,1,1998,0,0,0,0,0,0,0,0,0,0
371344,1,1,1998,33,33,33,33,33,33,33,33,33,33
371345,1,1,1998,0,0,8,0,0,0,0,0,0,0
371345,2,1,1998,0,0,0,0,0,0,0,0,0,0
371345,3,1,1998,0,0,0,0,0,0,0,0,0,0
371346,1,1,1998,0,0,0,0,0,0,0,0,0,0
371346,2,1,1998,0,0,0,0,0,0,0,0,0,0
371347,1,1,1998,0,0,0,0,0,0,0,0,0,0
371347,2,1,1998,0,0,0,0,0,0,0,0,0,0
371348,1,1,1998,32,0,9,20,0,19,21,0,27,25
371349,1,1,1998,3,22,14,7,17,17,25,17,11,7
371350,1,1,1998,0,0,0,0,0,0,0,0,0,0
371350,2,1,1998,15,14,0,0,0,0,0,0,0,0
371351,1,1,1998,0,0,0,0,0,0,0,0,0,0
371351,2,1,1998,9,38,21,25,0,0,0,4,8,0
371352,1,1,1998,0,0,0,0,0,0,0,0,0,0
371352,2,1,1998,0,0,0,0,0,0,18,0,0,0
371353,1,1,1998,0,0,0,0,0,0,0,0,0,0
371353,2,1,1998,0,0,0,0,0,0,0,0,0,0
371354,1,1,1998,0,0,0,0,0,0,0,0,0,0
371355,1,1,1998,0,0,0,0,0,0,0,0,0,0
371355,2,1,1998,0,0,0,0,0,0,0,0,0,0
371356,0,1,1998,4,4,4,4,4,4,4,4,4,4
371356,1,1,1998,11,16,14,18,6,21,24,16,0,9
371357,1,1,1998,0,0,0,0,0,0,0,0,0,0
371357,2,1,1998,0,0,0,0,0,0,0,0,0,0
371358,1,1,1998,19,13,5,0,22,0,0,3,0,0
371359,0,1,1998,0,0,0,0,0,0,0,0,0,0
371359,1,1,1998,0,0,0,0,0,0,0,0,0,0
371360,1,1,1998,21,1,8,10,7,9,5,13,19,18
371361,1,1,1998,36,30,12,20,31,41,6,16,31,27
371362,1,1,1998,21,21,21,21,21,21,21,21,21,21
371363,1,1,1998,26,26,26,26,26,26,26,26,26,26
371364,1,1,1998,16,16,16,16,16,16,16,16,16,16
371365,1,1,1998,0,0,0,0,0,0,0,0,0,0
371366,1,1,1998,0,0,0,0,0,0,0,0,0,0
371366,2,1,1998,0,0,0,0,0,0,0,0,0,0
371367,1,1,1998,0,18,18,15,0,5,18,14,9,9
371367,2,1,1998,0,0,0,0,0,0,0,0,0,0
371368,0,1,1998,0,0,0,0,0,0,0,0,0,0
371368,1,1,1998,0,0,0,0,0,0,0,0,0,0
371369,1,1,1998,0,0,0,0,0,0,0,0,0,0
371370,0,1,1998,0,0,0,0,0,0,0,0,0,0
371370,1,1,1998,0,0,0,0,0,0,0,0,0,0