ST_CASE,VEH_NO,PER_NO,YEAR,P1,P2,P3,P4,P5,P6,P7,P8,P9,P10
390112,1,1,1998,0,0,0,0,0,0,0,0,0,0
390112,2,1,1998,0,0,0,0,0,0,0,0,0,0
390113,0,1,1998,0,0,0,0,0,0,0,0,0,0
390113,1,1,1998,0,0,0,0,0,0,9,0,0,0
390114,1,1,1998,0,0,0,0,0,0,0,0,0,0
390114,2,1,1998,0,0,0,0,0,0,0,0,0,0
390115,1,1,1998,0,0,0,0,0,0,0,0,0,0
390115,2,1,1998,0,0,0,0,0,0,0,0,0,0
390116,0,1,1998,0,0,0,0,0,0,0,0,0,0
390116,1,1,1998,0,0,0,0,0,0,0,0,0,0
390117,1,1,1998,36,36,36,36,36,36,36,36,36,36
390118,1,1,1998,15,15,15,15,15,15,15,15,15,15
390118,2,1,1998,19,11,0,18,7,8,12,0,0,0
390119,1,1,1998,19,19,19,19,19,19,19,19,19,19
390120,1,1,1998,0,19,0,0,0,0,0,12,0,0
390121,1,1,1998,19,19,19,19,19,19,19,19,19,19
390122,1,1,1998,0,0,0,0,0,0,0,0,0,0
390122,2,1,1998,29,29,29,29,29,29,29,29,29,29
390123,1,1,1998,0,0,0,0,0,0,0,0,0,0
390123,2,1,1998,0,0,0,0,0,0,0,0,0,0
390124,1,1,1998,0,0,0,0,0,0,0,0,0,0
390124,2,1,1998,0,0,0,0,0,0,0,0,0,0
390125,1,1,1998,12,12,12,12,12,12,12,12,12,12
390126,1,1,1998,15,15,15,15,15,15,15,15,15,15
390127,0,1,1998,0,0,0,0,0,0,0,0,0,0
390127,1,1,1998,0,0,0,0,0,0,0,0,0,0
390128,0,1,1998,0,0,0,0,0,0,0,0,0,0
390128,1,1,1998,0,0,0,17,0,0,0,0,0,0
390129,1,1,1998,0,0,0,0,0,0,0,0,0,0
390129,2,1,1998,22,22,22,22,22,22,22,22,22,22
390130,1,1,1998,10,8,0,0,0,0,0,0,24,0
390131,1,1,1998,16,16,16,16,16,16,16,16,16,16
390132,1,1,1998,0,0,0,0,0,0,0,0,0,0
390132,2,1,1998,0,0,0,0,0,0,0,0,0,0
390132,3,1,1998,0,0,0,0,0,0,0,0,0,0
390132,4,1,1998,0,0,0,0,0,0,0,0,0,0
390133,1,1,1998,0,0,0,0,0,0,0,0,0,0
390133,2,1,1998,0,0,0,0,0,0,0,0,0,0
390134,1,1,1998,0,0,0,0,0,0,0,0,0,0
390134,2,1,1998,0,0,0,0,0,0,0,0,0,0
390135,1,1,1998,0,0,0,0,0,0,0,0,0,0
390135,2,1,1998,0,0,0,0,0,0,0,0,0,0
390136,1,1,1998,0,0,0,0,0,0,0,0,0,0
390136,2,1,1998,0,7,0,0,0,0,0,0,0,0
390137,1,1,1998,0,0,0,0,0,0,0,0,0,0
390137,2,1,1998,0,0,0,0,0,0,0,0,0,0
390138,1,1,1998,18,18,18,18,18,18,18,18,18,18
390139,1,1,1998,0,0,0,0,0,0,0,0,0,0
390139,2,1,1998,0,0,0,0,0,0,0,0,0,0
390140,1,1,1998,0,0,0,0,0,0,0,0,0,0
390140,2,1,1998,0,0,0,0,0,0,0,0,0,0
390141,1,1,1998,0,0,0,0,0,0,0,0,0,0
390142,1,1,1998,14,0,0,0,0,0,0,0,0,0
390143,1,1,1998,0,0,0,0,0,0,0,0,0,0
390143,2,1,1998,0,0,16,0,0,0,17,3,12,0
390144,1,1,1998,12,0,0,0,0,0,21,0,0,6
390145,1,1,1998,0,0,0,0,0,0,0,0,0,0
390145,2,1,1998,0,0,0,0,0,0,0,0,0,0
390146,1,1,1998,4,4,4,4,4,4,4,4,4,4
390147,1,1,1998,0,0,0,0,0,0,0,0,0,0
390147,2,1,1998,0,0,0,0,0,0,0,0,0,0
390148,1,1,1998,23,23,23,23,23,23,23,23,23,23
390149,1,1,1998,21,21,21,21,21,21,21,21,21,21
390150,1,1,1998,0,0,0,0,0,0,0,0,0,0
390150,2,1,1998,0,0,0,0,0,0,0,0,0,0
390151,1,1,1998,0,0,0,0,0,0,0,0,0,0
390151,2,1,1998,0,0,0,0,0,0,0,0,0,0
390152,1,1,1998,0,0,0,0,0,0,0,0,0,0
390152,2,1,1998,0,0,0,0,0,0,0,0,0,0
390153,1,1,1998,0,0,0,0,0,0,0,0,0,0
390153,2,1,1998,0,0,0,0,0,0,0,0,0,0
390154,1,1,1998,0,28,6,26,19,16,12,28,11,12
390154,2,1,1998,0,0,0,0,0,0,0,0,0,0
390155,1,1,1998,0,0,0,0,0,0,0,0,0,0
390155,2,1,1998,0,0,0,0,0,0,0,0,0,0
390156,1,1,1998,0,0,0,0,0,0,0,0,0,0
390156,2,1,1998,0,0,0,0,0,0,0,0,0,0
390157,1,1,1998,0,0,0,0,0,0,0,0,0,0
390157,2,1,1998,0,0,0,0,0,0,0,0,0,13
390157,3,1,1998,0,0,0,9,0,0,0,0,0,0
390157,4,1,1998,0,0,0,0,0,0,0,0,0,0
390157,5,1,1998,0,0,0,0,0,0,0,0,0,0
390157,6,1,1998,0,0,0,0,0,0,0,0,0,0
390157,7,1,1998,0,0,0,0,0,0,0,0,0,0
390158,1,1,1998,0,0,0,0,0,0,0,0,0,0
390158,2,1,1998,0,0,0,0,0,0,0,0,0,0
390159,1,1,1998,0,0,0,0,0,0,0,0,0,0
390160,1,1,1998,0,0,0,0,0,0,0,0,0,0
390160,2,1,1998,0,0,0,0,0,0,0,0,0,0
390160,3,1,1998,0,0,0,0,0,0,0,0,0,0
390160,4,1,1998,0,0,0,0,0,0,0,0,0,0
390161,1,1,1998,6,0,0,0,0,0,0,0,0,0
390161,2,1,1998,11,11,11,11,11,11,11,11,11,11
390162,1,1,1998,0,0,0,0,0,0,0,0,0,0
390163,1,1,1998,22,22,22,22,22,22,22,22,22,22
390164,1,1,1998,25,25,25,25,25,25,25,25,25,25
390165,1,1,1998,9,32,26,17,27,0,18,24,27,28
390166,0,1,1998,0,0,0,0,0,0,0,0,0,0
390166,1,1,1998,0,0,0,0,0,0,0,0,0,0
390167,1,1,1998,16,16,16,16,16,16,16,16,16,16
390167,2,1,1998,13,6,0,0,11,0,0,0,0,0
390168,1,1,1998,7,17,0,3,7,15,4,12,12,15
390168,2,1,1998,0,0,0,0,0,0,0,0,0,0
390168,3,1,1998,0,0,0,0,0,0,0,0,0,0
390168,4,1,1998,0,0,0,0,0,0,0,0,0,0
390168,5,1,1998,0,0,0,0,0,0,0,0,0,0
390169,1,1,1998,0,0,0,0,0,0,0,0,0,0
390170,1,1,1998,0,0,0,0,0,0,0,0,0,0
390170,2,1,1998,0,0,0,0,0,0,0,0,0,0
390171,0,1,1998,0,0,0,0,0,0,0,0,0,22
390171,1,1,1998,0,0,0,0,0,0,0,0,0,0
390172,1,1,1998,22,22,22,22,22,22,22,22,22,22
390173,1,1,1998,39,39,39,39,39,39,39,39,39,39
390174,1,1,1998,0,0,0,0,0,0,0,0,0,0
390174,2,1,1998,0,0,0,0,0,0,0,0,0,0
390175,1,1,1998,12,12,12,12,12,12,12,12,12,12
390176,1,1,1998,19,19,19,19,19,19,19,19,19,19
390177,1,1,1998,0,0,0,0,0,0,0,0,0,0
390177,2,1,1998,0,0,0,0,0,0,0,0,0,0
390177,3,1,1998,0,0,0,0,0,0,0,0,0,0
390178,1,1,1998,0,0,0,0,0,0,0,0,0,0
390178,2,1,1998,19,19,19,19,19,19,19,19,19,19
390178,3,1,1998,0,0,0,0,0,13,0,0,0,0
390179,1,1,1998,16,16,16,16,16,16,16,16,16,16
390180,1,1,1998,27,27,27,27,27,27,27,27,27,27
390181,1,1,1998,0,0,0,0,0,0,0,0,0,0
390182,1,1,1998,0,0,0,0,0,0,0,0,0,0
390182,2,1,1998,0,0,0,0,0,0,0,0,0,0
390183,1,1,1998,0,0,0,0,0,0,0,0,0,0
390183,2,1,1998,0,0,0,0,0,0,0,0,0,0
390184,1,1,1998,17,0,7,6,11,13,10,0,10,0
390184,2,1,1998,0,0,0,0,0,0,0,0,0,0
390184,3,1,1998,0,0,0,0,0,0,0,0,0,0
390184,4,1,1998,0,0,0,0,0,0,0,0,0,0
390185,1,1,1998,22,22,22,22,22,22,22,22,22,22
390185,2,1,1998,0,0,19,0,0,0,0,0,0,15
390186,1,1,1998,27,27,27,27,27,27,27,27,27,27
390187,1,1,1998,0,0,0,0,0,0,0,0,0,0
390187,2,1,1998,0,0,0,0,0,0,0,0,0,0
390188,1,1,1998,0,0,0,0,16,0,0,0,0,0
390189,1,1,1998,22,22,22,22,22,22,22,22,22,22
390190,1,1,1998,0,0,0,0,0,0,0,0,0,0
390191,1,1,1998,7,7,7,7,7,7,7,7,7,7
390192,1,1,1998,18,18,18,18,18,18,18,18,18,18
390193,0,1,1998,10,10,10,10,10,10,10,10,10,10
390193,1,1,1998,0,0,0,3,0,0,0,0,0,0
390194,1,1,1998,0,0,0,0,0,0,0,0,0,0
390195,1,1,1998,0,0,0,0,0,0,0,0,0,0
390195,2,1,1998,0,0,0,0,0,0,0,0,0,0
390196,1,1,1998,0,0,0,0,0,0,0,0,0,0
390197,1,1,1998,0,0,0,0,0,0,0,0,0,0
390197,2,1,1998,0,13,0,0,0,0,0,0,0,0
390198,0,1,1998,13,13,13,13,13,13,13,13,13,13
390198,1,1,1998,0,0,0,0,0,0,0,0,0,7
390199,1,1,1998,0,0,0,0,0,0,0,9,0,0
390200,1,1,1998,0,0,0,0,0,0,0,0,0,0
390201,0,1,1998,0,0,0,0,0,0,0,0,0,0
390201,1,1,1998,0,0,0,0,0,0,0,0,0,0
390202,1,1,1998,18,18,18,18,18,18,18,18,18,18
390203,1,1,1998,0,0,0,0,0,0,0,0,0,0
390203,2,1,1998,28,0,0,0,0,0,0,0,0,0
390204,1,1,1998,24,24,24,24,24,24,24,24,24,24
390205,1,1,1998,0,0,0,0,0,0,0,0,0,0
390205,2,1,1998,0,0,0,0,0,0,0,0,0,0
390205,3,1,1998,0,0,0,0,0,0,0,0,0,0
390205,4,1,1998,0,0,0,0,0,0,0,0,0,0
390206,1,1,1998,25,25,25,25,25,25,25,25,25,25
390207,1,1,1998,0,0,0,0,0,0,0,0,0,0
390208,1,1,1998,14,14,14,14,14,14,14,14,14,14
390209,1,1,1998,20,20,20,20,20,20,20,20,20,20
390209,2,1,1998,0,0,0,0,0,0,0,0,0,0
390209,3,1,1998,0,0,0,0,0,0,0,20,0,0
390210,1,1,1998,0,0,0,0,0,0,0,0,0,0
390210,2,1,1998,0,0,0,0,0,0,0,0,0,0
390211,1,1,1998,32,32,32,32,32,32,32,32,32,32
390212,1,1,1998,21,21,21,21,21,21,21,21,21,21
390213,1,1,1998,27,27,27,27,27,27,27,27,27,27
390214,1,1,1998,0,0,0,0,0,0,0,0,0,0
390214,2,1,1998,19,12,0,0,0,4,0,8,0,0
390215,1,1,1998,0,0,0,0,0,0,0,0,0,0
390215,2,1,1998,0,0,0,0,0,0,0,0,0,0
390216,1,1,1998,0,0,0,0,0,0,0,0,0,0
390216,2,1,1998,29,29,29,29,29,29,29,29,29,29
390217,0,1,1998,10,21,0,0,23,29,17,27,30,30
390217,1,1,1998,0,0,0,0,0,0,0,0,0,0
390218,1,1,1998,0,0,0,0,0,0,0,0,0,0
390219,1,1,1998,0,0,0,0,0,0,0,0,0,0
390219,2,1,1998,0,0,0,0,0,0,0,0,0,0
390220,0,1,1998,0,0,0,0,0,0,0,0,0,0
390220,1,1,1998,0,0,0,0,0,0,0,0,0,0
390221,1,1,1998,0,0,0,0,0,0,0,0,0,0
390221,2,1,1998,0,0,0,0,0,0,0,0,0,0
390222,0,1,1998,0,0,0,0,0,0,0,0,0,0
390222,1,1,1998,28,28,28,28,28,28,28,28,28,28
390223,0,1,1998,0,0,0,10,0,0,0,0,0,0
390223,1,1,1998,0,0,0,0,0,0,0,0,0,0
390224,1,1,1998,0,0,0,0,0,0,0,0,0,0
390224,2,1,1998,0,0,0,0,0,0,0,0,0,0
390224,3,1,1998,0,0,0,0,0,0,0,0,0,0
390225,1,1,1998,0,0,0,0,0,0,0,0,0,0
390226,1,1,1998,0,0,0,0,0,0,0,0,0,0
390227,1,1,1998,0,0,0,0,0,0,0,0,0,0
390227,2,1,1998,0,0,0,0,0,0,0,0,0,0
390227,3,1,1998,0,0,0,0,0,0,0,0,0,0
390228,1,1,1998,24,24,24,24,24,24,24,24,24,24
390229,1,1,1998,18,18,18,18,18,18,18,18,18,18
390230,1,1,1998,0,0,0,0,0,0,0,0,0,0
390231,0,1,1998,0,11,0,0,0,0,0,0,21,12
390231,1,1,1998,0,0,0,0,0,0,0,0,0,0
390232,1,1,1998,15,15,15,15,15,15,15,15,15,15
390233,1,1,1998,19,19,19,19,19,19,19,19,19,19
390234,1,1,1998,14,14,14,14,14,14,14,14,14,14
390235,0,1,1998,0,0,0,0,0,0,0,25,0,0
390235,1,1,1998,0,0,0,0,0,0,0,0,0,0
390236,1,1,1998,0,0,0,0,0,0,0,0,0,0
390236,2,1,1998,0,0,0,0,0,0,0,0,0,0
390237,1,1,1998,0,0,0,0,0,0,0,0,0,0
390237,2,1,1998,0,0,0,0,0,0,0,0,0,0
390238,1,1,1998,0,13,20,0,17,17,17,0,24,0
390239,0,1,1998,0,0,0,0,0,0,0,0,0,0
390239,1,1,1998,0,8,0,0,12,0,0,0,0,0
390240,1,1,1998,23,23,23,23,23,23,23,23,23,23
390240,2,1,1998,0,0,0,0,0,0,0,0,0,0
390240,3,1,1998,0,0,0,0,0,0,0,0,0,0
390241,1,1,1998,40,40,40,40,40,40,40,40,40,40
390242,1,1,1998,0,15,9,11,0,0,24,0,0,12
390242,2,1,1998,0,6,0,0,0,0,0,0,0,0
390243,1,1,1998,11,11,11,11,11,11,11,11,11,11
390244,1,1,1998,0,0,0,0,0,0,0,0,0,0
390245,1,1,1998,0,0,0,0,0,0,0,0,0,0
390245,2,1,1998,0,0,0,0,0,0,0,0,0,0
390246,1,1,1998,0,0,0,3,0,0,0,0,0,0
390247,1,1,1998,0,0,0,0,0,0,0,0,0,0
390247,2,1,1998,0,0,0,0,0,0,0,0,0,0
390248,1,1,1998,0,0,0,0,0,0,0,0,0,0
390248,2,1,1998,0,0,0,0,0,0,0,0,0,0
390249,1,1,1998,10,10,10,10,10,10,10,10,10,10
390250,0,1,1998,23,23,23,23,23,23,23,23,23,23
390250,1,1,1998,0,0,0,0,0,0,0,0,0,0
390251,0,1,1998,37,17,29,26,28,17,22,26,8,12
390251,0,2,1998,6,15,23,38,33,14,21,25,33,29
390251,0,3,1998,3,0,0,10,4,14,0,0,0,11
390251,1,1,1998,9,16,8,13,13,24,17,18,18,12
390251,2,1,1998,0,0,0,0,0,0,0,0,0,0
390252,1,1,1998,10,10,10,10,10,10,10,10,10,10
390252,2,1,1998,0,0,0,0,0,0,0,0,0,0
390253,1,1,1998,24,24,24,24,24,24,24,24,24,24
390254,1,1,1998,18,18,18,18,18,18,18,18,18,18
390255,1,1,1998,13,2,18,0,0,0,0,0,0,30
390255,2,1,1998,0,0,0,0,0,0,0,0,0,0
390256,1,1,1998,23,23,23,23,23,23,23,23,23,23
390257,0,1,1998,0,0,0,5,0,0,0,7,2,4
390257,1,1,1998,0,0,0,11,0,0,0,0,0,0
390258,1,1,1998,8,0,0,0,18,0,0,0,0,0
390258,2,1,1998,0,0,0,0,7,0,0,0,0,0
390259,1,1,1998,35,35,35,35,35,35,35,35,35,35
390260,1,1,1998,0,0,0,0,0,0,0,0,0,0
390260,2,1,1998,0,0,0,0,0,0,0,0,0,0
390261,1,1,1998,11,11,11,11,11,11,11,11,11,11
390261,2,1,1998,0,0,0,0,0,0,0,0,0,0
390262,1,1,1998,20,20,20,20,20,20,20,20,20,20
390263,1,1,1998,3,0,0,0,0,24,0,0,0,0
390263,2,1,1998,0,0,0,0,0,0,0,0,0,0
390264,0,1,1998,0,0,0,0,0,0,0,0,0,0
390264,0,2,1998,0,0,11,0,0,0,0,0,0,0
390264,1,1,1998,0,0,0,0,0,0,0,0,0,0
390265,1,1,1998,0,0,0,0,18,0,0,12,0,0
390266,1,1,1998,0,0,0,0,0,0,8,0,24,22
390266,2,1,1998,0,0,0,0,0,0,0,0,0,0
390267,1,1,1998,20,20,20,20,20,20,20,20,20,20
390268,0,1,1998,0,0,0,0,0,0,0,0,0,0
390268,1,1,1998,0,0,0,0,0,0,0,0,0,0
390269,0,1,1998,0,0,0,0,0,0,0,0,0,0
390269,1,1,1998,0,0,0,0,0,0,0,0,0,0
390270,1,1,1998,17,17,17,17,17,17,17,17,17,17
390271,1,1,1998,0,0,0,0,0,0,0,0,0,0
390272,1,1,1998,0,0,0,0,0,0,0,0,0,0
390272,2,1,1998,0,0,0,0,0,0,0,0,0,0
390273,0,1,1998,0,0,0,0,0,0,0,0,0,0
390273,0,2,1998,0,0,9,0,0,0,0,0,0,0
390273,1,1,1998,0,0,0,0,0,0,0,0,0,0
390274,1,1,1998,0,0,0,23,17,0,0,0,0,0
390274,2,1,1998,0,0,0,0,0,0,0,0,0,0
390274,3,1,1998,0,0,0,0,0,0,0,0,0,0
390275,1,1,1998,0,0,0,0,0,0,0,0,0,0
390275,2,1,1998,0,0,0,0,0,0,0,0,0,0
390275,3,1,1998,0,0,0,29,0,0,16,0,0,0
390276,1,1,1998,31,31,31,31,31,31,31,31,31,31
390277,0,1,1998,0,0,0,0,0,0,0,0,0,0
390277,1,1,1998,0,0,0,0,0,0,0,0,0,0
390278,0,1,1998,0,0,0,0,0,0,0,0,0,0
390278,1,1,1998,0,0,0,0,0,0,0,0,0,0
390279,1,1,1998,21,21,21,21,21,21,21,21,21,21
390280,0,1,1998,0,0,0,0,0,0,0,0,0,0
390280,1,1,1998,0,0,0,0,0,0,0,0,0,0
390281,1,1,1998,6,6,6,6,6,6,6,6,6,6
390282,1,1,1998,0,24,0,0,0,7,10,0,12,0
390283,1,1,1998,0,0,0,0,0,22,0,0,0,0
390283,2,1,1998,0,0,0,0,0,0,0,0,0,0
390284,1,1,1998,0,0,0,0,0,0,0,0,0,0
390284,2,1,1998,0,0,0,0,0,0,0,0,0,0
390285,1,1,1998,0,0,0,0,0,0,0,0,0,0
390285,2,1,1998,0,0,0,0,0,0,0,0,0,0
390286,1,1,1998,15,15,15,15,15,15,15,15,15,15
390287,1,1,1998,23,15,18,9,0,0,21,0,0,14
390288,1,1,1998,0,16,0,0,0,0,0,0,0,0
390289,1,1,1998,24,24,24,24,24,24,24,24,24,24
390290,1,1,1998,0,0,0,0,0,0,0,0,0,0
390291,1,1,1998,0,0,0,0,0,41,0,16,0,0
390291,2,1,1998,16,16,16,16,16,16,16,16,16,16
390292,1,1,1998,0,0,0,0,0,10,0,0,0,0
390292,2,1,1998,0,0,0,9,0,0,0,0,0,4
390293,1,1,1998,0,0,0,0,0,0,0,0,0,0
390293,2,1,1998,8,8,8,8,8,8,8,8,8,8
390294,1,1,1998,0,0,0,0,0,0,0,0,0,0
390295,1,1,1998,0,0,0,0,0,0,0,0,0,0
390295,2,1,1998,0,0,0,0,0,0,0,0,0,0
390296,1,1,1998,0,0,0,0,21,0,19,0,0,0
390297,1,1,1998,0,0,0,0,0,0,0,0,0,0
390297,2,1,1998,0,0,0,0,0,0,0,0,0,0
390298,1,1,1998,0,0,0,0,0,0,0,0,0,0
390298,2,1,1998,1,1,1,1,1,1,1,1,1,1
390299,1,1,1998,11,13,0,0,0,0,0,0,0,0
390299,2,1,1998,0,0,0,0,0,0,0,0,0,0
390300,1,1,1998,0,11,0,0,0,9,0,15,15,0
390301,1,1,1998,0,0,11,0,0,0,0,0,0,0
390301,2,1,1998,0,0,0,0,0,0,0,0,0,0
390302,1,1,1998,8,8,8,8,8,8,8,8,8,8
390303,1,1,1998,0,0,0,0,0,0,0,0,0,0
390303,2,1,1998,9,9,9,9,9,9,9,9,9,9
390304,1,1,1998,0,0,0,0,0,0,0,0,0,0
390304,2,1,1998,0,0,0,0,0,0,0,0,0,0
390305,1,1,1998,0,0,0,7,18,0,0,0,0,0
390306,1,1,1998,0,0,0,0,0,0,0,0,0,0
390306,2,1,1998,0,0,0,0,0,0,0,0,0,0
390307,1,1,1998,0,0,0,0,0,0,0,0,0,0
390307,2,1,1998,0,0,0,0,0,0,0,0,0,0
390308,1,1,1998,0,0,0,0,0,0,0,0,0,0
390309,1,1,1998,0,0,0,0,0,0,0,0,0,0
390310,0,1,1998,4,4,4,4,4,4,4,4,4,4
390310,1,1,1998,4,0,0,0,0,0,0,0,0,0
390311,1,1,1998,17,17,17,17,17,17,17,17,17,17
390312,1,1,1998,0,0,0,0,0,0,0,0,0,0
390312,2,1,1998,0,0,0,0,0,0,0,0,0,0
390313,1,1,1998,0,0,10,0,0,0,15,0,0,0
390313,2,1,1998,0,0,0,0,0,0,0,0,0,0
390314,1,1,1998,23,23,23,23,23,23,23,23,23,23
390315,1,1,1998,0,0,0,0,0,0,0,0,0,0
390315,2,1,1998,0,0,0,0,0,0,0,0,0,0
390315,3,1,1998,0,0,0,0,0,0,0,0,0,0
390316,1,1,1998,19,19,19,19,19,19,19,19,19,19
390316,2,1,1998,0,0,0,0,0,0,0,0,0,0
390317,1,1,1998,15,15,15,15,15,15,15,15,15,15
390318,1,1,1998,14,14,14,14,14,14,14,14,14,14
390319,1,1,1998,17,17,17,17,17,17,17,17,17,17
390319,2,1,1998,0,0,0,0,0,0,0,7,0,0
390319,3,1,1998,0,0,0,0,0,0,0,0,0,0
390320,1,1,1998,0,0,0,0,0,0,0,0,0,0
390320,2,1,1998,0,0,0,0,0,0,0,0,0,0
390321,0,1,1998,0,0,0,0,0,0,0,0,0,0
390321,1,1,1998,0,0,0,0,0,0,0,0,0,0
390322,1,1,1998,0,0,0,0,0,0,0,0,0,0
390322,2,1,1998,0,0,0,0,0,0,0,0,0,0
390323,1,1,1998,0,0,0,0,0,0,0,0,0,0
390324,1,1,1998,0,0,0,0,0,0,0,0,0,0
390324,2,1,1998,0,0,0,0,0,0,0,0,0,0
390325,1,1,1998,0,0,0,0,0,0,12,3,15,0
390326,1,1,1998,6,6,6,6,6,6,6,6,6,6
390326,2,1,1998,12,32,20,24,19,8,0,9,0,7
390327,1,1,1998,8,0,0,0,7,0,0,13,16,15
390328,1,1,1998,0,0,0,0,0,0,0,0,0,0
390329,1,1,1998,0,11,7,19,3,12,11,13,3,15
390329,2,1,1998,0,0,0,0,8,0,0,0,0,0
390330,1,1,1998,0,0,0,0,0,0,0,0,0,0
390331,0,1,1998,15,15,15,15,15,15,15,15,15,15
390331,1,1,1998,0,0,0,0,0,0,0,10,0,0
390332,1,1,1998,16,10,27,0,22,14,9,0,12,0
390332,2,1,1998,11,11,11,11,11,11,11,11,11,11
390333,1,1,1998,0,0,0,0,0,0,0,0,0,0
390333,2,1,1998,0,0,0,0,0,0,0,0,0,0
390334,0,1,1998,22,22,22,22,22,22,22,22,22,22
390334,1,1,1998,15,15,15,15,15,15,15,15,15,15
390335,1,1,1998,0,0,0,0,0,0,0,0,0,0
390335,2,1,1998,0,0,0,0,0,0,0,0,0,0
390336,1,1,1998,0,0,0,0,0,0,0,0,0,0
390336,2,1,1998,20,20,20,20,20,20,20,20,20,20
390337,1,1,1998,0,0,0,0,0,0,0,0,0,0
390337,2,1,1998,0,0,0,0,0,0,0,0,0,0
390338,1,1,1998,0,0,0,0,0,0,0,0,0,0
390339,1,1,1998,0,0,0,0,0,0,0,0,0,0
390339,2,1,1998,0,0,0,0,0,0,0,0,0,0
390340,1,1,1998,8,8,8,8,8,8,8,8,8,8
390340,2,1,1998,16,16,16,16,16,16,16,16,16,16
390341,1,1,1998,0,0,0,0,0,0,0,0,0,0
390341,2,1,1998,29,29,29,29,29,29,29,29,29,29
390341,3,1,1998,0,0,0,0,0,0,0,0,0,0
390342,1,1,1998,0,0,0,0,0,0,0,0,0,0
390342,2,1,1998,0,0,0,0,0,0,0,0,0,0
390343,1,1,1998,0,27,0,19,0,0,0,5,0,0
390343,2,1,1998,0,0,0,0,26,0,0,0,0,0
390344,1,1,1998,0,0,0,0,0,0,0,0,0,0
390344,2,1,1998,0,0,0,11,0,0,8,0,0,0
390345,1,1,1998,0,0,0,0,0,0,0,0,0,0
390345,2,1,1998,0,0,0,0,0,0,0,0,0,0
390346,1,1,1998,0,0,0,0,0,0,17,0,0,0
390346,2,1,1998,0,0,0,0,0,0,0,0,0,21
390346,3,1,1998,0,0,0,0,0,2,0,0,0,0
390347,1,1,1998,0,0,0,0,0,23,0,0,0,0
390347,2,1,1998,0,0,0,0,0,0,0,0,0,0
390348,1,1,1998,0,0,0,0,0,0,0,0,0,0
390349,1,1,1998,0,0,0,0,0,0,0,0,0,0
390349,2,1,1998,0,0,0,0,9,0,0,0,0,0
390350,1,1,1998,5,0,0,0,11,0,0,0,3,0
390351,0,1,1998,0,0,0,0,0,0,0,0,0,0
390351,1,1,1998,0,0,0,0,0,0,0,0,0,0
390352,1,1,1998,0,0,0,0,0,0,0,0,0,0
390353,1,1,1998,12,12,12,12,12,12,12,12,12,12
390354,1,1,1998,0,0,0,0,0,0,0,0,0,0
390354,2,1,1998,0,0,0,0,0,0,0,0,0,0
390355,1,1,1998,0,0,0,0,0,0,0,0,0,0
390355,2,1,1998,0,0,0,0,0,0,0,5,0,0
390356,1,1,1998,0,0,0,0,0,0,0,0,0,0
390356,2,1,1998,0,0,0,0,0,0,0,0,0,0
390357,1,1,1998,20,20,20,20,20,20,20,20,20,20
390358,1,1,1998,0,0,0,0,0,0,0,0,0,0
390358,2,1,1998,4,22,0,13,14,9,0,0,0,0
390359,1,1,1998,0,0,0,0,0,0,0,0,7,0
390359,2,1,1998,0,0,0,0,0,0,0,0,0,0
390360,1,1,1998,9,9,9,9,9,9,9,9,9,9
390361,1,1,1998,0,0,0,0,0,0,0,0,0,0
390362,1,1,1998,0,0,0,0,0,0,0,0,0,0
390363,1,1,1998,0,0,0,0,0,0,0,0,0,0
390364,1,1,1998,0,0,0,0,0,0,0,0,0,0
390365,1,1,1998,0,0,0,0,0,17,0,0,0,0
390365,2,1,1998,0,0,0,0,0,0,0,0,0,0
390366,1,1,1998,0,0,0,0,0,0,0,0,0,0
390367,1,1,1998,0,0,0,0,0,0,0,0,0,0
390368,1,1,1998,0,0,0,0,0,0,0,0,0,0
390369,1,1,1998,0,0,0,9,0,0,0,0,0,0
390370,1,1,1998,0,0,0,0,0,0,0,0,0,0
390370,2,1,1998,0,0,0,0,0,0,0,0,0,4
390371,1,1,1998,0,28,0,0,0,0,0,0,13,0
390372,1,1,1998,0,0,0,0,0,0,0,0,0,0
390373,1,1,1998,17,17,17,17,17,17,17,17,17,17
390373,2,1,1998,0,0,0,0,0,0,0,0,0,0
390374,1,1,1998,0,0,0,0,26,0,0,0,0,27
390375,1,1,1998,20,20,20,20,20,20,20,20,20,20
390376,1,1,1998,0,0,0,0,0,0,0,0,0,0
390377,1,1,1998,0,0,0,0,0,0,0,0,0,0
390378,1,1,1998,0,0,0,0,0,0,0,0,0,0
390378,2,1,1998,0,0,0,0,0,0,7,0,0,0
390379,1,1,1998,0,27,5,0,0,0,0,0,31,0
390380,1,1,1998,17,18,0,17,0,0,0,20,14,0
390381,1,1,1998,0,0,0,0,0,0,0,0,22,0
390382,1,1,1998,0,0,0,0,0,0,0,0,0,0
390382,2,1,1998,0,0,0,0,0,0,0,0,0,0
390383,1,1,1998,0,0,0,0,0,0,0,0,0,0
390383,2,1,1998,0,0,0,0,0,0,0,0,0,0
390384,1,1,1998,30,17,14,0,0,0,0,0,0,8
390384,2,1,1998,0,0,0,17,0,0,0,0,0,0
390385,1,1,1998,0,0,0,0,0,0,0,0,0,0