ST_CASE,VEH_NO,PER_NO,YEAR,P1,P2,P3,P4,P5,P6,P7,P8,P9,P10
400531,1,1,1998,0,0,0,0,0,0,0,0,0,0
400532,1,1,1998,0,0,0,0,0,0,0,0,0,0
400532,2,1,1998,0,12,0,0,0,10,0,8,17,0
400533,1,1,1998,0,0,0,0,0,0,0,0,0,0
400533,2,1,1998,0,0,0,0,0,0,0,0,0,0
400534,1,1,1998,18,18,18,18,18,18,18,18,18,18
400535,1,1,1998,0,0,0,0,0,0,0,0,0,0
400535,2,1,1998,0,0,0,0,0,0,0,0,0,0
400536,1,1,1998,15,15,15,15,15,15,15,15,15,15
400537,1,1,1998,10,0,0,9,25,0,0,0,0,0
400537,2,1,1998,0,0,0,0,0,0,0,0,0,0
400538,1,1,1998,0,0,0,0,0,0,0,0,0,0
400538,2,1,1998,0,0,0,0,0,0,0,0,0,0
400539,1,1,1998,15,12,20,15,13,17,0,27,23,31
400539,2,1,1998,10,0,0,0,21,0,0,0,0,0
400540,1,1,1998,0,0,0,0,0,0,0,0,0,0
400540,2,1,1998,4,10,0,15,16,0,10,6,9,8
400541,1,1,1998,0,0,0,0,0,0,0,0,0,0
400541,2,1,1998,0,0,0,0,0,0,0,0,0,0
400542,1,1,1998,0,0,0,0,0,0,0,0,0,0
400543,1,1,1998,0,0,0,0,0,0,0,0,0,0
400543,2,1,1998,0,0,0,0,0,0,0,0,0,0
400544,1,1,1998,0,0,0,0,0,0,0,0,0,0
400544,2,1,1998,0,0,0,0,0,0,0,0,0,0
400545,1,1,1998,20,11,0,0,0,0,17,24,0,8
400545,2,1,1998,0,0,0,0,0,0,0,0,0,0
400546,1,1,1998,0,0,0,0,0,0,0,0,0,0
400547,1,1,1998,0,0,0,0,0,0,0,0,0,0
400547,2,1,1998,0,0,0,0,0,0,0,0,0,0
400548,1,1,1998,0,0,0,0,0,0,0,0,0,0
400548,2,1,1998,0,0,0,0,0,0,0,0,0,0
400549,1,1,1998,0,0,0,0,0,0,0,0,0,0
400550,1,1,1998,16,12,18,15,8,20,7,24,26,9
400550,2,1,1998,4,0,0,0,7,10,0,19,0,10
400551,1,1,1998,11,20,0,0,0,10,0,0,9,0
400552,1,1,1998,8,12,23,25,4,17,8,13,20,17
400553,1,1,1998,0,0,0,0,0,0,0,0,0,0
400553,2,1,1998,0,0,0,0,0,0,0,0,0,0
400554,1,1,1998,0,0,0,0,0,0,0,0,0,0
400554,2,1,1998,0,0,0,0,0,0,0,0,0,0
400555,1,1,1998,17,17,17,17,17,17,17,17,17,17
400556,1,1,1998,0,0,0,0,0,0,0,0,0,0
400557,1,1,1998,0,0,0,0,0,0,0,0,0,0
400558,1,1,1998,0,0,0,0,0,0,0,0,0,0
400558,2,1,1998,0,0,0,0,0,0,0,0,0,0
400559,1,1,1998,0,0,0,0,0,0,0,0,0,0
400559,2,1,1998,0,0,0,0,0,0,9,0,0,0
400560,1,1,1998,0,0,0,0,0,0,0,0,0,0
400560,2,1,1998,0,0,0,0,0,0,0,0,0,0
400561,1,1,1998,0,0,0,0,0,0,0,0,0,0
400562,1,1,1998,0,0,0,0,0,0,0,0,0,0
400562,2,1,1998,0,0,0,0,0,0,0,0,0,0
400563,1,1,1998,8,22,22,15,7,8,11,13,11,2
400563,2,1,1998,19,19,19,19,19,19,19,19,19,19
400564,1,1,1998,0,0,0,0,0,0,0,0,0,0
400565,1,1,1998,15,8,26,27,20,11,18,15,8,30
400565,2,1,1998,12,12,12,12,12,12,12,12,12,12
400566,1,1,1998,0,0,0,0,0,0,0,0,0,0
400566,2,1,1998,0,0,0,0,0,0,0,0,0,0
400567,0,1,1998,28,28,28,28,28,28,28,28,28,28
400567,1,1,1998,0,0,0,0,0,0,0,0,0,0
400568,1,1,1998,0,0,0,0,0,0,0,14,17,0
400569,1,1,1998,0,0,0,0,0,0,0,0,0,0
400570,1,1,1998,0,10,14,26,18,15,0,17,6,0
400570,2,1,1998,0,0,0,0,0,0,0,0,0,0
400571,1,1,1998,0,0,0,0,0,0,0,0,0,0
400571,2,1,1998,0,0,0,0,0,0,0,0,0,0
400572,1,1,1998,0,0,0,0,0,0,0,0,0,0
400572,2,1,1998,3,0,0,0,0,0,0,0,0,0
400573,1,1,1998,0,0,0,0,0,0,0,0,0,0
400573,2,1,1998,0,0,0,0,0,0,0,0,0,5
400574,1,1,1998,4,13,9,5,23,10,13,19,21,16
400574,2,1,1998,0,0,0,0,0,0,0,0,0,0
400575,0,1,1998,0,0,0,0,0,0,0,0,0,0
400575,0,2,1998,0,0,0,0,0,0,0,0,0,0
400575,1,1,1998,0,0,0,0,0,0,0,0,0,0
400576,1,1,1998,0,0,0,0,0,0,0,0,0,0
400576,2,1,1998,0,0,0,0,0,0,0,0,0,0
400577,1,1,1998,0,0,10,0,21,16,23,25,14,8
400577,2,1,1998,0,0,0,0,0,0,0,0,0,0
400578,1,1,1998,0,0,0,0,0,29,0,0,0,0
400578,2,1,1998,0,0,0,0,0,0,0,0,0,0
400579,1,1,1998,0,0,0,0,0,0,0,0,0,0
400579,2,1,1998,4,4,4,4,4,4,4,4,4,4
400580,1,1,1998,0,0,0,0,0,0,0,0,0,0
400580,2,1,1998,0,0,0,0,0,0,0,0,0,0
400581,1,1,1998,0,0,0,0,0,0,0,0,0,0
400581,2,1,1998,0,0,0,0,0,0,0,0,0,0
400582,1,1,1998,0,0,0,0,0,0,0,0,0,0
400583,1,1,1998,0,0,0,0,0,0,0,15,0,0
400583,2,1,1998,0,0,0,0,0,0,0,0,0,0
400584,1,1,1998,0,0,0,0,0,0,0,0,0,0
400585,0,1,1998,25,25,25,25,25,25,25,25,25,25
400585,1,1,1998,0,0,0,0,0,0,0,0,0,0
400586,1,1,1998,17,17,14,11,29,28,10,30,17,19
400587,1,1,1998,0,0,0,0,0,0,0,0,0,0
400587,2,1,1998,0,0,0,0,0,0,0,0,0,0
400588,1,1,1998,7,16,33,0,15,18,10,0,29,4
400589,1,1,1998,25,25,25,25,25,25,25,25,25,25
400590,1,1,1998,0,0,8,0,0,19,0,4,0,5
400590,2,1,1998,0,0,0,0,0,0,0,0,0,0
400591,1,1,1998,0,0,0,0,0,0,0,0,0,0
400591,2,1,1998,0,0,0,0,0,0,0,0,0,6
400592,1,1,1998,37,37,37,37,37,37,37,37,37,37
400593,1,1,1998,29,29,29,29,29,29,29,29,29,29
400594,1,1,1998,5,7,0,0,0,0,0,0,20,0
400595,1,1,1998,0,0,0,0,0,0,0,0,0,0
400595,2,1,1998,0,0,0,0,0,0,0,0,0,0
400596,1,1,1998,0,40,5,28,21,19,20,23,14,43
400596,2,1,1998,0,0,0,0,0,0,0,0,0,0
400597,1,1,1998,13,13,13,13,13,13,13,13,13,13
400598,1,1,1998,0,0,0,0,19,0,0,0,0,0
400598,2,1,1998,0,0,0,0,0,0,0,0,0,0
400599,1,1,1998,12,0,0,0,0,0,0,0,0,0
400599,2,1,1998,0,0,0,0,0,0,0,0,0,0
400600,1,1,1998,0,0,0,0,0,0,0,0,0,0
400601,1,1,1998,0,0,0,0,0,0,0,0,0,0
400601,2,1,1998,0,0,0,0,0,0,0,0,0,0
400601,3,1,1998,0,0,0,0,0,0,0,0,0,0
400601,4,1,1998,0,0,0,0,0,0,0,12,0,0
400602,1,1,1998,0,0,0,0,0,0,0,0,0,0
400602,2,1,1998,0,0,0,0,0,0,0,0,0,0
400603,1,1,1998,0,0,0,0,0,0,0,0,0,0
400604,1,1,1998,0,0,0,0,0,0,0,0,0,9
400604,2,1,1998,0,0,0,0,0,0,0,0,0,0
400605,1,1,1998,7,7,7,7,7,7,7,7,7,7
400606,0,1,1998,0,0,0,0,0,0,0,0,0,0
400606,1,1,1998,0,0,0,0,0,0,0,0,0,0
400607,1,1,1998,0,0,0,0,0,0,0,0,0,0
400608,1,1,1998,0,0,0,0,0,0,0,0,0,0
400608,2,1,1998,0,0,0,0,0,0,0,0,0,0
400609,1,1,1998,0,0,0,20,0,32,0,0,0,0
400610,1,1,1998,9,19,32,31,23,17,21,19,10,24
400611,1,1,1998,0,0,0,0,0,0,0,0,0,0
400612,1,1,1998,16,16,16,16,16,16,16,16,16,16
400612,2,1,1998,0,0,0,0,0,0,0,0,0,0
400613,1,1,1998,19,21,6,25,13,15,27,12,10,14
400614,1,1,1998,17,0,13,10,16,27,0,19,0,0
400614,2,1,1998,0,0,0,0,0,0,0,0,0,0
400615,0,1,1998,0,0,0,0,0,0,0,0,0,0
400615,1,1,1998,0,0,0,0,0,0,0,0,0,0
400616,1,1,1998,15,17,23,14,5,17,14,8,0,0
400616,2,1,1998,0,0,0,0,0,0,0,17,0,0
400617,1,1,1998,22,22,22,22,22,22,22,22,22,22
400618,1,1,1998,0,0,0,0,0,0,0,0,0,0
400618,2,1,1998,0,0,0,0,0,0,0,0,0,0
400618,3,1,1998,0,0,10,0,0,0,0,0,0,0
400619,1,1,1998,10,10,22,12,4,10,19,15,8,21
400619,2,1,1998,0,0,0,0,0,0,0,0,0,0
400620,1,1,1998,5,13,31,28,22,14,16,12,33,20
400621,1,1,1998,0,0,0,0,0,0,15,0,0,0
400622,1,1,1998,0,0,0,0,0,0,0,0,0,0
400622,2,1,1998,0,0,0,0,0,0,0,0,0,0
400623,1,1,1998,0,0,0,0,0,0,0,0,0,0
400624,0,1,1998,0,0,0,0,0,0,0,0,0,0
400624,1,1,1998,0,0,0,0,0,0,0,0,0,0
400625,1,1,1998,21,21,21,21,21,21,21,21,21,21
400626,1,1,1998,23,23,23,23,23,23,23,23,23,23
400626,2,1,1998,0,25,0,0,15,0,9,21,0,19
400627,1,1,1998,0,0,0,0,0,0,0,0,0,0
400628,1,1,1998,15,15,15,15,15,15,15,15,15,15
400629,1,1,1998,0,0,0,0,0,0,0,0,0,0
400629,2,1,1998,10,14,0,17,5,0,0,34,16,5
400629,3,1,1998,0,0,0,0,0,0,0,0,0,0
400630,1,1,1998,0,0,0,0,0,0,0,0,0,0
400631,1,1,1998,0,0,0,0,0,0,0,0,0,0
400631,2,1,1998,0,0,0,0,0,0,0,0,0,0
400632,1,1,1998,0,0,0,0,0,0,0,0,0,0
400632,2,1,1998,0,0,0,0,0,0,0,0,0,0
400633,1,1,1998,0,0,0,0,0,0,0,0,0,0
400633,2,1,1998,0,0,0,0,0,0,0,0,0,0
400634,0,1,1998,0,0,0,0,0,0,0,0,0,0
400634,1,1,1998,0,0,0,0,0,0,0,0,0,0
400635,1,1,1998,0,0,0,0,0,0,0,0,0,0
400635,2,1,1998,0,0,0,0,0,0,0,0,0,0
400636,1,1,1998,0,0,37,14,0,0,0,0,0,0
400637,1,1,1998,28,29,15,11,41,24,20,12,16,15
400638,1,1,1998,0,0,0,0,0,0,0,0,0,0
400638,2,1,1998,0,0,0,0,0,0,0,15,0,0
400639,1,1,1998,2,2,2,2,2,2,2,2,2,2
400639,2,1,1998,0,0,0,0,0,0,0,0,0,0
400640,1,1,1998,0,0,0,0,0,0,0,0,0,0
400640,2,1,1998,0,0,0,0,0,0,0,0,0,0
400641,1,1,1998,0,0,0,0,0,0,0,0,0,0
400642,1,1,1998,0,0,0,0,0,0,0,0,0,0
400642,2,1,1998,0,0,0,0,0,0,0,0,0,0
400643,1,1,1998,0,0,0,0,0,0,0,0,0,0
400643,2,1,1998,0,0,0,0,0,0,0,0,0,0
400644,1,1,1998,0,0,0,0,0,0,0,0,0,0
400644,2,1,1998,0,0,0,0,0,0,0,0,0,0
400644,3,1,1998,0,0,0,0,0,0,0,0,0,0
400645,1,1,1998,0,0,0,0,0,0,0,0,0,0
400645,2,1,1998,7,11,12,0,10,0,0,11,0,9
400646,1,1,1998,0,0,0,0,0,0,0,0,0,0
400647,1,1,1998,0,0,0,0,0,0,0,0,0,0
400647,2,1,1998,6,0,0,0,0,0,0,0,0,0
400648,1,1,1998,0,0,0,0,0,0,0,0,0,0
400648,2,1,1998,0,0,0,0,0,0,0,0,0,0
400649,0,1,1998,18,18,18,18,18,18,18,18,18,18
400649,1,1,1998,0,0,0,0,0,0,0,0,0,0
400650,1,1,1998,15,27,9,9,24,10,12,17,0,6
400651,1,1,1998,8,8,8,8,8,8,8,8,8,8
400652,1,1,1998,0,0,0,0,0,0,24,0,0,0
410001,1,1,1998,0,0,0,0,0,0,0,0,0,0
410002,0,1,1998,16,16,16,16,16,16,16,16,16,16
410002,1,1,1998,0,0,0,0,0,0,0,0,0,0
410003,1,1,1998,0,0,0,0,0,0,0,0,0,0
410003,2,1,1998,0,0,0,0,0,0,0,0,0,0
410004,1,1,1998,0,0,0,0,0,0,0,0,0,0
410004,2,1,1998,0,0,0,0,0,0,0,0,0,0
410005,1,1,1998,27,27,27,27,27,27,27,27,27,27
410006,1,1,1998,19,19,19,19,19,19,19,19,19,19
410007,1,1,1998,25,25,25,25,25,25,25,25,25,25
410007,2,1,1998,0,0,0,0,0,0,0,0,0,0
410009,1,1,1998,0,0,0,0,0,0,0,0,0,15
410009,2,1,1998,1,1,1,1,1,1,1,1,1,1
410010,1,1,1998,0,0,0,0,0,0,0,0,0,0
410010,2,1,1998,0,0,0,0,0,0,0,0,0,0
410011,0,1,1998,8,8,8,8,8,8,8,8,8,8
410011,1,1,1998,0,0,0,0,0,0,0,0,0,0
410012,1,1,1998,0,0,0,0,0,0,0,0,0,0
410012,2,1,1998,0,0,0,0,0,0,0,0,0,0
410012,3,1,1998,0,0,0,0,0,0,0,0,0,0
410013,1,1,1998,0,0,0,0,0,0,0,0,0,0
410013,2,1,1998,0,0,0,0,0,0,0,0,0,0
410014,1,1,1998,18,18,18,18,18,18,18,18,18,18
410014,2,1,1998,15,15,15,15,15,15,15,15,15,15
410015,1,1,1998,0,0,0,0,0,0,0,0,0,0
410016,0,1,1998,34,34,34,34,34,34,34,34,34,34
410016,1,1,1998,12,12,12,12,12,12,12,12,12,12
410017,1,1,1998,27,27,27,27,27,27,27,27,27,27
410018,1,1,1998,0,5,0,7,0,0,0,2,19,0
410019,1,1,1998,0,0,0,0,0,0,0,0,0,0
410019,2,1,1998,0,0,0,0,0,0,0,0,0,0
410020,1,1,1998,0,0,0,0,0,0,0,0,0,0
410020,2,1,1998,12,5,0,0,0,19,0,0,0,0
410021,0,1,1998,0,0,0,0,0,0,0,0,0,0
410021,1,1,1998,0,0,0,0,0,0,0,0,0,0
410022,1,1,1998,23,23,23,23,23,23,23,23,23,23
410022,2,1,1998,0,0,0,0,0,0,0,0,0,0
410023,1,1,1998,24,24,24,24,24,24,24,24,24,24
410024,1,1,1998,0,0,0,0,0,0,0,0,0,0
410024,2,1,1998,0,0,0,0,0,0,14,0,0,0
410025,0,1,1998,0,0,0,0,0,0,0,0,0,0
410025,1,1,1998,0,0,0,0,0,0,0,0,0,0
410026,1,1,1998,26,26,26,26,26,26,26,26,26,26
410027,1,1,1998,0,0,0,0,0,0,0,0,0,0
410027,2,1,1998,0,0,0,0,0,0,0,0,0,0
410028,1,1,1998,0,0,0,0,0,0,0,0,0,0
410028,2,1,1998,0,0,0,0,0,0,0,0,0,0
410029,1,1,1998,24,24,24,24,24,24,24,24,24,24
410030,1,1,1998,24,24,24,24,24,24,24,24,24,24
410031,1,1,1998,0,0,0,0,0,0,0,0,0,0
410031,2,1,1998,0,0,0,0,0,0,0,0,0,0
410032,1,1,1998,0,0,0,0,0,0,0,0,0,0
410033,1,1,1998,11,11,11,11,11,11,11,11,11,11
410033,2,1,1998,0,0,0,0,0,0,0,0,0,0
410034,1,1,1998,12,0,9,0,0,0,21,25,30,0
410034,2,1,1998,0,0,0,0,0,0,0,0,0,0
410035,1,1,1998,0,0,0,0,0,0,0,0,0,0
410036,0,1,1998,24,24,24,24,24,24,24,24,24,24
410036,1,1,1998,0,0,0,0,0,0,0,0,0,0
410037,1,1,1998,22,22,22,22,22,22,22,22,22,22
410038,1,1,1998,4,4,4,4,4,4,4,4,4,4
410038,2,1,1998,0,0,0,0,0,0,0,0,0,0
410039,0,1,1998,11,11,11,11,11,11,11,11,11,11
410039,1,1,1998,0,0,0,0,0,0,0,0,0,0
410040,1,1,1998,16,16,16,16,16,16,16,16,16,16
410040,2,1,1998,0,0,0,0,0,0,0,0,0,0
410041,1,1,1998,0,0,0,0,0,0,0,0,0,0
410041,2,1,1998,0,0,0,0,0,0,0,0,0,0
410042,1,1,1998,0,0,0,0,0,0,0,0,0,0
410042,2,1,1998,0,0,0,0,0,0,0,0,0,0
410043,1,1,1998,0,0,0,0,0,0,0,0,0,0
410044,1,1,1998,0,0,0,0,0,0,0,0,0,0
410045,1,1,1998,0,0,0,0,0,0,0,0,0,0
410046,1,1,1998,0,0,0,0,0,0,0,0,0,0
410046,2,1,1998,0,20,0,0,0,0,15,0,0,0
410046,3,1,1998,0,0,0,0,0,0,0,0,0,0
410047,1,1,1998,29,29,29,29,29,29,29,29,29,29
410048,1,1,1998,0,0,0,0,0,0,0,0,0,0
410049,1,1,1998,18,18,18,18,18,18,18,18,18,18
410050,1,1,1998,0,0,0,0,0,0,0,0,0,0
410051,1,1,1998,0,28,0,12,0,0,14,9,14,0
410052,1,1,1998,0,0,0,0,0,0,0,0,0,0
410052,2,1,1998,0,0,0,0,0,0,0,0,0,0
410053,1,1,1998,0,0,0,0,0,0,0,0,0,0
410054,1,1,1998,0,0,0,0,0,0,0,0,0,0
410055,1,1,1998,0,0,0,0,0,0,0,0,0,0
410055,2,1,1998,0,0,0,0,0,0,0,0,0,0
410055,3,1,1998,0,0,0,0,0,0,0,0,0,0
410056,1,1,1998,0,0,0,0,0,0,0,0,0,0
410057,1,1,1998,14,14,14,14,14,14,14,14,14,14
410058,0,1,1998,26,26,26,26,26,26,26,26,26,26
410058,1,1,1998,0,0,0,0,0,0,0,0,9,3
410059,1,1,1998,0,0,0,0,0,0,0,0,0,0
410059,2,1,1998,0,0,0,0,0,0,0,0,0,0
410060,1,1,1998,0,18,0,7,11,0,0,0,0,0
410060,2,1,1998,0,0,0,0,0,0,0,0,0,0
410061,1,1,1998,0,0,0,0,0,0,0,0,0,0
410061,2,1,1998,0,0,0,0,11,0,0,0,0,0
410062,1,1,1998,0,0,0,0,0,0,0,0,0,0
410063,1,1,1998,0,0,0,0,0,0,0,0,0,0
410063,2,1,1998,0,0,0,0,0,0,0,0,0,0
410064,1,1,1998,12,12,12,12,12,12,12,12,12,12
410065,1,1,1998,0,0,0,0,0,0,0,0,0,0
410065,2,1,1998,0,0,0,0,0,0,0,0,0,0
410066,1,1,1998,0,0,0,0,0,0,0,0,0,0
410067,1,1,1998,11,11,11,11,11,11,11,11,11,11
410067,2,1,1998,0,0,0,0,0,0,0,0,0,0
410068,0,1,1998,14,14,14,14,14,14,14,14,14,14
410068,1,1,1998,0,0,0,0,0,0,0,0,0,0
410069,1,1,1998,0,0,0,0,0,0,0,0,0,0
410069,2,1,1998,0,0,0,0,0,0,0,0,0,0
410070,1,1,1998,0,0,0,0,0,0,0,0,0,0
410070,2,1,1998,0,0,0,0,0,0,0,0,0,0
410071,1,1,1998,0,0,0,0,0,0,0,0,0,0
410072,0,1,1998,25,25,25,25,25,25,25,25,25,25
410072,1,1,1998,0,0,0,0,0,0,0,0,0,0
410072,2,1,1998,0,0,0,0,0,0,0,0,0,14
410073,1,1,1998,0,0,0,0,0,0,0,0,0,0
410074,1,1,1998,0,0,0,0,0,0,0,0,0,0
410074,2,1,1998,0,0,0,0,0,0,0,0,0,0
410075,1,1,1998,26,26,26,26,26,26,26,26,26,26
410076,1,1,1998,0,0,0,0,0,0,0,0,0,0
410077,1,1,1998,28,28,28,28,28,28,28,28,28,28
410077,2,1,1998,17,17,17,17,17,17,17,17,17,17
410078,1,1,1998,24,24,24,24,24,24,24,24,24,24
410079,1,1,1998,0,0,0,0,0,0,0,0,0,0
410079,2,1,1998,0,0,0,0,0,0,0,0,0,12
410079,3,1,1998,9,0,0,0,0,0,0,9,0,9
410080,1,1,1998,0,0,0,0,0,0,0,0,0,0
410080,2,1,1998,0,0,0,0,0,0,0,0,0,0
410081,1,1,1998,0,0,0,0,0,0,0,0,0,0
410081,2,1,1998,0,0,0,0,0,0,0,0,0,0
410082,1,1,1998,0,0,0,0,0,0,0,0,0,0
410082,2,1,1998,0,0,0,0,0,0,0,0,0,0
410083,1,1,1998,0,0,0,0,0,0,21,0,0,0
410084,1,1,1998,18,18,18,18,18,18,18,18,18,18
410085,1,1,1998,15,15,15,15,15,15,15,15,15,15
410086,1,1,1998,15,15,15,15,15,15,15,15,15,15
410087,1,1,1998,0,0,0,0,0,0,0,0,0,0
410088,1,1,1998,0,0,0,0,0,0,0,0,0,0
410088,2,1,1998,0,0,0,0,0,0,0,0,0,0
410089,1,1,1998,0,0,0,0,0,0,0,0,0,0
410089,2,1,1998,0,0,0,0,0,0,0,0,0,0
410090,0,1,1998,26,26,26,26,26,26,26,26,26,26
410090,1,1,1998,0,12,0,0,0,0,0,0,0,0
410090,2,1,1998,7,0,0,0,0,7,3,0,0,0
410091,1,1,1998,4,4,4,4,4,4,4,4,4,4
410092,1,1,1998,19,19,19,19,19,19,19,19,19,19
410093,1,1,1998,19,19,19,19,19,19,19,19,19,19
410094,0,1,1998,23,23,23,23,23,23,23,23,23,23
410094,1,1,1998,0,0,0,0,0,0,0,0,0,0
410095,1,1,1998,1,1,1,1,1,1,1,1,1,1
410096,1,1,1998,11,11,11,11,11,11,11,11,11,11
410097,1,1,1998,10,15,32,0,9,24,25,27,0,0
410098,1,1,1998,0,0,0,0,0,0,0,0,0,0
410099,1,1,1998,0,0,0,0,0,0,0,0,0,0
410099,2,1,1998,0,0,0,0,0,0,0,0,0,0
410100,1,1,1998,12,12,12,12,12,12,12,12,12,12
410101,1,1,1998,0,0,0,0,0,0,0,0,0,0
410101,2,1,1998,0,0,0,0,0,0,0,0,0,0
410102,1,1,1998,0,0,0,0,0,0,0,0,0,0
410102,2,1,1998,0,0,0,0,14,0,0,0,0,0
410103,1,1,1998,19,19,19,19,19,19,19,19,19,19
410104,1,1,1998,0,0,0,0,0,0,0,0,0,0
410104,2,1,1998,0,0,0,0,0,0,0,0,0,0
410105,1,1,1998,0,0,0,0,0,0,0,0,0,0
410106,1,1,1998,0,0,0,0,0,0,0,0,0,0
410106,2,1,1998,0,0,0,0,0,0,0,0,0,0
410107,1,1,1998,6,6,6,6,6,6,6,6,6,6
410107,2,1,1998,0,0,0,0,0,0,0,0,0,0
410108,1,1,1998,0,0,0,0,0,0,0,0,0,0
410109,1,1,1998,0,0,0,0,0,0,0,0,0,0
410110,1,1,1998,20,20,20,20,20,20,20,20,20,20
410110,2,1,1998,2,2,2,2,2,2,2,2,2,2
410111,1,1,1998,0,0,0,0,0,0,0,0,0,0
410112,1,1,1998,11,11,11,11,11,11,11,11,11,11
410113,0,1,1998,0,0,0,0,0,0,0,0,0,0
410113,1,1,1998,0,0,0,0,0,0,0,0,0,0
410114,1,1,1998,15,15,15,15,15,15,15,15,15,15
410115,1,1,1998,0,0,0,0,0,0,0,0,0,0
410116,0,1,1998,2,2,2,2,2,2,2,2,2,2
410116,0,2,1998,20,0,0,19,14,0,14,0,28,0
410116,1,1,1998,0,0,4,0,0,0,2,0,0,0
410117,0,1,1998,42,42,42,42,42,42,42,42,42,42
410117,1,1,1998,0,0,0,0,0,0,0,0,0,0
410118,1,1,1998,25,25,25,25,25,25,25,25,25,25
410119,1,1,1998,0,0,0,0,0,0,0,0,0,0
410119,2,1,1998,0,0,0,0,0,0,0,0,0,0
410120,1,1,1998,18,18,18,18,18,18,18,18,18,18
410121,1,1,1998,0,0,0,0,0,0,0,0,0,0
410122,0,1,1998,4,4,4,4,4,4,4,4,4,4
410122,1,1,1998,0,0,0,0,0,0,0,9,0,0
410123,1,1,1998,0,0,0,0,0,0,0,0,0,0
410124,1,1,1998,0,0,0,0,0,0,0,0,0,0
410124,2,1,1998,0,0,0,0,0,0,0,0,0,0
410125,1,1,1998,4,4,4,4,4,4,4,4,4,4
410126,1,1,1998,0,0,0,0,0,0,0,0,0,0
410126,2,1,1998,0,0,0,0,0,0,0,0,0,0
410127,1,1,1998,0,0,26,0,0,0,0,0,0,0
410128,1,1,1998,0,0,0,0,0,0,0,0,0,0
410128,2,1,1998,0,0,0,0,0,0,0,0,0,0
410129,1,1,1998,20,0,0,0,0,0,16,24,21,14
410130,0,1,1998,10,10,10,10,10,10,10,10,10,10
410130,1,1,1998,0,0,0,0,0,0,0,0,0,0
410131,1,1,1998,19,19,19,19,19,19,19,19,19,19
410133,0,1,1998,0,0,0,0,0,0,0,0,0,0
410133,1,1,1998,0,0,0,0,0,0,0,0,0,0
410134,1,1,1998,0,0,0,0,0,0,0,0,0,0
410134,2,1,1998,19,19,19,19,19,19,19,19,19,19
410135,1,1,1998,3,3,3,3,3,3,3,3,3,3
410136,1,1,1998,0,0,0,0,0,0,0,0,0,0
410136,2,1,1998,0,0,0,0,0,16,0,0,0,0
410137,1,1,1998,13,13,13,13,13,13,13,13,13,13
410138,1,1,1998,0,0,0,0,0,0,0,0,0,0
410138,2,1,1998,0,0,0,0,0,0,0,0,0,0
410139,1,1,1998,15,15,15,15,15,15,15,15,15,15
410140,1,1,1998,19,19,19,19,19,19,19,19,19,19
410141,0,1,1998,0,0,0,0,0,0,0,0,0,0
410141,1,1,1998,0,0,0,0,0,0,0,0,0,0
410142,1,1,1998,21,21,21,21,21,21,21,21,21,21
410142,2,1,1998,0,0,0,0,0,0,0,0,0,0
410143,0,1,1998,0,0,0,0,0,0,0,0,0,0
410143,1,1,1998,0,0,0,0,0,0,0,0,0,0
410144,1,1,1998,3,3,3,3,3,3,3,3,3,3
410145,1,1,1998,0,0,0,0,0,5,0,0,0,0
410146,1,1,1998,0,0,0,0,0,0,0,0,0,0
410146,2,1,1998,0,0,0,0,0,0,0,0,0,0
410147,1,1,1998,2,2,2,2,2,2,2,2,2,2
410148,1,1,1998,0,0,0,0,0,0,0,0,0,0
410149,1,1,1998,16,16,16,16,16,16,16,16,16,16
410149,2,1,1998,0,0,0,0,0,0,0,0,0,0
410150,1,1,1998,18,18,18,18,18,18,18,18,18,18
410151,1,1,1998,0,0,0,0,0,0,0,0,0,0
410152,1,1,1998,15,15,15,15,15,15,15,15,15,15
410153,1,1,1998,0,17,16,0,0,0,0,0,29,28
410154,1,1,1998,0,0,0,0,0,0,0,0,0,0
410155,1,1,1998,10,10,10,10,10,10,10,10,10,10
410156,1,1,1998,12,12,12,12,12,12,12,12,12,12
410157,1,1,1998,0,0,0,0,0,0,0,0,0,0
410157,2,1,1998,0,0,0,0,0,0,0,0,0,0
410158,1,1,1998,9,9,9,9,9,9,9,9,9,9
410158,2,1,1998,0,0,0,0,0,0,0,0,0,0
410159,0,1,1998,0,0,0,0,0,0,0,0,0,0
410159,0,4,1998,15,20,0,0,17,21,18,0,0,0
410159,1,1,1998,0,0,0,0,0,0,0,0,0,0
410160,1,1,1998,2,2,2,2,2,2,2,2,2,2
410161,1,1,1998,0,0,0,0,0,0,0,0,0,0
410162,1,1,1998,0,0,0,0,0,0,0,0,0,0
410162,2,1,1998,0,0,0,0,0,0,0,0,0,0
410163,1,1,1998,0,0,0,0,0,0,0,0,0,0
410163,2,1,1998,0,0,0,0,0,0,0,0,0,0
410164,1,1,1998,0,0,0,0,0,0,0,0,0,0
410164,2,1,1998,26,26,26,26,26,26,26,26,26,26
410165,1,1,1998,0,0,0,0,0,0,0,0,0,0
410165,2,1,1998,0,0,0,0,0,0,0,0,0,0
410166,1,1,1998,15,15,15,15,15,15,15,15,15,15
410167,1,1,1998,0,0,0,0,0,0,0,0,0,0
410167,2,1,1998,0,0,0,0,0,0,0,0,0,0