ST_CASE,VEH_NO,PER_NO,YEAR,P1,P2,P3,P4,P5,P6,P7,P8,P9,P10
410168,1,1,1998,24,24,24,24,24,24,24,24,24,24
410169,1,1,1998,19,19,19,19,19,19,19,19,19,19
410170,1,1,1998,0,24,0,0,0,0,0,0,0,0
410171,1,1,1998,0,0,0,0,0,0,0,0,0,0
410172,0,1,1998,0,0,0,0,0,0,0,0,0,0
410172,1,1,1998,0,0,0,0,0,0,0,0,0,0
410173,1,1,1998,0,0,0,0,0,0,0,0,0,0
410174,1,1,1998,17,17,17,17,17,17,17,17,17,17
410175,1,1,1998,26,26,26,26,26,26,26,26,26,26
410176,0,1,1998,22,22,22,22,22,22,22,22,22,22
410176,1,1,1998,0,0,0,0,0,0,0,0,0,0
410177,0,1,1998,14,14,14,14,14,14,14,14,14,14
410177,1,1,1998,4,4,4,4,4,4,4,4,4,4
410178,1,1,1998,12,12,12,12,12,12,12,12,12,12
410179,1,1,1998,11,11,11,11,11,11,11,11,11,11
410179,2,1,1998,0,0,0,0,0,0,0,0,0,0
410180,0,1,1998,0,0,0,0,0,0,0,0,0,0
410180,1,1,1998,0,0,0,0,0,0,0,0,0,0
410181,1,1,1998,4,4,4,4,4,4,4,4,4,4
410182,1,1,1998,0,15,0,14,16,24,14,35,0,11
410183,1,1,1998,2,2,2,2,2,2,2,2,2,2
410184,1,1,1998,1,1,1,1,1,1,1,1,1,1
410185,1,1,1998,0,0,0,0,0,0,0,0,0,0
410185,2,1,1998,0,0,0,0,0,0,0,0,0,0
410186,1,1,1998,0,0,0,0,0,0,0,0,0,0
410186,2,1,1998,0,0,0,0,0,0,0,0,0,0
410188,1,1,1998,0,0,0,0,0,0,0,0,0,0
410188,2,1,1998,0,0,0,0,0,0,0,0,0,0
410189,1,1,1998,0,0,0,0,0,2,0,0,0,0
410189,2,1,1998,0,0,0,0,0,0,0,0,0,0
410190,1,1,1998,27,27,27,27,27,27,27,27,27,27
410191,1,1,1998,0,0,0,0,0,0,0,0,0,0
410191,2,1,1998,0,0,0,0,0,0,0,0,0,0
410192,1,1,1998,0,0,0,0,0,0,0,0,0,0
410193,0,1,1998,0,0,0,0,0,0,0,0,0,0
410193,1,1,1998,0,0,0,0,0,0,0,0,0,0
410194,1,1,1998,21,21,21,21,21,21,21,21,21,21
410195,1,1,1998,28,28,28,28,28,28,28,28,28,28
410196,1,1,1998,5,5,5,5,5,5,5,5,5,5
410197,1,1,1998,0,0,0,0,0,0,0,0,0,0
410197,2,1,1998,0,0,0,0,0,0,0,0,0,0
410198,1,1,1998,22,14,7,8,15,26,13,10,22,0
410199,1,1,1998,0,0,0,0,0,0,0,0,0,0
410199,2,1,1998,0,0,0,0,0,0,0,0,0,0
410200,1,1,1998,8,8,8,8,8,8,8,8,8,8
410200,2,1,1998,0,0,0,0,0,0,0,0,0,0
410201,1,1,1998,0,0,0,0,0,0,0,0,0,0
410202,1,1,1998,0,0,0,0,0,0,0,0,0,0
410202,2,1,1998,0,0,0,0,0,0,0,0,0,0
410202,3,1,1998,0,0,0,0,0,0,0,0,0,0
410203,1,1,1998,0,0,0,0,0,0,0,0,0,0
410203,2,1,1998,0,0,0,0,0,0,0,0,0,0
410204,0,1,1998,0,0,0,0,0,0,0,0,0,0
410204,1,1,1998,0,0,0,0,0,0,0,0,0,0
410205,1,1,1998,0,0,0,0,0,0,0,0,0,0
410205,2,1,1998,0,0,0,0,0,0,0,0,0,0
410206,0,1,1998,0,0,0,0,0,0,0,0,0,0
410206,1,1,1998,0,0,0,0,0,0,0,0,0,0
410207,0,1,1998,12,12,12,12,12,12,12,12,12,12
410207,1,1,1998,0,0,0,0,0,0,0,0,0,6
410208,1,1,1998,18,18,18,18,18,18,18,18,18,18
410208,2,1,1998,0,0,0,0,0,0,0,0,0,0
410209,1,1,1998,13,13,13,13,13,13,13,13,13,13
410210,1,1,1998,0,0,0,0,0,0,0,0,0,0
410210,2,1,1998,0,0,0,0,0,0,0,0,0,0
410211,1,1,1998,0,0,0,0,0,0,0,0,0,0
410211,2,1,1998,0,0,0,0,0,0,0,0,0,0
410212,1,1,1998,11,11,11,11,11,11,11,11,11,11
410213,1,1,1998,0,0,0,0,0,0,0,0,0,0
410213,2,1,1998,0,0,0,0,0,0,0,0,0,0
410214,1,1,1998,0,0,0,0,0,0,0,0,0,0
410214,2,1,1998,0,0,0,0,0,0,0,0,0,0
410215,1,1,1998,11,11,11,11,11,11,11,11,11,11
410216,0,1,1998,0,0,0,0,0,0,0,0,0,0
410216,1,1,1998,0,0,0,0,0,0,0,0,0,0
410217,1,1,1998,0,0,0,0,0,0,0,0,0,0
410218,1,1,1998,14,14,14,14,14,14,14,14,14,14
410219,1,1,1998,18,18,18,18,18,18,18,18,18,18
410220,1,1,1998,0,0,0,0,0,0,0,0,0,0
410220,2,1,1998,19,0,0,0,0,0,0,0,0,0
410220,3,1,1998,0,0,0,0,0,0,0,0,0,0
410222,1,1,1998,0,0,0,0,0,0,0,0,0,0
410223,1,1,1998,0,0,0,0,0,0,0,0,0,0
410223,2,1,1998,0,0,0,0,0,0,0,0,0,0
410224,0,1,1998,21,32,35,12,15,38,16,21,17,29
410224,1,1,1998,27,27,27,27,27,27,27,27,27,27
410225,1,1,1998,0,0,0,0,0,0,0,0,0,0
410225,2,1,1998,0,0,0,0,0,0,0,0,0,0
410226,1,1,1998,28,28,28,28,28,28,28,28,28,28
410226,2,1,1998,0,0,0,0,0,0,0,0,0,0
410226,3,1,1998,18,0,12,0,10,7,0,0,0,24
410227,0,1,1998,0,0,0,0,0,0,0,0,0,0
410227,0,2,1998,0,0,8,0,0,0,0,0,0,0
410227,1,1,1998,0,0,0,0,0,0,0,0,0,0
410228,1,1,1998,25,25,25,25,25,25,25,25,25,25
410228,2,1,1998,0,0,0,0,0,0,0,0,0,0
410229,0,1,1998,0,0,0,0,0,0,0,0,0,0
410229,1,1,1998,0,0,0,0,0,0,0,0,0,0
410230,1,1,1998,26,0,0,0,0,0,0,0,0,0
410231,1,1,1998,23,23,23,23,23,23,23,23,23,23
410232,1,1,1998,10,10,10,10,10,10,10,10,10,10
410233,1,1,1998,29,29,29,29,29,29,29,29,29,29
410234,0,1,1998,0,0,0,0,0,0,0,0,0,0
410234,1,1,1998,0,0,0,0,0,0,0,0,0,0
410235,1,1,1998,0,0,0,0,0,0,0,0,0,0
410236,1,1,1998,0,0,0,0,0,0,0,0,0,0
410236,2,1,1998,0,0,0,0,0,0,0,0,0,0
410236,3,1,1998,0,0,0,0,0,0,0,0,0,0
410237,1,1,1998,0,0,0,0,0,0,0,0,0,0
410238,1,1,1998,24,24,24,24,24,24,24,24,24,24
410238,2,1,1998,0,0,0,17,0,14,0,10,0,0
410239,1,1,1998,0,0,0,0,0,0,0,0,0,0
410239,2,1,1998,0,0,0,0,0,0,0,0,0,0
410239,3,1,1998,0,0,0,0,0,0,0,0,0,0
410240,1,1,1998,0,0,0,0,0,0,0,0,0,0
410240,2,1,1998,0,0,0,0,0,0,0,0,0,6
410240,3,1,1998,0,0,0,0,3,0,0,0,0,0
410241,1,1,1998,0,0,0,0,0,0,0,0,0,0
410241,2,1,1998,0,0,8,0,0,0,0,0,0,0
410242,1,1,1998,0,0,0,0,0,0,0,0,0,0
410243,1,1,1998,14,14,14,14,14,14,14,14,14,14
410244,1,1,1998,14,14,14,14,14,14,14,14,14,14
410245,1,1,1998,0,0,0,0,0,0,0,0,0,0
410245,2,1,1998,0,0,0,0,0,0,0,0,0,0
410246,1,1,1998,18,18,18,18,18,18,18,18,18,18
410247,1,1,1998,0,0,0,0,0,0,0,0,0,0
410248,1,1,1998,20,20,20,20,20,20,20,20,20,20
410248,2,1,1998,0,0,0,0,0,0,0,0,0,0
410249,1,1,1998,0,0,0,0,0,0,0,0,0,0
410249,2,1,1998,0,0,0,0,0,0,0,0,0,0
410250,0,1,1998,29,29,29,29,29,29,29,29,29,29
410250,1,1,1998,0,0,0,0,0,0,0,0,0,3
410251,1,1,1998,11,11,11,11,11,11,11,11,11,11
410252,1,1,1998,0,0,0,0,0,0,0,0,0,0
410252,2,1,1998,2,2,2,2,2,2,2,2,2,2
410253,1,1,1998,20,20,20,20,20,20,20,20,20,20
410254,0,1,1998,17,17,17,17,17,17,17,17,17,17
410254,1,1,1998,16,16,16,16,16,16,16,16,16,16
410254,2,1,1998,0,0,0,0,0,0,0,0,0,0
410255,1,1,1998,0,0,0,0,0,0,0,0,0,0
410256,1,1,1998,0,0,0,0,0,0,0,0,0,0
410257,1,1,1998,0,0,0,0,0,0,0,0,0,0
410258,1,1,1998,20,20,20,20,20,20,20,20,20,20
410258,2,1,1998,0,0,0,0,0,0,0,0,0,0
410259,1,1,1998,0,0,0,0,0,0,0,0,0,0
410260,0,1,1998,0,0,0,0,0,0,0,0,0,0
410260,1,1,1998,0,0,0,0,0,0,0,0,0,0
410261,1,1,1998,0,0,0,0,0,0,0,0,0,0
410261,2,1,1998,0,0,0,0,0,0,0,0,0,0
410262,1,2,1998,0,0,0,0,0,0,0,0,0,0
410262,2,1,1998,0,0,0,0,0,0,0,0,0,0
410262,3,1,1998,0,0,0,0,0,0,0,0,0,0
410263,1,1,1998,0,0,0,0,0,0,0,0,0,0
410263,2,1,1998,0,0,0,0,0,0,0,0,0,0
410264,1,1,1998,0,0,0,0,0,0,0,0,0,0
410264,2,1,1998,0,5,0,0,8,0,0,9,0,0
410265,1,1,1998,0,0,0,0,0,0,0,20,13,0
410266,1,1,1998,22,22,22,22,22,22,22,22,22,22
410267,1,1,1998,0,0,0,0,0,0,0,0,0,0
410267,2,1,1998,0,0,0,0,0,0,0,0,0,0
410268,1,1,1998,25,25,25,25,25,25,25,25,25,25
410270,1,1,1998,18,0,0,0,0,0,0,0,0,0
410270,2,1,1998,0,0,0,0,0,0,0,0,0,0
410271,1,1,1998,19,19,19,19,19,19,19,19,19,19
410272,0,1,1998,0,0,0,0,0,0,0,0,0,0
410272,1,1,1998,0,0,0,0,0,0,0,0,0,0
410273,1,1,1998,0,0,0,0,0,0,0,0,0,0
410274,1,1,1998,0,0,0,0,0,0,0,0,0,0
410274,2,1,1998,0,0,0,0,0,0,0,0,0,0
410274,3,1,1998,0,0,0,0,0,0,0,0,0,0
410275,1,1,1998,17,17,17,17,17,17,17,17,17,17
410275,2,1,1998,0,0,0,0,0,0,0,0,0,0
410276,1,1,1998,0,0,0,0,0,0,0,0,0,0
410277,1,1,1998,0,0,0,0,0,0,0,0,0,0
410278,1,1,1998,0,0,0,0,0,0,0,0,0,0
410278,2,1,1998,0,0,0,0,0,0,0,0,0,0
410278,3,1,1998,0,0,0,0,0,0,0,15,0,0
410279,0,1,1998,0,0,0,0,0,0,0,0,0,0
410279,1,1,1998,0,0,0,0,0,0,0,0,0,0
410280,1,1,1998,0,0,0,0,0,0,0,0,0,0
410280,2,1,1998,3,3,3,3,3,3,3,3,3,3
410281,1,1,1998,4,4,4,4,4,4,4,4,4,4
410281,2,1,1998,0,0,0,0,0,0,0,0,0,0
410282,1,1,1998,21,21,21,21,21,21,21,21,21,21
410283,1,1,1998,6,6,6,6,6,6,6,6,6,6
410284,1,1,1998,28,28,28,28,28,28,28,28,28,28
410285,1,1,1998,0,0,0,0,0,0,0,0,0,0
410285,2,1,1998,0,0,0,0,0,0,0,0,0,0
410286,1,1,1998,0,0,0,0,0,0,0,0,0,0
410287,1,1,1998,0,0,0,0,0,0,0,0,0,0
410288,1,1,1998,13,13,13,13,13,13,13,13,13,13
410289,1,1,1998,0,0,0,0,0,0,0,0,0,0
410289,2,1,1998,0,0,0,0,0,0,0,0,0,0
410290,1,1,1998,15,15,15,15,15,15,15,15,15,15
410291,1,1,1998,2,2,2,2,2,2,2,2,2,2
410291,2,1,1998,0,0,0,0,0,0,0,0,0,0
410292,1,1,1998,0,0,0,0,0,0,0,0,0,0
410292,2,1,1998,0,0,0,0,0,0,0,0,0,0
410293,1,1,1998,21,21,21,21,21,21,21,21,21,21
410294,1,1,1998,0,0,0,0,0,0,0,0,0,0
410294,2,1,1998,0,0,0,0,0,0,0,0,0,0
410294,3,1,1998,0,0,0,0,0,0,0,0,0,0
410295,1,1,1998,1,1,1,1,1,1,1,1,1,1
410295,2,1,1998,0,0,0,0,0,0,0,0,0,0
410295,3,1,1998,0,0,0,0,0,0,0,0,0,0
410296,1,1,1998,0,0,0,0,0,0,0,0,0,0
410297,1,1,1998,0,0,0,0,0,0,0,0,0,0
410297,2,1,1998,0,0,0,0,0,0,0,0,0,0
410298,1,1,1998,17,17,17,17,17,17,17,17,17,17
410299,1,1,1998,18,18,18,18,18,18,18,18,18,18
410300,1,1,1998,0,0,0,0,0,0,0,0,0,0
410300,2,1,1998,5,5,5,5,5,5,5,5,5,5
410301,1,1,1998,0,0,0,0,0,0,0,0,0,0
410302,1,1,1998,10,10,10,10,10,10,10,10,10,10
410303,0,1,1998,0,0,0,0,0,0,0,0,0,0
410303,1,1,1998,0,0,0,0,0,0,0,0,0,0
410304,1,1,1998,0,0,0,0,0,0,0,0,0,0
410304,2,1,1998,0,0,0,0,0,0,0,0,0,0
410305,1,1,1998,0,0,0,0,0,0,0,0,0,0
410306,1,1,1998,0,0,0,0,0,0,0,0,0,0
410306,2,1,1998,0,0,0,0,0,0,0,0,0,0
410307,1,1,1998,0,0,0,0,0,0,0,0,0,0
410307,2,1,1998,0,0,0,0,0,0,0,0,0,0
410308,1,1,1998,0,0,0,0,0,0,0,0,0,0
410308,2,1,1998,13,13,13,13,13,13,13,13,13,13
410309,1,1,1998,0,0,0,0,0,0,0,0,0,0
410309,2,1,1998,0,0,0,0,0,0,0,0,0,0
410310,1,1,1998,5,5,5,5,5,5,5,5,5,5
410311,1,1,1998,10,10,10,10,10,10,10,10,10,10
410312,1,1,1998,0,0,0,0,0,0,0,0,0,0
410312,2,1,1998,0,0,0,0,0,0,0,0,0,0
410313,1,1,1998,0,0,0,0,0,0,0,0,0,0
410314,1,1,1998,0,0,0,0,0,0,0,0,0,0
410314,2,1,1998,1,1,1,1,1,1,1,1,1,1
410315,1,1,1998,12,12,12,12,12,12,12,12,12,12
410316,0,1,1998,0,0,0,0,0,0,0,0,0,0
410316,1,1,1998,0,0,0,0,0,0,0,0,0,0
410317,1,1,1998,0,0,0,0,0,0,0,0,0,0
410317,2,1,1998,14,14,11,18,24,8,8,17,14,16
410318,1,1,1998,0,0,0,0,0,0,0,0,0,0
410318,2,1,1998,0,0,0,0,0,0,0,0,0,0
410319,0,1,1998,30,30,30,30,30,30,30,30,30,30
410319,1,1,1998,2,0,0,0,0,0,0,0,0,0
410320,1,1,1998,21,21,21,21,21,21,21,21,21,21
410321,1,1,1998,0,0,0,0,0,0,0,0,0,0
410322,1,1,1998,0,0,0,0,0,0,0,0,0,0
410323,0,1,1998,0,15,0,4,0,0,32,0,0,0
410323,1,1,1998,10,10,10,10,10,10,10,10,10,10
410324,1,1,1998,13,13,13,13,13,13,13,13,13,13
410325,1,1,1998,0,0,0,12,0,0,0,0,0,0
410325,2,1,1998,0,0,0,0,0,0,0,0,0,0
410326,1,1,1998,10,10,10,10,10,10,10,10,10,10
410327,1,1,1998,1,1,1,1,1,1,1,1,1,1
410327,2,1,1998,0,0,0,0,0,0,0,0,0,0
410328,1,1,1998,0,0,0,0,0,0,0,0,0,0
410328,2,1,1998,0,0,0,0,0,0,0,0,0,0
410329,1,1,1998,0,0,0,0,0,0,0,0,0,0
410330,0,1,1998,0,0,0,0,0,0,0,0,0,0
410330,1,1,1998,0,0,0,0,0,0,0,0,0,0
410331,1,1,1998,0,0,0,0,0,0,0,0,0,0
410332,1,1,1998,0,0,0,0,24,0,0,6,0,0
410332,2,1,1998,0,0,0,0,0,0,0,0,0,0
410333,1,1,1998,0,0,0,0,0,0,0,0,0,4
410334,0,1,1998,0,0,0,0,0,0,0,0,0,0
410334,0,2,1998,0,0,0,0,0,0,0,0,0,0
410334,1,1,1998,21,21,21,21,21,21,21,21,21,21
410334,2,1,1998,0,0,0,0,0,0,0,0,0,0
410334,3,1,1998,12,22,0,17,0,0,3,0,25,16
410334,4,1,1998,0,0,0,0,13,0,0,0,0,0
410334,5,1,1998,0,0,0,0,0,0,0,0,0,0
410335,1,1,1998,0,0,0,0,0,0,0,0,0,0
410336,1,1,1998,0,0,0,0,0,0,0,0,0,0
410337,0,1,1998,0,0,0,0,0,0,0,0,0,0
410337,1,1,1998,0,0,0,0,0,0,0,0,0,0
410337,2,1,1998,0,0,0,0,0,0,0,0,0,0
410338,1,1,1998,9,9,9,9,9,9,9,9,9,9
410338,2,1,1998,0,0,0,0,0,0,0,0,0,0
410339,1,1,1998,25,25,25,25,25,25,25,25,25,25
410340,1,1,1998,0,0,0,0,0,0,0,0,0,0
410341,1,1,1998,0,0,0,0,0,0,0,0,0,0
410342,1,1,1998,0,0,0,0,0,0,0,0,0,0
410342,2,1,1998,26,26,26,26,26,26,26,26,26,26
410343,1,1,1998,0,0,0,0,0,0,0,0,0,0
410344,1,1,1998,25,25,25,25,25,25,25,25,25,25
410345,1,1,1998,0,0,0,0,0,0,0,0,0,0
410345,2,1,1998,0,0,0,0,0,0,0,0,0,0
410346,0,1,1998,0,0,0,0,0,0,0,0,0,0
410346,1,1,1998,0,0,0,0,0,0,0,0,0,0
410346,2,1,1998,0,0,0,0,0,0,0,0,0,0
410347,1,1,1998,22,22,22,22,22,22,22,22,22,22
410348,1,1,1998,26,26,26,26,26,26,26,26,26,26
410349,1,1,1998,0,0,0,0,0,0,0,0,0,0
410349,2,1,1998,0,0,0,0,0,0,0,0,0,0
410350,1,1,1998,0,0,0,0,0,0,0,0,0,0
410351,0,1,1998,24,24,24,24,24,24,24,24,24,24
410351,1,1,1998,0,0,0,0,0,0,0,0,0,0
410352,1,1,1998,0,0,0,0,0,0,0,0,0,0
410353,0,1,1998,31,31,31,31,31,31,31,31,31,31
410353,1,1,1998,0,0,0,0,0,0,0,0,0,0
410354,1,1,1998,0,0,0,0,0,0,0,0,0,16
410355,0,1,1998,0,0,0,0,0,0,0,0,0,0
410355,1,1,1998,0,0,0,0,0,0,0,0,0,0
410356,0,1,1998,0,0,0,0,0,0,0,0,0,0
410356,1,1,1998,0,0,0,0,0,0,0,0,0,0
410357,1,1,1998,22,22,22,22,22,22,22,22,22,22
410357,2,1,1998,0,0,0,0,0,0,0,0,0,0
410358,1,1,1998,0,0,0,0,0,0,0,0,0,0
410359,1,1,1998,0,0,0,0,0,0,0,0,0,0
410359,2,1,1998,0,0,0,0,0,0,0,0,0,0
410360,1,1,1998,0,0,0,0,0,0,0,0,0,0
410360,2,1,1998,1,1,1,1,1,1,1,1,1,1
410361,1,1,1998,0,0,0,0,0,0,0,0,0,0
410361,2,1,1998,0,0,0,0,0,0,0,0,0,0
410362,0,1,1998,21,21,21,21,21,21,21,21,21,21
410362,1,1,1998,0,0,0,0,0,0,0,0,0,0
410362,2,1,1998,0,0,19,18,0,0,0,0,5,0
410363,1,1,1998,17,17,17,17,17,17,17,17,17,17
410364,1,1,1998,0,0,0,0,0,0,0,0,0,0
410365,1,1,1998,0,0,0,0,0,0,0,0,0,0
410365,2,1,1998,0,0,0,19,0,0,0,0,0,0
410367,1,1,1998,21,21,21,21,21,21,21,21,21,21
410368,1,1,1998,0,0,0,0,0,0,0,0,0,0
410369,0,1,1998,0,0,0,0,0,0,0,0,0,0
410369,1,1,1998,0,0,0,0,0,0,0,0,0,0
410370,1,1,1998,10,10,10,10,10,10,10,10,10,10
410371,1,1,1998,0,0,0,0,0,0,0,0,0,0
410372,1,1,1998,0,0,0,0,0,0,0,0,0,0
410372,2,1,1998,0,0,13,0,0,0,0,0,0,0
410372,3,1,1998,0,0,0,0,0,0,0,0,0,0
410373,0,1,1998,8,8,8,8,8,8,8,8,8,8
410373,1,1,1998,0,0,0,0,0,0,0,0,0,0
410374,0,1,1998,0,0,0,0,0,0,0,0,0,0
410374,1,1,1998,0,0,0,0,0,0,0,0,0,0
410375,1,1,1998,11,11,11,11,11,11,11,11,11,11
410376,1,1,1998,1,1,1,1,1,1,1,1,1,1
410376,2,1,1998,0,0,0,0,0,0,0,0,0,0
410377,1,1,1998,11,11,11,11,11,11,11,11,11,11
410378,1,1,1998,5,5,5,5,5,5,5,5,5,5
410379,0,1,1998,45,0,8,20,24,6,44,28,19,12
410379,1,1,1998,0,0,0,0,0,0,0,0,0,0
410380,1,1,1998,5,5,5,5,5,5,5,5,5,5
410380,2,1,1998,0,0,0,0,0,0,0,0,0,0
410381,1,1,1998,27,27,27,27,27,27,27,27,27,27
410382,1,1,1998,0,0,0,0,0,0,0,0,0,0
410382,2,1,1998,0,0,0,0,0,0,0,0,0,0
410383,1,1,1998,16,16,16,16,16,16,16,16,16,16
410384,1,1,1998,0,0,0,0,0,0,0,0,0,0
410384,2,1,1998,0,0,0,0,0,0,0,0,0,0
410385,1,1,1998,0,0,0,0,0,0,0,0,0,0
410385,2,1,1998,0,0,0,0,0,0,0,0,0,0
410386,1,1,1998,0,0,0,0,0,0,0,0,0,0
410386,2,1,1998,0,0,0,0,0,0,0,0,0,0
410387,1,1,1998,0,0,0,0,0,0,0,0,0,0
410387,2,1,1998,0,0,0,0,0,0,0,0,0,0
410388,1,1,1998,0,0,0,0,0,0,0,0,0,0
410389,1,1,1998,0,0,0,0,0,0,0,0,0,0
410389,2,1,1998,9,9,9,9,9,9,9,9,9,9
410390,1,1,1998,26,26,26,26,26,26,26,26,26,26
410391,1,1,1998,0,0,0,0,0,0,0,0,0,0
410391,2,1,1998,0,0,0,0,0,0,0,0,0,0
410391,3,1,1998,0,0,0,0,0,0,0,0,0,0
410392,1,1,1998,13,13,13,13,13,13,13,13,13,13
410393,1,1,1998,0,15,0,0,0,0,10,0,0,0
410394,1,1,1998,23,23,23,23,23,23,23,23,23,23
410395,0,1,1998,0,0,0,0,0,0,0,0,0,0
410395,1,1,1998,0,0,0,0,0,0,0,0,0,0
410396,1,1,1998,0,0,0,0,0,0,0,0,0,0
410397,1,1,1998,21,21,21,21,21,21,21,21,21,21
410398,1,1,1998,22,22,22,22,22,22,22,22,22,22
410398,2,1,1998,0,0,0,0,0,14,0,0,0,0
410399,0,1,1998,0,0,0,0,0,0,0,0,0,0
410399,1,1,1998,0,0,0,0,0,0,0,0,0,0
410400,1,1,1998,0,0,0,0,0,0,0,0,0,0
410400,2,1,1998,0,0,0,0,0,0,0,0,0,0
410401,1,1,1998,0,0,0,0,0,0,0,0,0,0
410401,2,1,1998,0,0,0,0,0,0,0,0,0,0
410402,1,1,1998,0,0,0,0,0,0,0,0,0,0
410403,1,1,1998,0,0,0,0,0,0,0,0,0,0
410403,2,1,1998,0,0,0,0,0,0,0,0,0,0
410404,1,1,1998,0,0,0,0,0,0,0,0,0,0
410405,1,1,1998,5,5,5,5,5,5,5,5,5,5
410405,2,1,1998,0,0,0,0,0,0,0,0,0,0
410406,1,1,1998,0,0,0,0,0,0,0,0,0,0
410406,2,1,1998,0,0,0,0,0,0,0,0,0,0
410407,1,1,1998,0,0,0,0,0,0,0,0,0,0
410407,2,1,1998,0,0,0,0,0,0,0,0,0,0
410408,1,1,1998,0,7,0,0,0,0,0,0,0,0
410408,2,1,1998,0,0,0,0,0,0,0,0,0,0
410409,1,1,1998,0,0,0,0,0,0,0,0,0,0
410409,2,1,1998,0,0,0,0,0,0,0,0,0,0
410410,1,1,1998,13,13,13,13,13,13,13,13,13,13
410411,1,1,1998,28,28,28,28,28,28,28,28,28,28
410412,1,1,1998,19,19,19,19,19,19,19,19,19,19
410413,0,1,1998,10,10,10,10,10,10,10,10,10,10
410413,1,1,1998,11,11,11,11,11,11,11,11,11,11
410414,1,1,1998,0,0,0,0,0,0,0,0,0,0
410414,2,1,1998,0,0,0,0,0,0,0,0,0,0
410415,1,1,1998,0,0,0,0,0,0,0,0,0,0
410416,1,1,1998,0,0,0,0,0,0,0,0,0,0
410416,2,1,1998,0,0,0,0,0,0,0,0,0,0
410417,1,1,1998,0,0,0,0,0,0,0,0,0,0
410417,2,1,1998,0,0,0,0,0,0,0,0,0,0
410418,1,1,1998,5,5,5,5,5,5,5,5,5,5
410419,1,1,1998,0,0,0,0,0,0,0,0,0,0
410419,2,1,1998,0,0,0,0,0,0,0,0,0,0
410420,1,1,1998,0,0,0,0,0,0,0,0,0,0
410420,2,1,1998,0,0,0,0,0,0,0,0,0,0
410421,0,1,1998,0,0,0,0,0,0,0,0,0,0
410421,1,1,1998,0,0,0,0,0,0,0,0,0,0
410422,1,1,1998,0,0,6,0,0,0,0,0,8,0
410424,0,1,1998,21,21,21,21,21,21,21,21,21,21
410424,1,1,1998,0,0,0,0,0,0,0,0,0,0
410424,2,1,1998,0,0,0,0,0,0,0,0,0,0
410424,3,1,1998,0,0,0,0,0,0,0,0,0,0
410425,1,1,1998,0,0,0,0,0,0,0,0,0,0
410425,2,1,1998,0,0,0,0,0,0,0,0,0,0
410426,1,1,1998,0,0,0,0,0,0,0,0,0,0
410426,2,1,1998,0,0,0,0,0,0,0,0,0,0
410426,3,1,1998,0,0,0,0,0,0,0,0,0,0
410426,4,1,1998,0,0,0,0,0,5,0,0,0,0
410427,1,1,1998,3,3,3,3,3,3,3,3,3,3
410427,2,1,1998,0,0,0,0,14,0,0,0,0,0
410427,3,1,1998,0,0,0,0,0,0,0,0,0,0
410428,0,1,1998,26,26,26,26,26,26,26,26,26,26
410428,1,1,1998,0,0,0,0,0,0,0,0,0,0
410428,2,1,1998,0,0,0,0,0,0,0,0,0,0
410429,1,1,1998,14,14,14,14,14,14,14,14,14,14
410430,1,1,1998,18,18,18,18,18,18,18,18,18,18
410431,1,1,1998,9,9,9,9,9,9,9,9,9,9
410432,1,1,1998,1,1,1,1,1,1,1,1,1,1
410432,2,1,1998,0,0,0,0,0,0,0,0,0,0
410433,1,1,1998,12,12,12,12,12,12,12,12,12,12
410433,2,1,1998,0,0,0,0,0,0,0,0,0,0
410434,1,1,1998,0,0,0,0,0,0,0,0,0,0
410434,2,1,1998,0,0,0,0,0,0,0,0,0,0
410434,3,1,1998,0,0,0,0,0,0,0,0,0,0
410435,1,1,1998,0,0,0,0,0,0,0,0,0,0
410435,2,1,1998,0,0,0,0,0,0,0,0,0,0
410436,0,1,1998,0,0,0,0,0,0,0,0,0,0
410436,1,1,1998,0,0,0,0,0,0,0,0,0,0
410437,1,1,1998,0,0,0,0,0,0,0,0,0,0
410437,2,1,1998,18,18,18,18,18,18,18,18,18,18
410438,1,1,1998,0,0,0,0,0,0,0,0,0,0
410438,2,1,1998,0,0,0,0,0,0,0,0,0,0
410439,1,1,1998,2,2,2,2,2,2,2,2,2,2
410440,0,1,1998,0,0,0,0,0,0,0,0,0,0
410440,1,1,1998,0,0,0,0,0,0,0,0,0,0
410441,1,1,1998,0,0,0,0,0,0,0,0,0,0
410441,2,1,1998,0,0,0,0,0,0,0,0,0,0
410441,3,1,1998,0,0,0,0,0,0,0,0,0,0
410441,4,1,1998,0,0,0,0,0,0,0,0,0,0
410442,1,1,1998,23,23,23,23,23,23,23,23,23,23
410442,2,1,1998,0,33,0,0,0,0,0,0,0,0
410443,1,1,1998,0,0,0,0,0,0,0,0,0,0
410443,2,1,1998,17,17,17,17,17,17,17,17,17,17
410445,1,1,1998,0,0,0,0,0,0,0,0,0,0
410445,2,1,1998,0,18,0,0,0,0,0,0,0,0
410447,1,1,1998,12,12,12,12,12,12,12,12,12,12
410448,1,1,1998,22,22,22,22,22,22,22,22,22,22
410449,0,1,1998,0,0,24,0,0,16,0,4,0,5
410449,1,1,1998,0,0,0,0,0,0,0,0,0,0
410450,1,1,1998,0,0,0,0,0,0,0,0,0,0