ST_CASE,VEH_NO,PER_NO,YEAR,P1,P2,P3,P4,P5,P6,P7,P8,P9,P10
420228,0,7,1998,0,0,15,33,0,0,0,0,0,0
420228,0,8,1998,10,0,12,0,5,16,0,0,0,0
420228,0,9,1998,0,9,19,16,0,0,0,0,0,0
420228,0,10,1998,0,0,0,0,0,0,0,0,0,0
420228,1,1,1998,0,0,0,0,0,0,0,0,0,0
420228,2,1,1998,0,0,0,0,0,0,9,0,0,0
420229,1,1,1998,0,0,0,0,0,0,0,0,0,0
420230,1,1,1998,0,15,0,0,0,0,0,11,0,0
420230,2,1,1998,0,0,0,0,0,0,0,0,0,0
420231,1,1,1998,0,32,28,14,0,16,18,23,0,28
420232,1,1,1998,0,0,0,0,0,0,0,0,0,0
420232,2,1,1998,0,10,0,0,0,0,0,0,0,0
420232,3,1,1998,0,0,0,0,0,0,0,0,0,0
420233,1,1,1998,19,19,19,19,19,19,19,19,19,19
420233,2,1,1998,0,0,0,0,0,0,0,0,0,0
420234,1,1,1998,17,0,19,7,0,0,27,13,35,0
420235,0,1,1998,0,23,22,0,0,18,0,0,0,7
420235,1,1,1998,14,14,14,14,14,14,14,14,14,14
420236,1,1,1998,2,0,0,0,0,0,0,6,0,19
420237,1,1,1998,0,56,0,0,9,0,20,29,0,0
420238,1,1,1998,10,10,10,10,10,10,10,10,10,10
420239,1,1,1998,0,0,0,0,0,0,0,0,0,0
420240,1,1,1998,0,0,0,0,0,0,0,0,0,0
420241,1,1,1998,0,0,0,0,0,0,0,0,0,0
420242,1,1,1998,0,0,0,0,4,0,0,0,0,0
420243,1,1,1998,22,22,22,22,22,22,22,22,22,22
420243,2,1,1998,43,32,24,12,33,30,0,27,20,16
420244,1,1,1998,0,0,0,0,0,0,0,0,0,0
420244,2,1,1998,0,0,0,0,0,0,0,0,0,0
420244,3,1,1998,0,0,0,0,0,0,0,0,0,0
420245,1,1,1998,7,23,15,0,27,0,32,29,16,21
420245,2,1,1998,18,18,18,18,18,18,18,18,18,18
420246,1,1,1998,0,0,0,0,0,0,0,0,0,9
420247,0,1,1998,0,14,0,16,0,0,0,0,0,0
420247,1,1,1998,17,17,17,17,17,17,17,17,17,17
420248,1,1,1998,11,11,11,11,11,11,11,11,11,11
420249,1,1,1998,32,16,27,0,21,17,43,23,35,29
420249,2,1,1998,0,0,0,0,0,0,0,0,0,0
420249,3,1,1998,0,0,0,0,0,0,0,0,0,0
420249,4,1,1998,0,0,0,0,0,0,0,0,0,0
420250,1,1,1998,0,0,0,0,0,0,0,0,0,0
420250,2,1,1998,0,0,0,2,9,0,0,0,0,0
420250,3,1,1998,0,0,0,0,0,0,0,0,0,0
420250,4,1,1998,0,0,0,0,0,0,0,0,0,0
420250,5,1,1998,0,0,0,0,0,0,0,0,0,0
420251,1,1,1998,0,13,23,21,0,0,0,0,0,14
420252,1,1,1998,0,0,0,0,0,0,0,0,0,0
420253,1,1,1998,0,0,0,0,0,0,0,0,0,0
420253,2,1,1998,0,0,0,0,0,0,0,0,0,0
420254,0,1,1998,0,0,0,0,20,0,0,0,0,12
420254,1,1,1998,0,0,0,0,0,0,6,0,0,0
420255,1,1,1998,2,2,2,2,2,2,2,2,2,2
420255,2,1,1998,0,0,0,0,0,0,0,0,0,12
420256,0,1,1998,0,0,21,0,18,0,0,0,0,0
420256,1,1,1998,0,0,0,0,0,0,0,0,0,0
420257,1,1,1998,28,28,28,28,28,28,28,28,28,28
420257,2,1,1998,0,0,0,0,0,0,0,0,0,0
420258,1,1,1998,15,15,15,15,15,15,15,15,15,15
420259,1,1,1998,22,12,19,22,0,19,45,7,23,39
420260,1,1,1998,0,0,0,0,0,0,0,0,0,0
420261,1,1,1998,0,0,0,0,0,0,0,0,0,0
420261,2,1,1998,0,0,0,0,0,0,0,0,0,0
420262,1,1,1998,0,0,0,0,0,0,0,0,0,0
420263,1,1,1998,0,0,0,0,0,0,0,0,0,0
420263,2,1,1998,0,0,0,0,0,0,0,0,0,20
420263,3,1,1998,0,0,0,0,0,0,0,0,0,0
420264,1,1,1998,0,0,0,0,0,0,0,0,0,0
420264,2,1,1998,0,0,0,0,0,0,0,0,0,0
420265,1,1,1998,0,2,0,0,13,0,0,8,0,21
420266,1,1,1998,25,25,25,25,25,25,25,25,25,25
420267,1,1,1998,24,24,24,24,24,24,24,24,24,24
420267,2,1,1998,12,0,0,0,0,15,0,0,0,0
420267,3,1,1998,0,0,0,0,0,0,0,0,0,0
420267,4,1,1998,0,0,0,0,0,0,0,0,0,0
420268,1,1,1998,0,0,0,0,0,0,0,0,0,0
420269,1,1,1998,27,27,27,27,27,27,27,27,27,27
420270,1,1,1998,0,0,0,0,0,0,0,0,0,0
420270,2,1,1998,0,0,0,0,0,0,0,0,0,0
420270,3,1,1998,0,0,0,0,0,0,0,0,0,0
420271,1,1,1998,0,0,0,0,0,0,0,0,0,0
420271,2,1,1998,0,0,0,0,0,0,0,0,0,0
420272,0,1,1998,0,0,0,0,0,0,0,0,0,0
420272,1,1,1998,0,0,0,0,0,0,0,0,0,0
420273,1,1,1998,25,25,25,25,25,25,25,25,25,25
420273,2,1,1998,0,10,0,10,15,31,0,29,15,0
420274,1,1,1998,17,17,17,17,17,17,17,17,17,17
420274,2,1,1998,0,0,0,0,0,0,0,0,0,0
420275,1,1,1998,20,31,0,0,0,22,0,0,9,0
420276,1,1,1998,23,23,23,23,23,23,23,23,23,23
420276,2,1,1998,0,0,0,0,0,0,0,0,0,0
420277,1,1,1998,0,0,0,0,0,0,0,0,0,0
420277,2,1,1998,0,0,0,0,0,0,0,0,0,0
420277,3,1,1998,0,0,0,0,0,0,0,0,0,0
420278,1,1,1998,27,12,0,9,23,22,16,20,21,17
420279,1,1,1998,18,18,18,18,18,18,18,18,18,18
420279,2,1,1998,1,1,1,1,1,1,1,1,1,1
420279,3,1,1998,0,0,0,0,0,0,0,0,0,0
420280,1,1,1998,29,29,29,29,29,29,29,29,29,29
420281,1,1,1998,0,0,0,0,0,3,0,0,0,0
420281,2,1,1998,0,0,0,0,0,0,0,0,0,0
420282,1,1,1998,0,0,0,0,0,0,0,0,0,0
420282,2,1,1998,0,0,0,0,0,0,0,0,0,0
420283,1,1,1998,8,0,24,12,0,0,10,0,0,0
420283,2,1,1998,0,0,0,0,0,0,14,21,0,14
420284,1,1,1998,15,15,15,15,15,15,15,15,15,15
420285,1,1,1998,0,0,0,0,0,0,0,0,0,0
420285,2,1,1998,0,0,0,0,0,0,0,0,0,0
420286,1,1,1998,26,26,26,26,26,26,26,26,26,26
420287,1,1,1998,16,16,16,16,16,16,16,16,16,16
420288,1,1,1998,0,0,0,0,0,0,0,0,0,0
420288,2,1,1998,14,0,0,0,0,4,0,11,0,0
420289,0,1,1998,0,0,0,0,0,0,0,8,0,0
420289,1,1,1998,0,0,0,0,0,0,0,0,0,0
420290,1,1,1998,0,0,0,0,0,0,0,0,0,0
420290,2,1,1998,0,0,0,0,0,0,0,0,0,0
420291,1,1,1998,0,0,19,0,15,0,15,0,0,0
420291,2,1,1998,0,0,0,0,30,0,0,0,0,0
420292,1,1,1998,24,24,24,24,24,24,24,24,24,24
420292,2,1,1998,0,0,0,0,0,0,0,0,0,0
420293,1,1,1998,0,0,0,0,0,0,0,0,0,0
420293,2,1,1998,0,0,0,0,0,0,0,0,0,0
420294,0,1,1998,0,0,0,0,0,0,0,0,0,0
420294,1,1,1998,0,0,0,0,0,0,0,0,0,0
420295,1,1,1998,0,0,0,0,0,0,0,0,18,0
420295,2,1,1998,0,0,0,0,0,0,0,0,0,0
420296,1,1,1998,0,0,0,0,0,0,0,0,0,0
420296,2,1,1998,0,0,0,0,0,0,0,0,0,0
420297,0,1,1998,0,0,0,0,0,0,0,0,0,0
420297,1,1,1998,0,0,0,0,0,0,0,0,0,0
420298,1,1,1998,0,0,0,0,0,0,0,0,0,0
420298,2,1,1998,0,0,0,0,0,0,0,0,0,0
420299,1,1,1998,25,25,25,25,25,25,25,25,25,25
420300,1,1,1998,0,0,0,0,0,0,0,0,0,0
420301,1,1,1998,6,0,7,18,0,6,0,0,0,0
420302,1,1,1998,23,23,23,23,23,23,23,23,23,23
420303,1,1,1998,0,0,0,0,0,0,20,0,0,0
420304,1,1,1998,24,13,17,0,7,13,20,19,28,14
420305,1,1,1998,0,0,0,0,0,0,0,0,0,0
420306,1,1,1998,0,0,0,0,0,0,0,0,16,0
420306,2,1,1998,0,0,0,0,0,0,0,0,0,0
420307,1,1,1998,0,0,0,0,0,0,0,0,0,0
420307,2,1,1998,0,0,0,0,0,0,0,0,0,0
420308,1,1,1998,0,6,0,0,0,0,0,0,0,0
420308,2,1,1998,0,0,0,0,0,0,0,0,0,0
420309,1,1,1998,0,0,0,0,0,0,0,0,0,0
420310,1,1,1998,26,26,26,26,26,26,26,26,26,26
420311,1,1,1998,0,0,0,0,0,0,0,0,0,27
420312,0,1,1998,0,0,0,0,0,0,0,0,0,0
420312,1,1,1998,0,0,0,0,0,0,0,0,0,0
420313,1,1,1998,0,0,0,0,0,0,0,0,0,0
420314,1,1,1998,20,20,20,20,20,20,20,20,20,20
420314,2,1,1998,0,0,0,0,0,0,0,0,0,0
420315,1,1,1998,0,0,0,0,0,0,0,0,0,0
420315,2,1,1998,0,0,0,0,0,0,0,0,0,0
420315,3,1,1998,0,0,0,0,0,0,0,0,13,0
420315,4,1,1998,0,0,0,0,0,0,0,0,0,0
420316,0,1,1998,0,0,0,0,0,0,0,0,0,0
420316,1,1,1998,0,0,0,0,0,0,0,0,0,0
420317,1,1,1998,10,10,10,10,10,10,10,10,10,10
420317,2,1,1998,0,0,0,0,0,0,0,0,0,0
420318,1,1,1998,14,14,14,14,14,14,14,14,14,14
420319,0,1,1998,0,0,0,0,0,0,0,0,0,0
420319,1,1,1998,1,1,1,1,1,1,1,1,1,1
420320,1,1,1998,23,22,6,0,0,14,20,0,23,0
420321,1,1,1998,17,17,17,17,17,17,17,17,17,17
420321,2,1,1998,0,0,0,0,0,0,0,0,0,0
420322,1,1,1998,0,0,0,0,0,0,0,0,0,0
420322,2,1,1998,0,0,0,0,0,0,0,0,0,0
420323,1,1,1998,0,0,0,0,0,0,0,0,0,0
420323,2,1,1998,0,0,0,0,0,0,0,0,0,0
420324,1,1,1998,0,0,0,0,0,0,0,0,0,0
420324,2,1,1998,0,0,0,0,0,0,0,0,0,0
420325,1,1,1998,23,23,23,23,23,23,23,23,23,23
420325,2,1,1998,28,21,0,16,0,20,0,0,0,19
420325,3,1,1998,0,21,0,0,0,0,0,0,0,0
420325,4,1,1998,14,0,0,0,0,0,0,0,0,0
420326,1,1,1998,0,0,0,0,0,0,0,0,0,0
420326,2,1,1998,0,0,0,0,0,0,0,0,0,0
420327,1,1,1998,20,20,20,20,20,20,20,20,20,20
420328,1,1,1998,16,16,16,16,16,16,16,16,16,16
420329,1,1,1998,0,0,0,0,0,0,0,0,0,0
420329,2,1,1998,0,0,0,0,0,0,0,0,0,0
420329,3,1,1998,0,0,0,0,0,0,0,0,0,0
420329,4,1,1998,0,0,0,0,0,0,0,0,0,0
420330,1,1,1998,0,16,10,12,0,15,14,5,19,21
420331,1,1,1998,0,0,0,0,0,0,0,0,0,0
420332,1,1,1998,0,0,0,0,0,0,0,0,0,0
420332,2,1,1998,0,0,0,0,0,0,0,0,0,0
420333,1,1,1998,20,0,6,0,0,0,0,0,0,0
420333,2,1,1998,0,0,0,0,0,0,0,0,0,0
420335,0,1,1998,5,22,26,8,16,17,3,24,13,22
420335,1,1,1998,0,0,0,0,0,0,0,0,0,0
420336,1,1,1998,0,0,0,0,0,0,0,0,0,0
420336,2,1,1998,0,0,0,0,0,0,0,0,0,0
420337,1,1,1998,0,0,0,0,0,0,0,0,13,0
420337,2,1,1998,0,0,0,0,0,0,0,0,0,0
420338,1,1,1998,0,0,0,0,0,0,0,0,0,0
420338,2,1,1998,0,0,0,0,0,0,0,0,0,0
420338,3,1,1998,0,0,0,0,0,0,0,0,0,0
420339,1,1,1998,10,10,10,10,10,10,10,10,10,10
420340,1,1,1998,0,0,0,0,0,0,0,0,0,0
420340,2,1,1998,0,0,0,0,0,0,0,0,0,0
420341,1,1,1998,0,0,0,0,0,0,0,0,0,0
420342,1,1,1998,14,14,14,14,14,14,14,14,14,14
420343,1,1,1998,0,0,0,0,18,0,0,9,0,0
420343,2,1,1998,0,0,0,0,0,0,0,0,0,0
420345,0,1,1998,0,0,0,0,0,0,0,0,0,0
420345,1,1,1998,0,0,0,0,0,0,0,0,0,0
420346,0,1,1998,0,0,0,0,0,0,0,0,0,0
420346,1,1,1998,0,0,0,19,0,0,0,0,0,0
420347,1,1,1998,0,0,0,0,0,0,11,0,0,0
420347,2,1,1998,26,26,26,26,26,26,26,26,26,26
420348,1,1,1998,22,22,22,22,22,22,22,22,22,22
420349,1,1,1998,12,12,12,12,12,12,12,12,12,12
420350,1,1,1998,18,18,18,18,18,18,18,18,18,18
420350,2,1,1998,0,0,0,0,0,0,0,0,0,0
420351,1,1,1998,0,0,0,0,0,0,0,0,0,0
420351,2,1,1998,0,0,0,0,0,0,0,0,0,0
420352,1,1,1998,0,0,0,0,0,0,0,0,5,0
420353,1,1,1998,0,0,0,0,0,9,17,0,0,0
420353,2,1,1998,0,0,0,0,0,0,0,0,0,0
420354,1,1,1998,0,0,0,0,0,0,0,11,16,0
420355,0,1,1998,0,0,0,0,0,0,0,0,0,0
420355,1,1,1998,0,0,0,0,0,0,0,0,0,0
420356,1,1,1998,7,11,2,18,6,27,22,18,20,15
420356,2,1,1998,22,4,9,5,10,18,7,14,12,8
420357,1,1,1998,29,29,29,29,29,29,29,29,29,29
420358,0,1,1998,0,0,0,15,0,0,0,25,39,0
420358,1,1,1998,0,0,0,0,0,0,0,0,0,0
420360,0,1,1998,0,0,0,0,0,0,0,0,0,0
420360,1,1,1998,0,0,0,0,0,0,0,0,0,0
420361,1,1,1998,0,0,0,0,0,0,0,0,0,0
420361,2,1,1998,0,0,0,0,0,0,0,0,0,0
420362,1,1,1998,0,0,0,0,0,0,0,0,0,0
420362,2,1,1998,0,0,0,0,0,0,0,0,0,0
420363,1,1,1998,0,0,0,0,0,0,0,18,0,0
420364,1,1,1998,17,17,17,17,17,17,17,17,17,17
420365,1,1,1998,31,0,0,0,0,16,0,0,0,0
420366,1,1,1998,0,0,0,0,0,0,0,0,0,0
420366,2,1,1998,26,26,26,26,26,26,26,26,26,26
420366,3,1,1998,0,0,0,0,0,0,0,0,0,0
420367,0,1,1998,0,0,0,0,0,0,0,0,0,0
420367,1,1,1998,0,0,0,0,0,0,0,0,0,0
420368,1,1,1998,22,22,22,22,22,22,22,22,22,22
420369,0,1,1998,13,13,13,13,13,13,13,13,13,13
420369,1,1,1998,12,9,33,18,16,31,16,27,29,17
420370,1,1,1998,0,0,0,0,0,0,0,0,0,0
420370,2,1,1998,0,0,0,0,0,0,0,0,0,0
420371,1,1,1998,0,0,0,0,0,0,0,0,0,0
420372,1,1,1998,0,0,0,0,0,0,0,0,0,0
420372,2,1,1998,0,0,0,0,0,0,0,0,0,0
420373,0,1,1998,0,0,0,0,0,0,0,0,0,0
420373,1,1,1998,0,0,0,0,0,0,0,0,0,0
420374,1,1,1998,2,0,0,20,0,0,0,0,0,0
420374,2,1,1998,0,15,0,0,0,0,0,0,14,0
420375,1,1,1998,0,0,0,0,0,0,0,0,0,0
420376,1,1,1998,0,0,0,0,0,0,0,0,0,20
420376,2,1,1998,0,0,0,0,0,0,0,0,0,0
420377,1,1,1998,0,0,0,0,0,0,0,0,0,0
420377,2,1,1998,0,0,0,0,0,0,0,0,0,0
420378,1,1,1998,19,19,19,19,19,19,19,19,19,19
420378,2,1,1998,0,29,11,33,1,8,0,27,59,3
420379,0,1,1998,0,0,0,0,0,0,0,0,0,0
420379,1,1,1998,0,0,0,0,0,0,0,0,0,0
420380,1,1,1998,0,0,0,0,0,0,0,14,11,0
420380,2,1,1998,0,0,0,0,0,0,0,0,0,0
420381,0,1,1998,0,15,0,0,17,12,19,0,16,12
420381,1,1,1998,0,0,0,0,0,0,0,0,0,0
420382,1,1,1998,0,0,0,0,0,0,0,0,0,0
420383,1,1,1998,0,12,0,0,0,0,0,0,0,0
420383,2,1,1998,20,17,0,6,23,23,0,17,0,0
420384,1,1,1998,0,0,0,0,0,0,0,0,0,0
420385,1,1,1998,16,16,16,16,16,16,16,16,16,16
420386,1,1,1998,0,0,0,0,0,0,0,0,0,0
420386,2,1,1998,0,0,0,0,0,0,0,0,0,0
420387,1,1,1998,21,21,21,21,21,21,21,21,21,21
420388,1,1,1998,24,24,24,24,24,24,24,24,24,24
420388,2,1,1998,0,0,0,0,0,0,0,0,0,0
420389,1,1,1998,4,4,4,4,4,4,4,4,4,4
420390,1,1,1998,0,0,27,0,0,0,0,0,0,0
420391,1,1,1998,0,0,0,0,0,0,0,0,0,0
420391,2,1,1998,0,0,0,0,0,0,0,0,0,0
420392,1,1,1998,0,0,0,0,0,0,0,0,0,0
420392,2,1,1998,0,0,0,0,0,0,0,0,0,0
420393,1,1,1998,0,0,0,0,0,0,0,0,0,0
420394,0,1,1998,0,0,0,0,0,0,0,0,0,0
420394,1,1,1998,0,0,0,0,0,0,0,0,0,0
420395,1,1,1998,0,0,0,0,0,0,0,0,0,0
420395,2,1,1998,0,0,0,16,0,0,0,0,0,0
420396,1,1,1998,32,32,32,32,32,32,32,32,32,32
420397,1,1,1998,0,0,10,0,0,0,26,22,0,0
420398,1,1,1998,19,19,19,19,19,19,19,19,19,19
420399,1,1,1998,0,0,0,0,0,0,0,0,0,0
420399,2,1,1998,0,0,0,0,0,0,0,0,0,0
420400,1,1,1998,0,0,0,0,0,0,0,0,0,0
420401,0,1,1998,0,0,48,0,0,0,0,6,16,0
420401,1,1,1998,0,0,0,0,0,0,0,0,0,0
420402,1,1,1998,0,0,0,0,0,0,0,0,0,0
420403,0,1,1998,0,0,0,0,0,0,0,0,0,0
420403,1,1,1998,12,15,7,5,20,14,12,16,20,13
420404,1,1,1998,0,0,0,0,0,0,0,0,0,0
420405,1,1,1998,22,22,22,22,22,22,22,22,22,22
420405,2,1,1998,0,0,0,0,15,0,0,0,0,0
420406,0,1,1998,0,0,0,0,0,0,0,0,0,0
420406,1,1,1998,0,0,0,0,0,0,0,0,0,0
420407,1,1,1998,0,0,0,0,0,0,0,0,0,0
420407,2,1,1998,0,0,0,0,0,0,0,0,0,0
420407,3,1,1998,0,0,0,0,0,0,24,0,0,0
420408,1,1,1998,0,0,0,0,0,0,0,0,0,0
420409,1,1,1998,9,0,0,23,0,22,21,0,12,19
420410,1,1,1998,0,23,20,8,23,29,21,25,36,10
420411,1,1,1998,0,0,0,0,0,0,0,0,0,0
420412,1,1,1998,0,15,4,0,0,19,0,0,0,0
420413,1,1,1998,0,0,0,0,0,0,0,0,0,0
420414,1,1,1998,0,0,0,0,0,0,0,5,0,0
420414,2,1,1998,0,0,0,0,0,0,0,0,0,0
420415,0,1,1998,15,0,0,0,0,0,0,0,0,0
420415,1,1,1998,0,0,0,0,0,0,0,0,0,0
420417,1,1,1998,15,15,15,15,15,15,15,15,15,15
420418,1,1,1998,25,25,25,25,25,25,25,25,25,25
420419,1,1,1998,0,0,0,0,0,0,6,0,0,0
420419,2,1,1998,0,0,26,0,0,0,0,0,0,0
420420,1,1,1998,11,0,10,12,58,5,5,18,25,13
420421,1,1,1998,0,0,0,0,0,0,0,0,0,0
420421,2,1,1998,0,0,0,0,0,0,0,0,0,0
420422,1,1,1998,8,8,8,8,8,8,8,8,8,8
420422,2,1,1998,0,0,0,0,0,0,0,0,0,0
420423,1,1,1998,14,14,30,0,11,19,10,18,17,23
420423,2,1,1998,13,0,0,0,0,0,0,0,0,0
420423,3,1,1998,0,0,0,0,0,0,0,0,0,0
420424,1,1,1998,0,0,0,0,0,0,0,0,0,0
420424,2,1,1998,0,0,0,0,0,0,0,0,0,0
420425,1,1,1998,8,8,8,8,8,8,8,8,8,8
420426,1,1,1998,30,30,30,30,30,30,30,30,30,30
420427,1,1,1998,31,31,31,31,31,31,31,31,31,31
420428,1,1,1998,22,22,22,22,22,22,22,22,22,22
420428,2,1,1998,0,0,0,0,0,0,0,0,0,0
420429,1,1,1998,0,0,0,0,0,0,0,0,0,0
420430,1,1,1998,0,0,0,0,17,0,0,0,0,0
420431,1,1,1998,0,0,0,0,0,0,0,0,0,0
420431,2,1,1998,0,0,0,0,0,0,0,0,0,0
420432,1,1,1998,16,16,16,16,16,16,16,16,16,16
420433,1,1,1998,0,0,0,0,0,0,0,0,0,0
420433,2,1,1998,0,0,0,0,0,0,14,0,0,0
420434,0,1,1998,0,0,0,0,0,0,0,0,0,0
420434,1,1,1998,0,0,0,0,0,0,0,0,0,0
420435,1,1,1998,0,0,0,0,0,0,0,0,0,14
420436,1,1,1998,0,7,0,0,0,30,0,0,0,0
420436,2,1,1998,0,0,0,0,0,0,0,0,0,0
420437,1,1,1998,0,0,0,0,0,0,0,0,0,0
420438,1,1,1998,28,28,28,28,28,28,28,28,28,28
420438,2,1,1998,0,0,0,0,0,0,0,0,0,0
420439,1,1,1998,0,0,0,0,0,0,0,17,0,0
420439,2,1,1998,0,0,0,0,0,0,0,0,0,0
420440,1,1,1998,0,0,0,0,0,0,0,0,0,0
420440,2,1,1998,0,0,0,0,0,0,0,0,14,0
420441,1,1,1998,0,0,0,0,0,0,0,0,0,0
420441,2,1,1998,4,0,34,0,0,0,0,0,0,0
420442,1,1,1998,21,9,5,0,16,13,6,11,0,0
420443,1,1,1998,21,21,21,21,21,21,21,21,21,21
420444,1,1,1998,14,21,8,16,29,35,6,17,25,17
420445,1,1,1998,0,0,0,0,0,0,0,0,0,0
420445,2,1,1998,0,0,0,0,0,0,0,0,0,0
420445,3,1,1998,0,0,0,0,0,0,0,0,0,0
420445,4,1,1998,0,0,0,0,0,0,20,0,0,0
420445,5,1,1998,0,0,0,0,0,0,0,0,0,0
420446,1,1,1998,0,0,0,0,0,0,0,0,9,0
420447,1,1,1998,16,16,16,16,16,16,16,16,16,16
420447,2,1,1998,0,0,0,0,0,0,33,8,0,0
420448,1,1,1998,16,16,16,16,16,16,16,16,16,16
420449,1,1,1998,9,20,0,0,25,0,11,19,0,12
420449,2,1,1998,0,0,0,0,0,0,0,0,0,0
420450,1,1,1998,8,0,0,0,0,0,0,0,0,0
420450,2,1,1998,0,0,0,0,0,0,0,0,0,0
420451,1,1,1998,20,8,0,12,15,23,0,6,3,21
420451,2,1,1998,0,0,0,0,0,0,0,15,0,0
420452,1,1,1998,2,2,2,2,2,2,2,2,2,2
420452,2,1,1998,0,0,0,0,0,0,0,0,0,0
420453,0,1,1998,22,8,16,18,37,24,0,24,14,0
420453,1,1,1998,23,19,29,14,26,14,24,15,25,12
420454,1,1,1998,0,0,0,0,0,0,0,0,0,0
420454,2,1,1998,0,0,0,0,0,0,0,0,0,0
420455,1,1,1998,19,19,19,19,19,19,19,19,19,19
420455,2,1,1998,0,0,0,0,0,0,0,0,0,0
420456,1,1,1998,13,13,13,13,13,13,13,13,13,13
420457,1,1,1998,0,0,0,0,0,0,0,0,0,0
420457,2,1,1998,0,0,0,0,0,0,0,0,0,0
420458,1,1,1998,0,4,0,0,0,0,0,0,0,0
420458,2,1,1998,0,0,0,0,0,0,0,0,0,0
420459,1,1,1998,31,31,31,31,31,31,31,31,31,31
420460,0,1,1998,0,0,0,0,0,0,0,0,0,0
420460,1,1,1998,0,0,0,0,0,0,0,0,0,0
420461,1,1,1998,0,0,0,0,0,0,0,0,0,0
420462,1,1,1998,0,0,0,0,0,0,0,0,0,0
420462,2,1,1998,0,0,0,0,0,0,0,0,0,0
420462,3,1,1998,0,0,0,0,0,0,0,0,0,0
420462,4,1,1998,0,0,0,0,0,0,0,0,0,0
420462,5,1,1998,0,0,0,0,0,0,0,0,0,0
420462,6,1,1998,0,0,0,0,0,0,0,0,0,0
420463,1,1,1998,16,16,16,16,16,16,16,16,16,16
420464,1,1,1998,0,0,0,0,0,0,0,0,0,0
420464,2,1,1998,0,0,0,0,0,0,0,0,0,0
420464,3,1,1998,0,0,0,0,0,0,0,0,0,0
420465,1,1,1998,0,0,0,9,0,0,0,24,0,34
420466,1,1,1998,0,0,0,0,0,0,0,0,0,0
420466,2,1,1998,0,0,0,0,0,0,0,0,0,0
420467,1,1,1998,0,0,0,0,0,0,0,0,0,0
420467,2,1,1998,0,0,0,0,0,0,0,0,0,0
420468,1,1,1998,0,0,0,0,0,2,0,0,0,0
420469,1,1,1998,0,0,0,0,0,0,0,0,0,0
420469,2,1,1998,0,0,0,0,0,0,0,0,0,0
420470,0,1,1998,0,0,0,0,0,0,0,0,0,0
420470,1,1,1998,0,0,0,0,0,0,0,0,0,0
420471,1,1,1998,23,23,23,23,23,23,23,23,23,23
420472,1,1,1998,0,0,0,0,0,0,0,0,0,0
420472,2,1,1998,0,0,0,0,0,0,0,0,0,0
420473,1,1,1998,0,0,0,0,0,0,0,0,0,0
420474,1,1,1998,0,0,0,0,0,0,0,0,0,0
420474,2,1,1998,0,0,0,0,0,0,0,0,0,0
420475,1,1,1998,0,0,0,0,0,0,0,0,0,0
420475,2,1,1998,0,0,0,0,0,0,0,0,0,0
420476,1,1,1998,14,8,9,0,0,28,13,29,0,0
420477,1,1,1998,0,0,0,0,0,0,0,0,0,0
420478,1,1,1998,0,0,0,0,0,0,0,0,0,0
420478,2,1,1998,0,0,0,0,0,0,0,0,0,0
420479,1,1,1998,0,0,0,0,0,0,0,0,0,0
420479,2,1,1998,0,0,0,0,0,0,0,0,0,0
420480,1,1,1998,0,0,0,0,0,0,6,0,0,15
420481,1,1,1998,0,0,0,0,0,0,0,0,0,0
420481,2,1,1998,0,0,0,0,0,0,0,0,0,0
420482,1,1,1998,0,0,0,0,0,0,0,0,0,0
420482,2,1,1998,0,0,0,0,0,0,0,0,0,0
420483,1,1,1998,0,0,0,0,0,0,0,0,11,0
420483,2,1,1998,0,0,0,0,0,0,0,0,0,0
420484,0,1,1998,0,0,0,0,0,0,0,0,0,0
420484,1,1,1998,10,0,9,19,14,0,9,5,16,18
420485,1,1,1998,20,20,20,20,20,20,20,20,20,20
420485,2,1,1998,0,0,0,0,0,0,0,0,0,0
420486,1,1,1998,0,0,0,0,0,0,0,0,0,0
420486,2,1,1998,0,0,0,0,0,0,0,0,0,14
420487,1,1,1998,0,0,0,0,0,0,0,0,0,0
420487,2,1,1998,0,0,0,17,0,8,0,0,14,0
420488,1,1,1998,24,19,20,35,13,17,25,27,9,23
420489,1,1,1998,0,0,0,0,0,0,0,0,0,0
420489,2,1,1998,0,0,0,8,0,0,0,0,0,0
420490,1,1,1998,0,0,0,0,0,0,0,0,0,0
420490,2,1,1998,0,0,0,0,0,0,0,0,0,0
420491,1,1,1998,21,21,21,21,21,21,21,21,21,21
420491,2,1,1998,0,0,0,0,0,0,0,0,0,0
420492,0,1,1998,0,0,0,0,0,0,0,0,0,0
420492,1,1,1998,0,0,0,0,0,8,26,16,0,9
420493,1,1,1998,9,9,9,9,9,9,9,9,9,9
420493,2,1,1998,0,0,0,0,0,0,0,0,0,0
420494,1,1,1998,0,0,0,0,0,0,0,0,0,0
420495,1,1,1998,21,21,21,21,21,21,21,21,21,21
420496,1,1,1998,0,0,0,0,0,0,0,0,0,0
420497,0,1,1998,34,34,34,34,34,34,34,34,34,34
420497,1,1,1998,0,0,0,0,0,0,0,0,0,0
420497,2,1,1998,23,0,0,0,0,0,0,0,0,0
420498,1,1,1998,0,0,0,0,0,0,0,0,0,0
420498,2,1,1998,0,0,0,0,0,0,0,0,0,0