ST_CASE,VEH_NO,PER_NO,YEAR,P1,P2,P3,P4,P5,P6,P7,P8,P9,P10
420499,1,1,1998,0,0,0,0,0,0,0,0,0,0
420500,1,1,1998,12,12,12,12,12,12,12,12,12,12
420500,2,1,1998,0,0,0,0,0,0,0,0,0,0
420501,1,1,1998,0,0,0,0,0,0,0,0,0,0
420501,2,1,1998,0,0,0,0,0,0,0,0,0,0
420502,1,1,1998,0,0,0,0,0,0,4,0,0,0
420503,1,1,1998,0,0,0,0,0,0,0,0,0,0
420503,2,1,1998,0,0,0,0,0,0,0,0,0,0
420504,1,1,1998,33,33,33,33,33,33,33,33,33,33
420504,2,1,1998,0,0,4,0,0,0,0,0,0,0
420505,0,1,1998,0,0,0,0,0,0,0,0,0,0
420505,1,1,1998,0,0,0,0,0,11,0,0,0,0
420506,1,1,1998,34,0,0,0,0,0,0,0,0,0
420506,2,1,1998,0,0,0,0,0,0,0,0,0,0
420507,1,1,1998,11,11,11,11,11,11,11,11,11,11
420508,1,1,1998,17,17,17,17,17,17,17,17,17,17
420509,1,1,1998,0,0,0,0,0,0,0,0,0,14
420510,1,1,1998,16,16,16,16,16,16,16,16,16,16
420510,2,1,1998,0,0,0,0,0,0,0,0,0,0
420511,1,1,1998,0,0,0,0,0,0,0,0,0,0
420511,2,1,1998,17,17,17,17,17,17,17,17,17,17
420512,1,1,1998,0,0,0,0,0,0,0,0,0,0
420512,2,1,1998,0,0,0,0,0,0,0,0,0,0
420513,1,1,1998,0,0,0,0,0,0,0,0,0,0
420513,2,1,1998,0,0,0,0,0,0,0,0,0,0
420514,1,1,1998,0,0,0,15,0,0,0,0,0,0
420514,2,1,1998,0,0,0,0,0,0,0,0,0,0
420515,0,1,1998,0,0,0,0,0,0,0,0,0,0
420515,1,1,1998,0,0,0,0,0,0,0,0,0,0
420516,1,1,1998,19,19,19,19,19,19,19,19,19,19
420516,2,1,1998,0,0,0,0,0,0,0,0,0,0
420517,1,1,1998,0,0,0,0,0,0,0,0,0,0
420518,1,1,1998,0,0,0,0,0,0,0,0,0,0
420519,0,1,1998,22,22,22,22,22,22,22,22,22,22
420519,1,1,1998,0,0,0,0,0,0,0,0,0,0
420520,1,1,1998,0,0,0,0,0,0,0,0,0,0
420520,2,1,1998,0,0,0,0,0,0,0,0,0,0
420521,1,1,1998,0,0,0,0,3,0,0,0,0,0
420521,2,1,1998,0,0,0,0,0,0,0,0,0,0
420522,1,1,1998,0,0,0,0,0,0,0,0,0,0
420522,2,1,1998,7,0,0,0,0,0,0,0,0,0
420523,1,1,1998,15,21,20,22,0,0,11,11,11,5
420523,2,1,1998,0,0,0,17,45,0,0,12,25,0
420523,3,1,1998,0,0,22,0,0,0,0,0,18,0
420524,0,1,1998,0,0,0,0,18,0,0,0,0,0
420524,1,1,1998,0,0,0,0,0,0,0,0,0,0
420524,2,1,1998,12,16,12,0,17,10,22,4,0,7
420525,1,1,1998,26,9,0,20,32,0,0,0,12,0
420525,2,1,1998,0,0,0,0,0,0,0,0,0,0
420525,3,1,1998,0,0,0,0,0,0,0,0,0,0
420526,1,1,1998,0,0,0,0,0,0,0,0,0,0
420527,1,1,1998,0,0,0,0,0,0,6,0,0,0
420527,2,1,1998,0,0,0,0,7,0,0,0,0,0
420528,1,1,1998,0,0,0,0,0,0,0,0,0,0
420529,1,1,1998,21,12,9,9,20,26,32,9,13,4
420529,2,1,1998,0,0,0,0,0,0,0,0,0,0
420530,1,1,1998,18,18,18,18,18,18,18,18,18,18
420530,2,1,1998,19,24,26,8,27,15,20,21,30,7
420531,0,1,1998,0,0,0,0,0,0,0,0,0,0
420531,1,1,1998,0,0,0,0,0,0,0,11,0,0
420532,1,1,1998,15,15,15,15,15,15,15,15,15,15
420532,2,1,1998,0,0,0,0,0,0,0,0,0,0
420533,1,2,1998,0,0,0,0,0,20,0,0,0,0
420534,1,1,1998,0,0,0,0,0,0,0,0,0,0
420534,2,1,1998,0,0,5,0,0,0,0,0,0,0
420535,1,1,1998,0,0,0,0,18,0,0,0,25,0
420535,2,1,1998,0,0,0,0,0,0,0,0,0,0
420536,1,1,1998,0,0,0,0,11,0,0,0,0,0
420536,2,1,1998,0,0,0,0,0,0,0,0,0,0
420537,1,1,1998,9,0,0,0,0,0,0,0,13,0
420537,2,1,1998,0,0,0,0,0,0,0,0,0,0
420538,1,1,1998,0,0,0,0,0,0,0,0,0,0
420538,2,1,1998,0,0,0,0,0,0,0,0,0,0
420539,1,1,1998,0,0,0,0,0,0,0,0,0,0
420539,2,1,1998,0,0,0,0,0,0,0,0,0,0
420540,1,1,1998,19,19,19,19,19,19,19,19,19,19
420541,1,1,1998,0,0,0,0,0,0,0,0,0,0
420541,2,1,1998,0,0,0,0,0,0,0,0,0,0
420542,1,1,1998,29,29,29,29,29,29,29,29,29,29
420543,1,1,1998,10,10,10,10,10,10,10,10,10,10
420544,1,1,1998,0,0,0,0,0,0,0,0,0,0
420545,0,1,1998,0,0,0,0,0,0,0,0,0,0
420546,0,1,1998,20,0,0,0,14,0,14,0,0,4
420546,1,1,1998,0,0,0,0,0,0,20,0,0,0
420547,1,1,1998,18,18,18,18,18,18,18,18,18,18
420548,1,1,1998,0,0,0,0,0,0,0,0,0,0
420548,2,1,1998,0,0,0,0,0,0,0,0,0,0
420549,1,1,1998,0,0,0,0,0,0,0,0,0,0
420550,1,1,1998,19,19,19,19,19,19,19,19,19,19
420551,0,1,1998,0,0,0,0,0,0,0,0,0,0
420551,1,1,1998,0,0,0,0,0,0,0,0,0,0
420552,1,1,1998,1,1,1,1,1,1,1,1,1,1
420553,1,1,1998,0,0,0,24,0,16,0,0,0,0
420553,2,1,1998,14,0,0,0,0,0,0,0,0,0
420554,1,1,1998,0,21,26,0,0,0,0,0,9,0
420555,1,1,1998,5,5,5,5,5,5,5,5,5,5
420555,2,1,1998,0,0,0,0,0,0,0,0,0,0
420556,1,1,1998,1,1,1,1,1,1,1,1,1,1
420557,1,1,1998,0,0,0,0,0,0,0,0,0,0
420557,2,1,1998,0,0,0,0,0,9,0,0,0,0
420558,1,1,1998,0,0,0,0,0,0,0,0,0,0
420558,2,1,1998,0,0,0,0,0,0,0,0,0,0
420558,3,1,1998,11,0,0,0,0,0,0,0,0,0
420559,1,1,1998,0,0,0,0,0,0,0,0,0,0
420559,2,1,1998,0,27,11,0,0,0,12,13,0,20
420560,1,1,1998,7,7,7,7,7,7,7,7,7,7
420561,1,1,1998,0,0,0,0,0,0,0,0,0,0
420562,1,1,1998,0,0,0,0,0,0,0,0,0,0
420563,1,1,1998,0,0,0,0,0,0,0,0,0,0
420564,1,1,1998,0,0,0,0,0,0,0,0,0,0
420564,2,1,1998,0,0,0,0,0,0,0,0,0,0
420565,1,1,1998,9,19,18,9,12,16,15,27,12,20
420566,1,1,1998,0,0,0,0,0,0,0,0,0,0
420566,2,1,1998,0,0,0,0,0,0,0,0,0,0
420566,3,1,1998,0,0,0,0,0,0,0,0,0,0
420567,1,1,1998,12,12,12,12,12,12,12,12,12,12
420568,1,1,1998,15,15,15,15,15,15,15,15,15,15
420569,0,1,1998,0,0,0,0,0,0,0,0,0,0
420569,1,1,1998,0,0,0,0,0,0,0,0,0,0
420570,1,1,1998,16,16,16,16,16,16,16,16,16,16
420571,1,1,1998,13,13,13,13,13,13,13,13,13,13
420571,2,1,1998,29,29,29,29,29,29,29,29,29,29
420572,1,1,1998,22,22,22,22,22,22,22,22,22,22
420573,1,1,1998,17,17,17,17,17,17,17,17,17,17
420574,1,1,1998,0,0,0,0,0,0,0,0,0,0
420575,1,1,1998,0,0,0,0,0,0,0,0,0,0
420575,2,1,1998,0,0,0,0,0,0,0,0,0,0
420576,1,1,1998,0,0,0,0,0,0,0,0,0,0
420576,2,1,1998,0,0,0,0,0,0,0,0,0,0
420577,1,1,1998,0,0,14,5,12,0,0,0,0,0
420577,2,1,1998,0,20,0,26,0,0,7,0,28,16
420578,1,1,1998,0,0,0,0,0,0,0,0,0,0
420578,2,1,1998,0,0,0,0,0,0,0,0,19,0
420579,1,1,1998,0,0,0,0,0,0,0,0,0,0
420579,2,1,1998,0,0,0,0,0,0,0,14,0,0
420580,1,1,1998,0,20,0,0,0,0,0,0,0,0
420580,2,1,1998,0,0,0,0,0,0,0,0,0,0
420581,1,1,1998,18,18,18,18,18,18,18,18,18,18
420581,2,1,1998,0,0,0,0,0,0,0,0,0,0
420582,1,1,1998,24,20,9,11,5,22,14,6,15,17
420583,1,1,1998,23,23,23,23,23,23,23,23,23,23
420583,2,1,1998,16,24,31,5,12,10,7,15,33,11
420584,1,1,1998,0,0,0,0,0,0,0,0,0,0
420584,2,1,1998,0,0,0,0,0,0,0,0,10,0
420585,1,1,1998,18,18,18,18,18,18,18,18,18,18
420586,0,1,1998,0,0,0,12,0,0,0,0,5,0
420587,1,1,1998,0,0,0,0,0,0,0,0,0,0
420587,2,1,1998,0,0,0,0,0,0,0,2,0,0
420587,3,1,1998,0,0,0,0,0,0,0,0,13,0
420588,1,1,1998,11,11,11,11,11,11,11,11,11,11
420589,1,1,1998,0,0,0,0,0,0,0,0,0,0
420590,1,1,1998,30,30,30,30,30,30,30,30,30,30
420591,1,1,1998,9,9,9,9,9,9,9,9,9,9
420592,1,1,1998,0,0,0,0,0,0,0,0,0,0
420592,2,1,1998,0,0,7,0,0,0,0,0,0,0
420593,1,1,1998,0,0,0,0,0,0,0,0,0,0
420594,1,1,1998,7,0,0,0,32,0,9,0,0,0
420594,2,1,1998,0,0,0,0,7,0,0,0,15,0
420595,1,1,1998,16,16,16,16,16,16,16,16,16,16
420596,0,1,1998,0,0,0,0,0,0,0,0,0,0
420596,1,1,1998,0,28,8,15,0,12,0,0,0,0
420597,1,1,1998,21,8,28,0,46,0,0,21,16,0
420598,1,1,1998,0,0,0,0,0,0,0,0,0,0
420598,2,1,1998,0,0,0,0,0,0,0,0,0,0
420599,0,1,1998,0,0,0,0,0,0,0,0,0,0
420599,1,1,1998,5,12,8,14,16,11,13,7,7,12
420600,1,1,1998,1,1,1,1,1,1,1,1,1,1
420601,1,1,1998,0,0,0,0,0,0,0,0,0,0
420601,2,1,1998,0,0,0,0,0,0,0,0,0,0
420602,1,1,1998,17,17,17,17,17,17,17,17,17,17
420603,1,1,1998,0,0,0,0,0,0,0,0,0,0
420604,1,1,1998,18,18,18,18,18,18,18,18,18,18
420605,1,1,1998,20,20,20,20,20,20,20,20,20,20
420606,1,1,1998,0,0,0,0,3,0,0,0,0,0
420607,1,1,1998,0,0,0,0,0,0,0,0,0,0
420608,1,1,1998,0,0,0,0,0,0,0,0,0,0
420608,2,1,1998,0,0,0,0,0,0,0,0,0,0
420609,1,1,1998,0,0,0,0,6,15,0,10,0,0
420609,2,1,1998,16,20,18,0,28,0,0,0,11,25
420610,0,1,1998,0,0,20,0,0,17,16,8,0,12
420610,1,1,1998,5,0,3,17,0,11,10,7,18,24
420611,1,1,1998,0,0,0,0,0,0,0,0,0,0
420611,2,1,1998,0,0,0,0,0,0,0,0,0,0
420611,3,1,1998,0,0,0,0,0,0,0,0,0,0
420611,4,1,1998,0,0,0,0,0,0,0,0,0,0
420612,0,1,1998,0,0,0,0,0,0,0,0,0,0
420612,2,1,1998,0,0,0,0,0,0,0,0,0,0
420613,1,1,1998,0,15,0,21,0,34,0,14,16,15
420613,2,1,1998,0,0,0,0,0,0,0,0,0,0
420614,1,1,1998,28,16,7,9,13,3,23,20,11,21
420615,1,1,1998,0,0,0,0,0,0,0,0,0,0
420615,2,1,1998,0,0,0,0,0,0,0,0,0,0
420616,0,1,1998,0,0,0,0,0,0,0,0,0,0
420616,1,1,1998,0,0,8,0,0,0,0,0,0,0
420617,1,1,1998,0,0,0,0,0,0,0,0,0,0
420618,1,1,1998,0,0,0,0,0,0,0,0,0,0
420618,2,1,1998,0,0,0,0,0,0,0,0,0,0
420619,1,1,1998,0,0,0,0,0,0,0,0,0,0
420619,2,1,1998,0,0,0,0,0,0,0,0,0,0
420620,1,1,1998,0,0,0,0,0,0,0,1,0,0
420620,2,1,1998,0,0,0,0,0,0,0,0,0,0
420621,1,1,1998,25,25,25,25,25,25,25,25,25,25
420621,2,1,1998,0,0,0,0,0,0,0,0,0,0
420622,1,1,1998,0,0,0,0,0,0,0,0,0,0
420623,1,1,1998,0,0,0,0,0,0,19,0,0,0
420624,1,1,1998,0,0,0,0,0,0,0,0,0,0
420624,2,1,1998,0,0,0,0,0,0,4,0,0,0
420625,1,1,1998,0,0,0,0,0,0,0,0,0,0
420625,2,1,1998,0,0,0,0,0,0,0,0,0,0
420626,1,1,1998,7,34,8,12,19,23,8,19,8,7
420626,2,1,1998,0,0,0,0,0,0,0,0,0,0
420627,1,1,1998,0,0,0,0,0,0,0,0,0,0
420627,2,1,1998,0,0,0,0,0,0,0,0,0,0
420627,3,1,1998,0,0,0,0,0,0,0,0,0,0
420628,1,1,1998,0,0,0,0,0,0,0,0,0,0
420629,1,1,1998,20,20,20,20,20,20,20,20,20,20
420629,2,1,1998,0,0,0,0,0,0,0,0,0,0
420630,1,1,1998,9,9,9,9,9,9,9,9,9,9
420630,2,1,1998,0,0,0,0,0,0,0,0,0,0
420631,1,1,1998,0,0,0,0,0,0,0,0,0,0
420631,2,1,1998,0,0,0,0,0,0,0,0,0,0
420632,1,1,1998,0,0,0,0,0,0,0,0,0,0
420633,1,1,1998,0,0,0,0,0,0,0,0,0,0
420634,1,1,1998,0,0,0,0,0,0,0,2,0,0
420634,2,1,1998,0,0,0,0,0,0,0,0,0,0
420635,1,1,1998,0,0,0,0,0,0,0,0,0,0
420635,2,1,1998,0,0,0,0,0,0,0,0,0,0
420636,1,1,1998,0,0,0,0,0,0,0,0,0,0
420636,2,1,1998,0,0,0,0,0,0,0,0,0,0
420637,1,1,1998,0,0,0,0,0,0,0,0,0,0
420638,1,1,1998,0,0,0,0,0,0,0,0,0,0
420639,1,1,1998,8,8,8,8,8,8,8,8,8,8
420640,1,1,1998,0,0,0,0,0,0,0,0,0,0
420641,1,1,1998,0,0,0,0,0,0,0,0,0,0
420641,2,1,1998,0,0,0,0,0,0,0,0,0,0
420642,1,1,1998,21,21,21,21,21,21,21,21,21,21
420643,1,1,1998,0,0,0,0,0,0,0,0,0,0
420643,2,1,1998,0,0,0,0,0,0,0,0,0,0
420644,1,1,1998,0,0,0,0,0,0,0,0,0,0
420645,1,1,1998,28,28,28,28,28,28,28,28,28,28
420645,2,1,1998,0,0,0,0,0,0,0,0,0,0
420646,0,1,1998,0,0,0,0,0,0,0,0,0,0
420646,0,2,1998,0,0,13,19,13,11,0,14,0,38
420646,1,1,1998,17,7,9,33,28,20,16,35,11,15
420647,1,1,1998,0,0,0,0,0,0,0,0,0,0
420647,2,1,1998,13,13,13,13,13,13,13,13,13,13
420647,3,1,1998,0,0,0,0,0,18,0,0,0,0
420648,1,1,1998,0,0,0,0,0,0,0,0,0,0
420648,2,1,1998,0,0,0,0,0,0,0,0,0,0
420649,1,1,1998,0,0,0,0,0,0,0,0,0,0
420649,2,1,1998,0,0,0,0,0,11,0,0,0,0
420650,1,1,1998,0,0,0,0,0,0,0,0,0,0
420651,1,1,1998,0,0,0,0,0,0,0,13,0,0
420652,1,1,1998,0,0,0,0,0,0,0,0,0,0
420652,2,1,1998,0,0,0,0,0,0,0,0,0,0
420653,1,1,1998,0,0,0,0,0,0,0,0,0,0
420654,1,1,1998,0,0,0,0,0,0,0,0,0,0
420655,1,1,1998,20,20,20,20,20,20,20,20,20,20
420655,2,1,1998,0,0,0,0,0,0,0,0,0,0
420656,0,1,1998,0,0,0,0,0,0,0,0,0,0
420656,1,1,1998,0,0,0,0,0,0,0,0,0,0
420657,1,1,1998,0,0,0,0,0,0,0,0,0,0
420658,1,1,1998,0,0,0,0,0,0,0,0,0,0
420658,2,1,1998,0,0,0,0,0,0,0,0,0,0
420659,1,1,1998,7,19,24,12,0,14,9,1,13,0
420660,1,1,1998,18,18,18,18,18,18,18,18,18,18
420661,1,1,1998,0,0,0,0,0,0,0,0,0,0
420662,1,1,1998,21,21,21,21,21,21,21,21,21,21
420663,1,1,1998,0,0,0,0,0,0,0,0,0,0
420663,2,1,1998,0,0,0,0,0,0,0,0,0,0
420664,1,1,1998,25,25,25,25,25,25,25,25,25,25
420664,2,1,1998,0,0,0,0,0,0,0,0,0,0
420665,1,1,1998,23,15,5,14,23,14,6,14,10,8
420665,2,1,1998,16,16,16,16,16,16,16,16,16,16
420666,1,1,1998,0,0,0,0,0,0,0,0,0,0
420667,1,1,1998,0,0,0,0,0,0,0,0,0,0
420667,2,1,1998,0,0,0,0,0,0,0,0,0,0
420668,1,1,1998,34,34,34,34,34,34,34,34,34,34
420669,0,1,1998,0,0,0,0,0,0,0,0,0,0
420669,1,1,1998,0,0,0,0,0,0,0,0,0,0
420670,1,1,1998,0,0,0,0,0,0,0,0,0,0
420670,2,1,1998,0,0,0,0,0,0,0,0,0,0
420671,1,1,1998,16,16,16,16,16,16,16,16,16,16
420672,1,1,1998,0,0,0,0,0,0,0,0,0,0
420672,2,1,1998,0,0,0,0,0,0,0,0,0,0
420673,1,1,1998,9,9,9,9,9,9,9,9,9,9
420674,1,1,1998,32,32,32,32,32,32,32,32,32,32
420674,2,1,1998,0,12,0,0,0,0,0,0,0,0
420675,1,1,1998,0,0,0,0,0,0,0,13,0,0
420676,1,1,1998,0,0,7,22,7,9,14,0,0,0
420677,1,1,1998,0,0,0,0,0,0,0,0,0,0
420677,2,1,1998,0,0,0,0,0,0,0,0,0,0
420678,1,1,1998,0,0,0,0,0,0,0,0,0,0
420678,2,1,1998,0,0,0,0,0,0,0,3,0,0
420679,1,1,1998,23,23,23,23,23,23,23,23,23,23
420680,0,1,1998,0,0,0,0,0,0,0,0,0,0
420680,1,1,1998,0,0,0,0,0,0,0,0,0,0
420681,1,1,1998,19,19,19,19,19,19,19,19,19,19
420682,1,1,1998,23,23,23,23,23,23,23,23,23,23
420683,1,1,1998,10,10,10,10,10,10,10,10,10,10
420684,1,1,1998,0,0,0,0,0,0,0,0,0,0
420684,2,1,1998,0,0,0,0,0,0,0,0,0,0
420685,1,1,1998,0,0,0,0,0,0,0,0,0,0
420685,2,1,1998,24,0,0,0,0,15,0,9,0,0
420686,1,1,1998,0,0,0,0,0,0,0,0,0,0
420686,2,1,1998,0,0,0,0,0,0,0,0,0,0
420687,1,1,1998,0,0,0,0,0,0,0,0,0,0
420687,2,1,1998,0,0,0,0,0,0,0,0,0,0
420688,1,1,1998,0,0,0,0,0,0,0,0,0,0
420688,2,1,1998,0,0,0,0,0,0,0,0,0,0
420689,1,1,1998,24,24,24,24,24,24,24,24,24,24
420690,1,1,1998,0,0,0,0,0,0,0,0,0,0
420691,1,1,1998,4,4,4,4,4,4,4,4,4,4
420692,1,1,1998,18,18,18,18,18,18,18,18,18,18
420692,2,1,1998,0,0,0,0,0,0,0,0,0,0
420693,1,1,1998,34,34,34,34,34,34,34,34,34,34
420694,1,1,1998,0,0,0,0,0,0,0,0,0,0
420694,2,1,1998,0,0,0,0,0,0,0,0,0,0
420695,1,1,1998,0,0,0,0,0,0,0,0,0,0
420695,2,1,1998,0,0,0,0,0,0,0,11,5,6
420696,0,1,1998,0,0,0,0,0,0,0,0,0,0
420696,1,1,1998,0,0,0,0,0,0,0,0,0,0
420697,0,1,1998,0,0,0,0,0,0,0,0,0,0
420697,1,1,1998,0,0,0,0,0,22,0,0,0,0
420698,1,1,1998,0,0,0,0,0,0,0,0,0,0
420698,2,1,1998,0,0,0,14,0,0,0,0,0,0
420699,1,1,1998,2,2,2,2,2,2,2,2,2,2
420699,2,1,1998,0,0,0,0,0,0,0,0,0,0
420700,1,1,1998,0,0,0,0,0,0,0,0,0,0
420700,2,1,1998,0,0,0,0,0,0,0,0,0,0
420701,0,1,1998,14,21,18,21,6,13,12,0,9,32
420701,1,1,1998,0,19,11,4,12,11,6,0,0,23
420702,0,1,1998,11,13,0,10,18,13,9,12,11,21
420702,1,1,1998,9,5,12,4,17,19,24,8,8,0
420703,1,1,1998,0,0,0,0,0,0,0,0,17,0
420703,2,1,1998,0,0,0,0,0,0,0,0,0,0
420703,3,1,1998,0,0,0,0,0,0,0,0,0,0
420704,1,1,1998,0,0,0,0,0,0,0,0,0,0
420705,1,1,1998,0,0,0,0,0,0,0,0,0,0
420705,2,1,1998,0,0,0,0,0,0,0,0,0,0
420705,3,1,1998,0,0,0,0,0,0,0,0,0,0
420706,0,1,1998,0,0,0,0,0,0,0,0,0,0
420706,1,1,1998,0,0,0,0,0,0,0,0,0,0
420707,1,1,1998,28,28,28,28,28,28,28,28,28,28
420708,1,1,1998,0,0,0,0,0,0,0,0,0,0
420708,2,1,1998,0,0,3,0,0,0,0,0,0,0
420709,1,1,1998,24,24,24,24,24,24,24,24,24,24
420710,1,1,1998,0,0,0,0,0,0,0,0,0,0
420711,1,1,1998,0,0,12,0,0,11,0,0,0,0
420711,2,1,1998,13,13,13,13,13,13,13,13,13,13
420712,1,1,1998,17,17,17,17,17,17,17,17,17,17
420712,2,1,1998,0,0,0,0,0,0,0,27,0,0
420713,1,1,1998,24,10,13,0,23,17,26,12,0,13
420714,1,1,1998,0,0,0,0,0,0,0,0,0,0
420715,1,1,1998,0,0,0,0,0,0,0,0,0,0
420716,1,1,1998,21,12,32,18,31,11,27,22,24,0
420717,0,1,1998,0,0,0,0,0,0,0,0,0,0
420717,1,1,1998,0,0,0,0,6,0,0,0,0,0
420718,1,1,1998,12,12,12,12,12,12,12,12,12,12
420718,2,1,1998,0,0,0,0,0,24,0,0,6,0
420719,0,1,1998,0,0,0,0,0,0,0,0,0,0
420719,1,1,1998,29,0,0,9,0,28,0,0,0,0
420720,1,1,1998,23,23,23,23,23,23,23,23,23,23
420720,2,1,1998,0,0,0,0,0,0,0,0,0,0
420721,0,1,1998,0,0,0,0,0,0,0,0,0,0
420721,1,1,1998,0,0,0,0,0,0,0,0,0,0
420722,1,1,1998,0,0,0,0,0,0,0,0,0,0
420722,2,1,1998,11,0,0,13,0,0,6,0,0,0
420723,1,1,1998,20,20,20,20,20,20,20,20,20,20
420724,1,1,1998,11,11,11,11,11,11,11,11,11,11
420725,0,1,1998,24,0,0,0,16,26,0,17,0,0
420725,1,1,1998,0,0,0,0,0,0,0,0,0,0
420726,1,1,1998,13,13,13,13,13,13,13,13,13,13
420727,1,1,1998,9,9,9,9,9,9,9,9,9,9
420727,2,1,1998,27,0,0,0,17,0,0,0,0,0
420728,1,1,1998,15,15,15,15,15,15,15,15,15,15
420728,2,1,1998,0,0,0,0,0,0,0,0,0,0
420728,3,1,1998,0,0,0,0,0,0,0,0,0,0
420729,1,1,1998,0,0,0,0,0,0,0,0,0,0
420729,2,1,1998,0,0,0,0,0,0,0,0,0,0
420729,3,1,1998,0,0,0,0,0,0,0,0,0,0
420730,1,1,1998,19,19,19,19,19,19,19,19,19,19
420731,1,1,1998,0,0,0,0,0,0,0,0,0,0
420731,2,1,1998,0,0,0,0,0,0,0,0,0,0
420732,1,1,1998,0,0,0,0,0,0,0,0,0,0
420732,2,1,1998,0,0,0,0,0,0,0,0,0,0
420733,1,1,1998,0,0,0,0,0,0,0,0,0,0
420733,2,1,1998,0,0,0,0,0,0,0,0,0,0
420734,0,1,1998,39,16,32,21,12,40,0,19,28,28
420734,2,1,1998,0,0,0,0,0,0,0,0,0,0
420735,1,1,1998,0,0,0,0,0,0,0,9,0,0
420736,1,1,1998,0,0,0,0,0,0,0,0,0,0
420736,2,1,1998,0,0,0,0,0,0,0,0,0,0
420737,1,1,1998,0,12,0,0,0,0,0,17,0,0
420737,2,1,1998,0,0,0,0,0,0,0,0,0,0
420738,1,1,1998,0,0,0,0,0,0,0,0,0,0
420739,1,1,1998,0,0,0,0,0,0,0,0,0,0
420740,0,1,1998,9,0,0,0,8,33,21,11,18,0
420740,1,1,1998,0,0,0,0,11,0,0,0,0,0
420741,1,1,1998,0,0,0,0,0,0,0,0,0,0
420741,2,1,1998,0,0,0,0,0,0,0,0,0,0
420742,1,1,1998,0,0,0,0,0,0,0,0,0,0
420742,2,1,1998,0,0,0,0,0,0,0,0,0,0
420743,1,1,1998,0,0,0,0,0,0,0,0,0,0
420744,1,1,1998,6,6,6,6,6,6,6,6,6,6
420745,1,1,1998,0,0,0,0,0,0,0,0,0,0
420745,2,1,1998,0,0,0,0,0,0,0,0,0,0
420746,1,1,1998,18,18,18,18,18,18,18,18,18,18
420747,1,1,1998,11,11,11,11,11,11,11,11,11,11
420748,1,1,1998,0,0,0,0,0,0,0,0,0,0
420748,2,1,1998,0,0,0,0,0,15,0,0,0,0
420748,3,1,1998,0,0,0,0,0,0,0,0,0,0
420749,1,1,1998,0,0,0,0,0,0,0,0,0,0
420749,2,1,1998,0,0,0,0,0,0,0,0,0,0
420750,1,1,1998,0,0,0,0,0,0,0,0,0,0
420750,2,1,1998,0,0,0,0,0,0,0,0,0,0
420751,0,1,1998,24,24,24,24,24,24,24,24,24,24
420751,1,1,1998,15,0,0,0,0,0,0,0,0,0
420752,0,1,1998,0,0,0,0,0,0,0,0,0,0
420752,1,1,1998,0,0,0,0,0,0,0,0,0,0
420753,1,1,1998,26,26,26,26,26,26,26,26,26,26
420753,2,1,1998,0,0,0,0,0,0,0,0,0,0
420754,1,1,1998,21,21,21,21,21,21,21,21,21,21
420754,2,1,1998,0,0,31,0,0,0,0,0,0,0
420754,3,1,1998,0,0,4,0,0,0,20,0,0,0
420755,1,1,1998,0,0,0,0,0,0,0,0,0,0
420756,1,1,1998,0,0,0,0,0,0,0,0,0,0
420757,1,1,1998,0,0,0,0,0,0,0,0,0,0
420758,1,1,1998,4,4,4,4,4,4,4,4,4,4
420758,2,1,1998,0,0,0,0,0,0,0,0,0,0
420759,0,1,1998,28,28,28,28,28,28,28,28,28,28
420759,1,1,1998,0,0,0,0,0,0,0,0,0,0
420760,1,1,1998,0,0,0,0,0,0,0,0,0,0
420760,2,1,1998,0,0,0,0,0,0,0,0,0,0
420761,1,1,1998,17,17,17,17,17,17,17,17,17,17
420762,1,1,1998,0,0,0,0,0,0,0,0,0,0
420763,1,1,1998,12,12,12,12,12,12,12,12,12,12
420763,2,1,1998,18,18,18,18,18,18,18,18,18,18
420764,1,1,1998,0,0,0,0,0,0,0,0,0,0
420765,0,1,1998,0,0,0,0,0,0,0,0,0,0
420765,1,1,1998,3,3,3,3,3,3,3,3,3,3
420766,1,1,1998,36,36,36,36,36,36,36,36,36,36
420767,1,1,1998,0,0,0,0,0,0,0,0,0,0
420767,2,1,1998,0,0,0,0,0,0,0,0,0,0
420768,1,1,1998,0,15,0,0,0,0,0,0,0,0
420768,2,1,1998,0,0,0,0,0,0,0,0,0,0
420769,1,1,1998,0,0,23,0,0,45,14,0,0,0
420769,2,1,1998,30,30,30,30,30,30,30,30,30,30
420770,1,1,1998,16,16,16,16,16,16,16,16,16,16
420771,0,1,1998,0,0,0,0,0,0,0,0,0,0
420771,1,1,1998,0,0,0,0,0,0,0,0,0,0
420772,1,1,1998,0,0,0,0,0,0,0,0,0,0
420772,2,1,1998,0,0,0,0,0,0,0,0,0,0
420773,1,1,1998,20,20,20,20,20,20,20,20,20,20
420774,1,1,1998,0,0,0,0,0,0,0,0,0,0
420774,2,1,1998,0,0,0,0,0,0,0,0,0,0
420774,3,1,1998,0,0,0,0,0,0,0,0,0,0
420775,1,1,1998,8,21,13,9,8,13,26,23,50,13
420776,1,1,1998,0,0,0,0,0,0,0,0,0,0
420776,2,1,1998,0,0,0,0,0,0,0,0,0,0
420777,0,1,1998,24,24,24,24,24,24,24,24,24,24