ST_CASE,VEH_NO,PER_NO,YEAR,P1,P2,P3,P4,P5,P6,P7,P8,P9,P10
420777,1,1,1998,0,0,0,0,0,0,0,0,0,0
420778,1,1,1998,0,0,0,0,0,0,0,0,0,0
420778,2,1,1998,0,0,0,0,0,0,0,0,0,0
420779,1,1,1998,0,0,0,0,0,0,0,0,0,0
420779,2,1,1998,0,0,0,0,0,0,0,0,0,0
420780,1,1,1998,20,16,9,19,21,21,0,12,6,15
420781,1,1,1998,20,13,15,9,4,11,8,17,18,15
420781,2,1,1998,0,0,0,0,0,0,0,0,0,0
420781,3,1,1998,0,0,0,0,0,11,0,0,0,0
420782,0,1,1998,11,37,10,10,22,13,14,4,20,9
420782,1,1,1998,0,0,0,0,0,0,0,0,0,0
420783,1,1,1998,18,18,18,18,18,18,18,18,18,18
420783,2,1,1998,0,0,0,0,0,0,2,0,0,0
420784,1,1,1998,8,8,8,8,8,8,8,8,8,8
420785,1,1,1998,0,0,0,0,0,0,0,0,0,0
420785,2,1,1998,0,0,0,0,0,0,0,0,0,0
420786,0,1,1998,0,19,0,0,0,0,0,0,0,0
420786,1,1,1998,0,0,0,0,0,0,0,0,0,0
420787,1,1,1998,0,0,0,0,0,0,0,0,0,0
420788,0,1,1998,21,21,21,21,21,21,21,21,21,21
420788,1,1,1998,0,0,0,0,0,0,0,0,0,0
420789,1,1,1998,13,13,13,13,13,13,13,13,13,13
420790,0,1,1998,23,23,23,23,23,23,23,23,23,23
420790,1,1,1998,0,0,0,0,0,0,0,0,0,0
420791,0,1,1998,0,0,0,0,10,0,0,0,0,0
420791,1,1,1998,0,0,0,0,0,0,0,0,0,0
420792,1,1,1998,0,0,25,0,0,18,0,0,0,0
420793,0,1,1998,0,0,0,0,0,0,0,0,0,0
420793,1,1,1998,0,0,0,0,0,0,0,0,0,0
420794,1,1,1998,0,13,0,0,0,0,0,0,0,0
420795,1,1,1998,19,19,19,19,19,19,19,19,19,19
420796,1,1,1998,0,0,0,0,0,0,0,0,0,0
420796,2,1,1998,0,0,0,0,0,0,0,0,0,0
420796,3,1,1998,0,0,0,0,0,0,0,0,0,0
420797,1,1,1998,16,16,16,16,16,16,16,16,16,16
420797,2,1,1998,0,0,0,0,0,0,0,0,0,0
420798,1,1,1998,0,0,0,0,0,0,0,0,0,0
420798,2,1,1998,0,0,0,0,0,0,12,0,0,0
420799,1,1,1998,0,0,0,0,0,0,0,0,0,0
420799,2,1,1998,0,0,0,0,0,0,0,0,0,0
420799,3,1,1998,0,0,0,0,0,0,0,0,0,0
420799,4,1,1998,0,0,0,0,0,0,0,0,0,0
420800,1,1,1998,0,0,0,0,0,0,0,0,0,0
420801,1,1,1998,21,21,21,21,21,21,21,21,21,21
420801,2,1,1998,3,4,14,8,10,14,12,13,12,7
420802,1,1,1998,0,0,0,0,0,0,0,0,0,0
420802,2,1,1998,0,0,0,0,0,0,0,0,0,0
420803,1,1,1998,0,0,0,0,0,0,0,0,0,0
420803,2,1,1998,0,0,0,0,0,0,0,0,0,0
420804,1,1,1998,14,14,14,14,14,14,14,14,14,14
420804,2,1,1998,0,0,0,0,0,0,0,0,0,0
420805,1,1,1998,0,0,0,0,0,0,0,0,0,0
420806,0,1,1998,30,30,30,30,30,30,30,30,30,30
420806,1,1,1998,0,0,0,7,0,0,0,0,0,0
420807,1,1,1998,0,0,0,0,0,0,0,0,0,0
420807,2,1,1998,0,0,0,0,0,0,0,0,0,0
420808,1,1,1998,0,0,0,0,0,0,0,0,0,22
420808,2,1,1998,0,0,0,0,0,0,0,0,0,0
420809,1,1,1998,0,0,15,0,0,0,0,0,0,0
420810,1,1,1998,11,11,11,11,11,11,11,11,11,11
420811,1,1,1998,20,20,20,20,20,20,20,20,20,20
420812,1,1,1998,23,23,23,23,23,23,23,23,23,23
420813,0,1,1998,11,16,23,14,0,18,0,0,19,0
420813,1,1,1998,0,0,0,0,0,0,0,0,0,0
420813,2,1,1998,0,7,13,21,0,16,0,0,7,0
420813,3,1,1998,0,0,0,0,0,0,0,0,0,0
420813,4,1,1998,0,0,0,0,0,0,0,0,0,0
420814,1,1,1998,11,11,11,11,11,11,11,11,11,11
420815,0,1,1998,0,0,0,0,0,0,0,0,0,0
420815,1,1,1998,0,0,0,0,0,0,0,0,0,0
420816,1,1,1998,0,0,0,0,0,0,0,0,0,0
420816,2,1,1998,0,0,0,0,0,0,0,0,0,0
420817,1,1,1998,0,0,0,0,0,0,0,0,0,0
420817,2,1,1998,0,0,0,0,0,0,0,0,0,0
420818,1,1,1998,0,0,0,0,0,0,0,0,0,0
420818,2,1,1998,0,0,0,0,0,0,0,0,15,0
420818,3,1,1998,0,0,0,0,0,0,0,0,0,0
420818,4,1,1998,0,0,0,0,0,0,0,0,0,0
420819,1,1,1998,20,20,20,20,20,20,20,20,20,20
420820,1,1,1998,21,21,21,21,21,21,21,21,21,21
420821,1,1,1998,0,0,0,0,0,0,0,0,0,0
420822,1,1,1998,0,0,0,0,0,0,0,0,0,0
420823,1,1,1998,0,0,0,0,0,0,0,0,0,0
420824,1,1,1998,16,16,16,16,16,16,16,16,16,16
420825,0,1,1998,0,22,0,0,0,11,0,17,20,20
420825,1,1,1998,0,13,0,0,0,0,0,0,0,0
420826,0,1,1998,0,0,0,0,0,0,0,0,0,0
420826,1,1,1998,0,0,0,0,0,0,0,0,0,0
420827,1,1,1998,0,0,0,0,0,0,0,0,0,0
420827,2,1,1998,20,20,20,20,20,20,20,20,20,20
420829,0,1,1998,6,6,6,6,6,6,6,6,6,6
420829,1,1,1998,16,16,12,4,19,16,12,31,3,0
420830,1,1,1998,32,32,32,32,32,32,32,32,32,32
420831,1,1,1998,10,10,10,10,10,10,10,10,10,10
420831,2,1,1998,18,0,0,0,0,0,0,0,0,0
420832,1,1,1998,0,0,0,0,0,0,0,0,0,0
420832,2,1,1998,0,0,0,0,0,0,0,0,0,0
420833,1,1,1998,0,0,0,0,0,0,0,0,0,0
420833,2,1,1998,0,0,0,0,0,0,0,0,0,0
420834,1,1,1998,0,0,0,0,0,0,0,0,0,0
420834,2,1,1998,0,0,0,0,0,0,0,0,0,0
420835,1,1,1998,0,0,0,0,0,18,0,0,13,0
420836,0,1,1998,0,0,0,0,0,0,0,0,0,0
420836,1,1,1998,0,0,0,0,0,0,0,0,0,0
420837,1,1,1998,29,29,29,29,29,29,29,29,29,29
420837,2,1,1998,0,0,0,0,0,0,0,0,0,0
420838,1,1,1998,0,0,0,0,0,0,0,0,0,0
420838,2,1,1998,0,0,0,0,0,0,0,0,0,0
420839,1,1,1998,0,0,0,0,0,0,0,0,0,0
420839,2,1,1998,0,0,0,0,0,0,0,0,0,0
420840,1,1,1998,0,0,0,0,0,0,0,0,0,0
420840,2,1,1998,0,0,0,0,0,0,0,0,0,0
420841,1,1,1998,14,14,14,14,14,14,14,14,14,14
420841,2,1,1998,0,0,0,0,0,0,0,0,0,0
420842,0,1,1998,0,0,0,0,0,0,0,0,0,0
420842,1,1,1998,0,0,0,0,0,0,0,0,0,0
420843,1,1,1998,20,0,0,0,0,0,0,0,0,0
420844,1,1,1998,11,11,11,11,11,11,11,11,11,11
420844,2,1,1998,0,0,0,0,0,0,0,0,0,0
420845,1,1,1998,4,4,4,4,4,4,4,4,4,4
420846,0,1,1998,0,0,0,0,0,0,0,0,0,0
420846,1,1,1998,14,14,14,14,14,14,14,14,14,14
420847,1,1,1998,0,0,0,0,0,0,0,0,0,0
420848,1,1,1998,25,25,25,25,25,25,25,25,25,25
420848,2,1,1998,0,0,0,0,0,0,0,0,0,0
420849,1,1,1998,0,0,0,0,0,0,0,0,0,0
420849,2,1,1998,0,0,0,0,0,0,0,0,0,0
420850,1,1,1998,24,24,24,24,24,24,24,24,24,24
420850,2,1,1998,22,22,22,22,22,22,22,22,22,22
420851,0,1,1998,0,0,0,0,0,0,0,0,0,0
420851,0,2,1998,0,0,0,0,0,0,0,0,0,0
420851,1,1,1998,0,0,0,0,0,0,0,0,0,0
420852,1,1,1998,18,18,18,18,18,18,18,18,18,18
420853,1,1,1998,0,0,0,0,0,0,0,0,0,0
420854,1,1,1998,0,0,0,0,0,0,0,0,0,0
420855,1,1,1998,0,0,0,0,0,0,0,0,0,0
420856,1,1,1998,0,0,11,0,0,0,0,0,0,0
420856,2,1,1998,0,0,0,0,0,0,0,16,0,0
420857,1,1,1998,13,13,13,13,13,13,13,13,13,13
420857,2,1,1998,0,0,0,0,0,0,0,0,0,0
420858,0,1,1998,0,0,0,0,0,0,0,0,0,0
420858,1,1,1998,0,0,0,0,0,0,0,0,0,0
420859,0,1,1998,0,0,0,0,0,0,0,0,0,0
420859,1,1,1998,0,0,0,0,0,0,0,0,0,0
420860,1,1,1998,0,0,0,0,0,0,0,0,0,0
420860,2,1,1998,0,0,0,14,0,0,0,0,13,18
420861,0,1,1998,0,0,0,0,0,0,0,0,0,0
420861,1,1,1998,0,0,0,0,0,0,0,0,0,0
420862,1,1,1998,0,0,0,0,0,0,0,0,0,0
420862,2,1,1998,0,0,0,0,0,0,0,0,0,0
420862,3,1,1998,0,11,0,0,5,0,0,0,0,0
420862,4,1,1998,0,0,0,0,0,0,0,0,0,0
420862,5,1,1998,0,0,0,0,0,0,0,0,0,0
420862,6,1,1998,0,0,0,0,0,0,0,0,0,0
420862,7,1,1998,0,0,0,0,0,0,0,0,0,0
420863,1,1,1998,22,22,22,22,22,22,22,22,22,22
420864,1,1,1998,0,0,11,18,0,0,10,19,0,0
420864,2,1,1998,0,0,0,0,0,0,0,0,0,0
420864,3,1,1998,0,0,0,0,0,0,0,0,0,0
420865,1,1,1998,0,0,0,0,0,0,0,0,0,0
420865,2,1,1998,0,0,0,0,0,0,0,0,0,0
420866,1,1,1998,0,0,0,0,0,0,0,0,0,0
420866,2,1,1998,0,0,0,29,0,0,0,0,0,10
420867,1,1,1998,15,15,15,15,15,15,15,15,15,15
420868,1,1,1998,0,0,0,0,0,0,0,0,0,0
420869,1,1,1998,0,0,0,0,0,0,10,0,0,0
420869,2,1,1998,0,0,4,0,0,5,0,0,0,0
420870,1,1,1998,0,0,0,0,0,7,0,0,0,0
420871,0,1,1998,15,15,15,15,15,15,15,15,15,15
420871,1,1,1998,0,0,0,0,0,0,0,0,0,0
420872,1,1,1998,8,12,14,31,28,17,7,22,15,9
420872,2,1,1998,0,0,0,0,0,0,0,0,0,0
420873,1,1,1998,9,9,9,9,9,9,9,9,9,9
420873,2,1,1998,0,0,0,0,0,6,0,0,0,6
420873,3,1,1998,0,8,0,0,0,0,0,3,0,0
420874,1,1,1998,0,0,0,0,0,0,0,0,0,0
420875,1,1,1998,0,0,0,0,0,0,0,0,0,0
420875,2,1,1998,0,0,0,0,0,0,0,0,0,0
420876,0,1,1998,0,0,0,0,0,0,0,0,0,0
420876,1,1,1998,0,0,0,0,0,0,0,0,0,0
420877,0,1,1998,0,0,0,0,0,0,0,0,0,0
420877,1,1,1998,0,0,0,0,0,0,10,0,0,0
420878,1,1,1998,25,25,25,25,25,25,25,25,25,25
420878,2,1,1998,0,27,0,0,0,0,0,8,0,0
420879,1,1,1998,0,0,0,0,0,0,0,0,0,0
420880,1,1,1998,2,11,0,0,16,0,11,0,0,8
420881,0,1,1998,0,0,0,0,0,0,0,0,0,0
420881,1,1,1998,0,0,0,0,0,0,0,0,0,0
420882,1,1,1998,0,0,0,0,0,0,0,0,0,0
420883,1,1,1998,0,0,0,0,8,0,0,10,0,0
420883,2,1,1998,0,0,0,0,0,0,0,0,0,0
420884,1,1,1998,18,18,18,18,18,18,18,18,18,18
420885,1,1,1998,0,0,0,0,0,0,0,0,0,0
420885,2,1,1998,0,0,0,0,0,0,0,0,0,0
420886,1,1,1998,0,0,0,18,20,0,0,0,0,0
420887,1,1,1998,18,18,18,18,18,18,18,18,18,18
420888,1,1,1998,0,0,0,0,0,0,0,0,0,0
420888,2,1,1998,0,0,0,0,0,0,0,0,0,0
420889,1,1,1998,20,20,20,20,20,20,20,20,20,20
420890,1,1,1998,0,0,0,0,0,0,0,0,0,0
420891,1,1,1998,0,0,0,0,0,0,0,0,0,0
420891,2,1,1998,14,14,14,14,14,14,14,14,14,14
420892,1,1,1998,0,0,0,0,0,0,0,0,0,0
420893,1,1,1998,0,0,0,0,0,0,0,0,0,0
420893,2,1,1998,0,0,0,0,0,0,0,0,0,0
420894,1,1,1998,5,5,5,5,5,5,5,5,5,5
420894,2,1,1998,0,0,0,0,0,0,0,0,0,0
420895,1,1,1998,13,20,14,8,28,30,29,24,11,18
420896,1,1,1998,19,19,19,19,19,19,19,19,19,19
420896,2,1,1998,0,0,0,0,0,0,0,0,0,0
420897,1,1,1998,21,21,21,21,21,21,21,21,21,21
420898,1,1,1998,27,27,27,27,27,27,27,27,27,27
420899,1,1,1998,0,0,0,0,0,0,0,0,0,0
420900,1,1,1998,17,17,17,17,17,17,17,17,17,17
420901,1,1,1998,15,17,8,8,21,29,3,23,16,14
420901,2,1,1998,0,0,0,0,0,0,0,0,0,0
420901,3,1,1998,0,0,0,0,0,0,0,0,0,0
420902,1,1,1998,0,0,0,0,0,0,0,0,0,0
420902,2,1,1998,0,0,0,0,0,0,0,0,0,0
420903,1,1,1998,14,14,14,14,14,14,14,14,14,14
420904,1,1,1998,0,7,0,12,6,0,0,4,0,0
420905,0,1,1998,0,16,0,0,0,16,0,0,0,0
420905,1,1,1998,0,0,0,0,0,0,0,0,0,0
420906,1,1,1998,0,0,0,0,0,0,0,0,0,0
420906,2,1,1998,0,0,0,0,0,0,0,0,0,0
420907,1,1,1998,0,0,0,0,0,0,0,0,0,0
420907,2,1,1998,0,0,0,0,0,0,0,0,0,0
420908,1,1,1998,0,24,8,0,0,0,15,0,0,0
420909,1,1,1998,11,11,11,11,11,11,11,11,11,11
420910,1,1,1998,0,0,0,21,0,0,0,0,0,0
420911,1,1,1998,5,15,21,13,7,16,21,0,0,14
420911,2,1,1998,0,0,0,0,0,0,0,0,0,0
420912,1,1,1998,14,21,9,4,13,11,16,16,15,18
420913,1,1,1998,33,33,33,33,33,33,33,33,33,33
420914,1,1,1998,0,0,18,0,0,0,9,4,13,18
420915,1,1,1998,0,0,0,0,0,0,0,0,0,0
420916,1,1,1998,0,0,0,0,0,0,26,19,0,0
420917,1,1,1998,25,25,25,25,25,25,25,25,25,25
420918,1,1,1998,0,0,0,0,0,0,0,0,0,0
420919,1,1,1998,0,0,0,0,0,0,0,0,0,0
420919,2,1,1998,0,0,0,0,0,0,0,0,0,7
420920,1,1,1998,0,0,0,0,0,0,0,0,0,13
420920,2,1,1998,0,0,0,0,0,0,0,0,0,0
420921,1,1,1998,0,0,0,0,0,0,0,0,0,0
420921,2,1,1998,0,0,0,0,0,0,0,0,0,0
420922,1,1,1998,0,0,0,0,0,0,0,0,0,0
420923,0,1,1998,12,39,0,0,19,11,0,0,28,16
420923,1,1,1998,0,0,0,0,0,0,0,0,0,0
420924,0,1,1998,0,0,0,0,0,0,0,0,0,0
420924,1,1,1998,0,0,0,0,0,0,0,0,0,0
420924,2,1,1998,0,0,0,0,0,0,0,0,0,0
420925,1,1,1998,14,14,14,14,14,14,14,14,14,14
420926,1,1,1998,0,0,0,0,0,0,0,0,0,0
420926,2,1,1998,0,0,0,0,0,0,0,0,0,0
420927,1,1,1998,0,0,0,0,0,0,0,0,0,0
420927,2,1,1998,0,0,0,0,0,0,0,0,0,0
420928,1,1,1998,17,17,17,17,17,17,17,17,17,17
420929,0,1,1998,0,0,0,0,0,0,0,0,0,0
420929,1,1,1998,0,0,0,0,0,0,0,0,0,0
420930,1,1,1998,14,14,14,14,14,14,14,14,14,14
420931,1,1,1998,23,23,23,23,23,23,23,23,23,23
420932,1,1,1998,0,0,0,17,0,0,0,0,0,0
420932,2,1,1998,0,0,0,0,0,0,0,0,0,0
420933,1,1,1998,0,8,0,0,0,0,16,25,0,17
420933,2,1,1998,0,0,0,0,0,0,0,0,0,0
420934,0,1,1998,0,0,0,0,0,0,0,0,0,0
420934,1,1,1998,0,0,0,0,0,0,0,0,0,0
420935,1,1,1998,12,0,0,0,0,0,0,0,15,11
420936,1,1,1998,10,0,0,0,0,0,2,0,0,12
420937,1,1,1998,0,0,0,17,0,0,0,0,0,0
420938,0,1,1998,0,13,24,31,8,0,15,0,24,0
420938,1,1,1998,16,16,16,16,16,16,16,16,16,16
420939,1,1,1998,0,0,0,0,0,0,0,0,4,0
420940,1,1,1998,0,25,12,26,20,40,12,21,18,20
420941,1,1,1998,0,0,0,0,0,0,0,0,0,0
420941,2,1,1998,18,0,0,9,21,0,0,13,0,0
420941,3,1,1998,0,0,0,0,0,0,0,0,0,0
420942,1,1,1998,0,0,0,0,0,0,0,0,0,0
420943,1,1,1998,18,17,25,23,0,21,0,20,17,22
420944,1,1,1998,25,25,25,25,25,25,25,25,25,25
420945,1,1,1998,0,4,0,0,0,0,0,0,0,0
420946,1,1,1998,28,28,28,28,28,28,28,28,28,28
420947,1,1,1998,0,0,0,0,0,0,0,0,0,0
420948,1,1,1998,0,0,0,0,0,0,0,0,0,0
420949,1,1,1998,0,0,0,0,0,0,0,0,0,0
420949,2,1,1998,0,0,0,0,0,0,0,0,0,0
420950,1,1,1998,0,0,0,0,0,0,0,0,0,0
420951,1,1,1998,19,19,19,19,19,19,19,19,19,19
420951,2,1,1998,0,0,14,12,5,17,0,0,3,0
420952,1,1,1998,0,0,0,0,0,0,0,0,0,0
420952,2,1,1998,0,0,0,0,0,0,0,0,0,0
420952,3,1,1998,0,0,0,0,0,0,0,0,0,0
420953,1,1,1998,0,0,0,0,0,0,0,0,0,5
420954,1,1,1998,0,0,0,0,0,0,0,0,0,0
420954,2,1,1998,0,0,0,0,0,0,0,0,0,0
420955,1,1,1998,18,18,18,18,18,18,18,18,18,18
420956,1,1,1998,0,0,0,0,0,0,0,0,0,0
420957,1,1,1998,19,19,19,19,19,19,19,19,19,19
420958,1,1,1998,0,0,0,0,0,0,0,0,0,0
420958,2,1,1998,0,0,0,0,0,0,0,0,0,0
420959,1,1,1998,0,0,0,0,0,0,0,0,0,0
420960,1,1,1998,12,14,26,8,15,8,12,3,10,10
420960,2,1,1998,0,17,0,0,0,0,0,0,0,0
420961,1,1,1998,0,0,0,0,0,0,0,0,0,0
420961,2,1,1998,0,0,0,0,0,0,0,0,0,0
420962,1,1,1998,0,0,0,0,0,0,0,0,0,0
420962,2,1,1998,0,0,0,0,0,0,0,0,0,0
420963,1,1,1998,0,0,0,0,0,0,0,0,0,0
420963,2,1,1998,0,0,0,0,0,0,0,0,0,0
420963,3,1,1998,0,0,0,0,0,0,0,0,0,0
420964,0,1,1998,0,0,0,0,0,0,0,0,0,0
420964,1,1,1998,0,0,0,0,0,0,0,0,0,0
420965,1,1,1998,1,1,1,1,1,1,1,1,1,1
420965,2,1,1998,0,0,0,0,0,0,0,0,0,0
420966,0,1,1998,0,0,0,0,0,0,0,0,0,0
420966,1,1,1998,0,0,0,0,0,0,0,0,0,0
420967,1,1,1998,0,0,0,0,0,0,0,0,0,0
420968,1,1,1998,20,20,20,20,20,20,20,20,20,20
420969,0,1,1998,0,0,0,0,0,0,12,31,0,0
420969,1,1,1998,0,0,0,0,0,0,0,0,0,0
420970,1,1,1998,0,0,0,0,0,0,0,0,0,0
420971,0,1,1998,21,0,0,13,0,29,0,0,0,0
420971,1,1,1998,0,0,0,0,0,0,0,0,0,0
420972,1,1,1998,0,0,0,0,0,0,0,0,0,0
420973,1,1,1998,0,0,0,0,0,0,0,0,0,0
420973,2,1,1998,0,0,0,0,0,0,0,0,0,0
420974,1,1,1998,0,0,0,0,0,0,0,0,0,0
420974,2,1,1998,0,0,0,0,0,0,0,7,0,0
420975,1,1,1998,0,0,0,0,0,0,0,0,0,0
420975,2,1,1998,0,0,0,0,0,0,0,0,0,0
420976,1,1,1998,20,20,20,20,20,20,20,20,20,20
420977,1,1,1998,0,0,0,0,0,0,0,0,0,0
420978,1,1,1998,35,35,35,35,35,35,35,35,35,35
420979,1,1,1998,28,28,28,28,28,28,28,28,28,28
420980,1,1,1998,18,18,18,18,18,18,18,18,18,18
420981,0,1,1998,0,0,0,0,0,0,0,0,0,0
420981,1,1,1998,0,0,0,0,0,0,0,0,0,0
420982,1,1,1998,0,0,0,20,15,0,0,0,0,0
420982,2,1,1998,0,0,0,0,0,0,0,0,0,0
420983,0,1,1998,0,0,0,0,0,0,0,0,0,0
420983,1,1,1998,0,0,0,0,0,0,0,0,0,0
420984,0,1,1998,0,0,0,0,0,0,0,0,0,0
420984,1,1,1998,18,16,9,0,11,0,3,0,2,18
420985,0,1,1998,0,0,0,0,0,0,0,0,0,0
420985,1,1,1998,0,18,5,0,0,0,0,24,0,0
420986,1,1,1998,23,14,0,17,0,10,0,0,25,0
420986,2,1,1998,0,0,0,0,0,0,0,0,0,0
420987,1,1,1998,0,0,12,23,0,17,8,16,37,19
420988,1,1,1998,0,0,0,0,15,13,0,0,13,0
420989,0,1,1998,0,0,0,0,0,0,0,0,0,0
420989,1,1,1998,0,0,0,0,0,0,0,0,0,0
420990,1,1,1998,8,10,5,0,31,0,27,10,22,0
420991,1,1,1998,0,0,0,0,0,0,0,0,0,12
420991,2,1,1998,0,0,0,0,0,0,0,0,0,0
420992,1,1,1998,14,2,27,17,39,0,0,20,16,21
420993,1,1,1998,0,0,0,0,0,0,0,0,0,0
420994,1,1,1998,0,0,0,0,0,0,0,0,0,0
420994,2,1,1998,0,0,0,0,0,0,0,0,0,0
420994,3,1,1998,0,3,0,0,0,0,0,0,0,0
420995,1,1,1998,0,0,0,0,0,0,0,0,0,0
420995,2,1,1998,0,0,0,0,0,0,0,0,0,0
420996,1,1,1998,0,0,0,0,0,0,0,0,0,0
420997,1,1,1998,14,0,15,19,0,0,29,0,17,4
420998,1,1,1998,31,0,17,0,0,19,0,0,0,0
420999,1,1,1998,6,6,6,6,6,6,6,6,6,6
421000,1,1,1998,0,0,0,0,0,0,0,0,0,0
421001,1,1,1998,0,0,0,0,0,0,0,0,0,0
421001,2,1,1998,0,0,0,0,0,0,0,0,0,0
421002,1,1,1998,0,0,0,0,0,0,0,0,0,0
421003,1,1,1998,0,0,0,0,7,0,0,0,0,0
421003,2,1,1998,0,0,0,0,0,0,0,0,0,0
421004,1,1,1998,0,0,10,0,0,0,0,0,0,0
421005,0,1,1998,0,0,0,0,0,0,0,0,0,0
421005,1,1,1998,0,0,0,0,0,0,0,0,0,0
421006,1,1,1998,28,28,28,28,28,28,28,28,28,28
421007,1,1,1998,0,0,0,0,0,0,0,0,0,0
421007,2,1,1998,0,0,0,0,0,0,0,0,0,0
421008,0,1,1998,0,0,0,0,0,0,0,0,0,0
421008,1,1,1998,0,0,0,0,0,0,0,0,0,0
421009,1,1,1998,0,0,8,0,28,0,0,0,0,0
421010,0,1,1998,0,0,0,0,0,0,0,0,0,0
421010,1,1,1998,0,0,0,0,0,0,0,0,0,0
421011,1,1,1998,5,11,18,0,0,0,0,0,0,13
421012,1,1,1998,0,0,0,0,0,0,0,0,0,0
421013,1,1,1998,18,18,18,18,18,18,18,18,18,18
421014,1,1,1998,0,0,0,0,0,0,0,0,0,0
421014,2,1,1998,0,0,0,0,0,0,0,0,0,0
421015,1,1,1998,0,0,0,0,0,0,0,0,0,0
421016,1,1,1998,0,6,0,0,0,0,0,0,0,0
421016,2,1,1998,0,0,0,0,0,0,0,0,2,0
421017,1,1,1998,29,0,12,23,0,0,0,0,23,27
421018,1,1,1998,0,0,0,0,0,0,0,0,0,0
421019,1,1,1998,0,0,0,0,0,0,0,13,0,0
421019,2,1,1998,20,0,0,0,0,0,6,0,0,0
421019,3,1,1998,0,0,0,0,0,0,0,0,0,0
421020,0,1,1998,0,0,0,0,0,0,0,0,0,0
421020,1,1,1998,0,0,0,0,0,0,0,0,0,0
421021,1,1,1998,18,18,18,18,18,18,18,18,18,18
421022,1,1,1998,0,0,0,0,0,0,0,0,0,0
421022,2,1,1998,19,19,19,19,19,19,19,19,19,19
421023,1,1,1998,0,0,0,0,0,0,0,0,0,0
421023,2,1,1998,0,0,0,0,0,0,0,0,0,0
421024,1,1,1998,12,12,12,12,12,12,12,12,12,12
421025,1,1,1998,8,8,8,8,8,8,8,8,8,8
421026,1,1,1998,0,0,0,0,0,0,0,0,0,0
421026,2,1,1998,17,17,17,17,17,17,17,17,17,17
421027,1,1,1998,0,15,0,22,0,0,24,14,15,10
421028,1,1,1998,0,0,0,0,0,0,0,0,0,0
421028,2,1,1998,0,0,12,17,0,0,0,0,0,0
421029,1,1,1998,8,8,8,8,8,8,8,8,8,8
421030,1,1,1998,27,27,27,27,27,27,27,27,27,27
421031,1,1,1998,14,14,14,14,14,14,14,14,14,14
421032,1,1,1998,0,0,0,0,0,0,0,0,0,0
421032,2,1,1998,0,0,0,0,0,0,0,0,0,0
421033,1,1,1998,10,10,10,10,10,10,10,10,10,10
421033,2,1,1998,13,13,13,13,13,13,13,13,13,13
421033,3,1,1998,0,8,16,16,24,0,6,26,10,32
421034,1,1,1998,32,32,32,32,32,32,32,32,32,32
421035,1,1,1998,0,0,7,0,0,0,0,0,0,0
421035,2,1,1998,0,0,0,0,0,0,0,0,0,0
421036,1,1,1998,32,15,8,0,16,39,18,15,26,13
421037,1,1,1998,0,0,0,0,0,0,0,0,0,0
421037,2,1,1998,0,0,0,0,0,0,0,0,0,0
421038,1,1,1998,0,0,0,0,0,16,0,0,0,0
421038,2,1,1998,0,0,0,0,0,0,0,0,0,0
421039,1,1,1998,0,0,0,0,0,0,0,0,0,0
421040,1,1,1998,0,0,0,0,0,0,0,0,0,0
421040,2,1,1998,0,0,0,0,0,0,0,0,0,0
421041,1,1,1998,2,2,2,2,2,2,2,2,2,2
421041,2,1,1998,0,0,0,0,0,16,0,0,0,0
421042,1,1,1998,0,0,0,0,0,0,0,0,0,0
421042,2,1,1998,0,0,0,8,0,0,0,0,0,32
421043,1,1,1998,0,0,0,0,0,0,0,0,0,0
421044,1,1,1998,0,0,0,0,0,0,0,0,0,0
421044,2,1,1998,0,0,0,0,0,0,0,0,0,0
421045,1,1,1998,0,0,0,0,0,0,0,0,0,0
421046,1,1,1998,3,3,3,3,3,3,3,3,3,3
421046,2,1,1998,0,20,0,10,0,0,0,0,12,0
421047,1,1,1998,0,0,0,0,0,0,0,0,0,0
421048,1,1,1998,15,15,15,15,15,15,15,15,15,15
421049,1,1,1998,0,0,0,0,0,0,0,0,0,0
421050,0,1,1998,27,27,27,27,27,27,27,27,27,27
421050,1,1,1998,0,0,0,0,0,0,3,0,0,0
421051,1,1,1998,0,0,0,0,0,0,0,0,0,0
421051,2,1,1998,17,0,0,0,0,14,0,0,0,0
421051,3,1,1998,0,0,0,0,0,0,0,0,0,0
421052,0,1,1998,0,0,0,0,0,0,0,0,0,0
421052,1,1,1998,0,0,0,0,0,0,0,0,0,0
421053,0,1,1998,0,0,0,0,0,0,0,0,0,0
421053,1,1,1998,0,0,0,0,0,0,0,0,0,0
421054,1,1,1998,0,0,20,0,0,0,0,0,0,0
421055,0,1,1998,0,0,0,0,0,0,0,0,0,0
421055,1,1,1998,0,0,0,0,0,0,0,0,0,0
421056,1,1,1998,0,9,0,0,0,0,0,0,0,8
421057,1,1,1998,0,0,0,0,0,0,0,0,0,0
421057,2,1,1998,8,17,15,7,16,18,15,19,12,34
421058,1,1,1998,0,0,0,0,0,0,0,0,0,0
421059,1,1,1998,0,0,0,0,0,0,0,0,0,0
421059,2,1,1998,0,0,0,0,0,0,0,0,0,0
421060,1,1,1998,0,0,0,0,0,0,0,0,0,0
421060,2,1,1998,0,0,0,0,0,0,0,0,0,0