ST_CASE,VEH_NO,PER_NO,YEAR,P1,P2,P3,P4,P5,P6,P7,P8,P9,P10
450204,1,1,1998,0,0,0,0,0,0,0,0,9,0
450205,1,1,1998,0,0,0,0,0,0,0,0,0,0
450206,1,1,1998,0,0,26,0,0,0,0,0,0,0
450207,1,1,1998,8,0,0,0,0,0,0,0,0,0
450207,2,1,1998,0,0,0,0,0,0,0,0,0,0
450208,1,1,1998,28,15,14,16,0,16,20,17,48,10
450209,0,1,1998,38,10,15,6,27,42,22,31,24,32
450209,1,1,1998,0,0,0,0,0,0,0,0,0,0
450210,1,1,1998,7,12,6,0,8,11,0,16,7,4
450211,1,1,1998,0,0,0,0,0,0,0,0,0,0
450211,2,1,1998,0,0,0,0,3,0,0,15,0,0
450212,1,1,1998,4,0,0,0,0,0,0,0,0,0
450212,2,1,1998,0,0,0,0,0,0,0,0,0,0
450213,1,1,1998,0,0,0,0,0,0,0,0,0,0
450214,1,1,1998,0,0,0,0,0,0,16,0,24,0
450214,2,1,1998,3,0,0,0,0,0,0,0,0,0
450214,3,1,1998,0,0,0,0,0,0,0,0,0,0
450215,1,1,1998,0,0,0,0,0,0,0,0,0,0
450216,0,1,1998,0,0,0,0,0,0,0,0,0,0
450216,1,1,1998,0,0,0,0,0,0,0,0,0,0
450217,0,1,1998,0,8,0,0,0,0,0,0,17,0
450217,1,1,1998,0,0,0,0,0,0,5,0,0,0
450218,1,1,1998,0,0,0,0,0,0,0,0,0,0
450218,2,1,1998,0,0,0,0,13,0,0,0,0,0
450219,0,1,1998,0,0,0,0,0,0,0,0,0,0
450219,1,1,1998,0,16,0,5,19,9,0,0,0,31
450220,1,1,1998,0,0,0,0,0,0,0,0,0,0
450221,1,1,1998,0,0,0,0,0,0,0,0,0,0
450222,0,1,1998,26,26,26,26,26,26,26,26,26,26
450222,1,1,1998,0,0,0,0,0,0,0,0,0,0
450223,1,1,1998,0,0,0,0,0,0,0,0,0,0
450223,2,1,1998,0,0,15,0,0,0,0,0,0,0
450224,1,1,1998,12,12,12,12,12,12,12,12,12,12
450225,1,1,1998,0,0,0,0,0,0,0,0,0,0
450225,2,1,1998,22,22,22,22,22,22,22,22,22,22
450226,1,1,1998,0,0,0,0,0,0,0,0,0,0
450226,2,1,1998,0,0,0,0,0,0,0,0,0,0
450227,1,1,1998,31,31,31,31,31,31,31,31,31,31
450228,1,1,1998,0,0,0,0,0,0,0,0,0,0
450228,2,1,1998,0,0,0,0,0,0,0,0,0,0
450229,1,1,1998,0,0,0,0,0,0,0,0,0,0
450229,2,1,1998,21,21,21,21,21,21,21,21,21,21
450230,1,1,1998,10,10,10,10,10,10,10,10,10,10
450231,1,1,1998,0,0,0,0,5,0,0,0,0,0
450231,2,1,1998,0,0,0,0,0,0,0,0,0,0
450232,1,1,1998,0,0,0,0,0,0,0,0,0,0
450233,1,1,1998,0,0,0,0,0,0,0,0,0,0
450234,1,1,1998,26,26,26,26,26,26,26,26,26,26
450235,1,1,1998,0,0,0,0,0,0,25,0,0,0
450236,1,1,1998,0,0,0,0,0,0,0,0,0,0
450236,2,1,1998,7,0,0,0,0,0,0,16,8,0
450237,0,1,1998,0,0,0,0,0,0,0,0,0,0
450237,1,1,1998,0,0,0,0,0,0,0,0,0,0
450238,0,1,1998,11,11,11,11,11,11,11,11,11,11
450238,1,1,1998,0,0,4,0,0,0,0,0,0,3
450239,1,1,1998,0,0,0,0,0,0,0,0,0,0
450239,2,1,1998,0,0,0,0,0,0,0,16,0,0
450240,1,1,1998,1,0,0,0,0,0,12,0,0,0
450241,1,1,1998,0,0,0,0,0,0,0,0,0,0
450241,2,1,1998,0,0,0,0,0,0,0,0,0,0
450242,1,1,1998,0,27,0,0,0,0,0,0,7,0
450243,1,1,1998,0,0,0,0,0,0,0,0,0,0
450243,2,1,1998,0,0,0,0,0,0,0,0,0,0
450244,1,1,1998,32,32,32,32,32,32,32,32,32,32
450245,1,1,1998,0,0,0,0,0,0,0,0,0,0
450246,1,1,1998,0,0,0,0,0,0,0,0,0,0
450246,2,1,1998,0,0,0,0,0,0,0,0,0,0
450247,0,1,1998,0,0,0,0,0,0,0,0,0,0
450247,1,1,1998,0,0,0,0,0,0,0,0,0,0
450248,1,1,1998,12,12,12,12,12,12,12,12,12,12
450249,1,1,1998,16,16,16,16,16,16,16,16,16,16
450250,1,1,1998,10,10,10,10,10,10,10,10,10,10
450251,1,1,1998,0,0,0,0,0,0,0,0,0,0
450251,2,1,1998,0,0,0,0,11,0,0,0,0,0
450252,1,1,1998,0,0,0,0,0,0,0,0,0,0
450253,1,1,1998,0,0,0,0,0,0,0,0,0,0
450253,2,1,1998,0,0,0,0,0,0,0,0,0,0
450254,1,1,1998,0,0,0,0,0,0,0,9,0,0
450254,2,1,1998,0,0,0,0,0,0,0,0,0,0
450255,1,1,1998,5,0,0,0,0,0,0,0,0,0
450255,2,1,1998,0,0,0,0,0,0,0,0,0,0
450256,1,1,1998,0,0,0,0,0,0,0,0,0,0
450256,2,1,1998,0,0,0,0,0,0,0,0,0,0
450257,1,1,1998,0,0,0,0,0,0,0,0,0,0
450257,2,1,1998,0,0,0,0,0,0,0,0,6,0
450258,1,1,1998,0,0,0,0,14,0,0,0,0,0
450260,0,1,1998,0,6,0,0,0,0,0,0,20,26
450260,1,1,1998,0,0,0,0,0,0,0,0,0,0
450261,0,1,1998,0,0,0,0,0,0,0,0,0,0
450261,1,1,1998,0,0,0,0,0,0,0,0,0,0
450262,1,1,1998,0,0,0,0,0,0,0,0,0,0
450262,2,1,1998,0,0,0,0,16,0,0,0,0,0
450263,1,1,1998,0,0,0,0,0,0,0,0,0,0
450263,2,1,1998,0,0,0,0,0,0,0,0,0,0
450264,1,1,1998,14,21,23,3,9,12,12,13,12,13
450266,0,1,1998,0,0,0,0,0,0,0,0,0,0
450266,1,1,1998,0,0,0,10,0,0,13,0,0,0
450267,1,1,1998,19,19,19,19,19,19,19,19,19,19
450268,1,1,1998,0,0,0,0,0,0,0,0,0,0
450268,2,1,1998,0,0,0,0,0,0,0,0,0,0
450269,1,1,1998,0,25,10,19,13,23,20,26,0,12
450270,1,1,1998,0,0,0,0,0,0,0,0,0,0
450270,2,1,1998,0,0,0,0,0,0,0,0,0,0
450271,1,1,1998,0,0,0,0,0,0,0,0,0,0
450271,2,1,1998,0,0,0,0,0,0,0,0,0,0
450271,3,1,1998,0,0,0,0,0,0,0,0,0,0
450271,4,1,1998,0,0,0,0,0,0,0,0,0,0
450272,1,1,1998,0,0,0,0,0,0,0,0,0,0
450273,1,1,1998,0,0,0,0,0,0,0,0,0,0
450273,2,1,1998,0,0,0,0,0,0,0,0,0,0
450274,1,1,1998,0,0,0,0,0,0,0,0,0,0
450275,1,1,1998,0,0,0,0,0,0,0,0,0,0
450276,1,1,1998,0,0,5,0,0,0,0,0,0,0
450276,2,1,1998,0,16,0,0,25,13,0,7,7,12
450277,1,1,1998,10,0,0,0,0,0,0,0,0,16
450277,2,1,1998,0,0,0,0,0,0,0,0,0,0
450278,1,1,1998,0,21,0,3,14,15,0,0,0,24
450279,0,1,1998,0,0,0,0,0,0,0,0,0,0
450279,1,1,1998,0,0,0,0,0,0,0,0,0,0
450281,0,1,1998,0,0,0,0,0,0,0,20,16,0
450281,1,1,1998,0,0,0,0,0,0,0,0,0,0
450282,1,1,1998,0,0,0,0,0,0,0,0,0,0
450282,2,1,1998,0,0,0,0,0,0,0,0,0,0
450283,1,1,1998,8,8,8,8,8,8,8,8,8,8
450284,1,1,1998,0,0,0,0,0,0,0,0,0,0
450284,2,1,1998,0,0,19,35,0,0,0,0,0,0
450285,1,1,1998,0,0,0,0,0,0,0,0,0,0
450286,1,1,1998,0,0,0,0,0,21,0,15,10,0
450287,1,1,1998,0,0,0,0,0,0,0,0,0,0
450287,2,1,1998,0,0,0,0,0,0,0,0,0,0
450288,1,1,1998,0,0,0,0,0,0,0,0,0,0
450288,2,1,1998,0,0,0,0,0,0,0,0,0,0
450289,1,1,1998,19,19,19,19,19,19,19,19,19,19
450290,1,1,1998,0,0,0,0,0,0,0,0,10,0
450291,1,1,1998,0,0,8,0,0,13,11,0,0,0
450292,1,1,1998,5,10,0,0,0,6,0,0,0,0
450292,2,1,1998,0,0,0,0,0,0,16,0,0,0
450293,1,1,1998,24,17,24,18,40,12,27,10,14,8
450294,1,1,1998,0,0,0,0,0,0,0,0,0,0
450294,2,1,1998,0,0,0,0,0,0,0,0,0,0
450295,1,1,1998,0,9,0,0,0,0,0,0,0,0
450295,2,1,1998,0,0,0,0,0,0,0,0,0,0
450296,1,1,1998,19,0,0,0,0,0,8,21,0,6
450296,2,1,1998,0,0,0,0,0,0,0,0,0,0
450297,1,1,1998,15,18,0,0,0,0,0,0,0,0
450298,1,1,1998,0,0,0,0,0,0,0,0,19,0
450299,1,1,1998,0,0,0,0,0,0,0,0,0,0
450299,2,1,1998,0,0,0,0,0,10,0,0,0,0
450300,1,1,1998,0,0,0,0,0,0,0,0,0,0
450300,2,1,1998,0,0,0,0,0,0,0,0,0,0
450301,1,1,1998,12,0,0,0,0,13,0,0,0,0
450302,1,1,1998,0,0,0,0,0,0,0,0,0,0
450303,1,1,1998,0,0,0,0,0,0,0,16,0,0
450304,0,1,1998,9,9,9,9,9,9,9,9,9,9
450304,1,1,1998,0,0,0,0,0,0,0,0,0,0
450305,1,1,1998,0,5,0,0,0,0,0,0,0,0
450305,2,1,1998,0,14,0,0,0,0,0,0,0,0
450306,1,1,1998,32,32,32,32,32,32,32,32,32,32
450307,0,1,1998,0,0,0,0,0,0,0,0,0,0
450307,1,1,1998,0,0,0,4,0,0,0,0,0,0
450308,1,1,1998,0,0,0,0,0,0,0,0,0,0
450309,1,1,1998,0,0,0,0,0,3,0,0,0,0
450310,1,1,1998,0,0,0,0,0,0,0,0,0,0
450311,1,1,1998,0,0,0,0,0,0,0,0,0,0
450311,2,1,1998,22,22,22,22,22,22,22,22,22,22
450312,1,1,1998,0,0,0,0,0,0,0,0,0,0
450312,2,1,1998,0,0,0,0,0,0,0,6,0,0
450313,0,1,1998,0,0,0,0,0,0,0,0,0,0
450313,1,1,1998,0,0,0,0,0,0,0,0,0,0
450314,1,1,1998,17,17,17,17,17,17,17,17,17,17
450315,1,1,1998,0,0,0,7,0,0,0,0,0,0
450315,2,1,1998,0,0,0,0,0,0,0,0,0,0
450316,1,1,1998,0,0,0,0,0,0,0,0,0,0
450316,2,1,1998,0,0,0,0,0,0,0,0,0,0
450317,1,1,1998,0,0,0,0,0,0,0,0,0,0
450318,1,1,1998,12,0,22,0,17,0,7,0,8,16
450319,1,1,1998,0,3,0,5,0,0,5,0,8,0
450320,1,1,1998,0,0,0,0,0,0,0,0,0,0
450320,2,1,1998,0,0,0,0,0,0,0,0,0,0
450321,1,1,1998,11,0,0,0,0,0,0,0,0,0
450321,2,1,1998,0,0,0,0,0,0,0,0,0,0
450321,3,1,1998,0,0,0,0,0,0,0,0,0,0
450322,1,1,1998,0,0,0,0,0,0,0,0,0,0
450322,2,1,1998,7,7,7,7,7,7,7,7,7,7
450323,1,1,1998,19,19,19,19,19,19,19,19,19,19
450324,1,1,1998,0,0,0,0,0,0,0,0,0,0
450324,2,1,1998,0,0,0,0,0,0,0,0,0,0
450324,3,1,1998,0,0,0,0,0,0,0,0,0,0
450325,1,1,1998,0,0,0,0,0,0,0,0,0,0
450325,2,1,1998,0,0,0,0,0,0,0,0,0,0
450326,1,1,1998,10,0,30,0,8,0,0,0,0,0
450327,1,1,1998,16,16,16,16,16,16,16,16,16,16
450328,1,1,1998,0,0,0,0,0,0,0,0,0,0
450329,1,1,1998,14,0,14,7,23,0,0,0,0,0
450330,1,1,1998,0,0,0,0,6,0,0,0,3,0
450331,1,1,1998,0,0,0,0,0,0,0,0,0,0
450331,2,1,1998,0,0,0,0,0,0,0,0,0,0
450332,0,1,1998,0,0,0,0,0,0,0,0,0,0
450332,1,1,1998,0,0,0,0,0,0,0,0,0,0
450333,1,1,1998,9,9,9,9,9,9,9,9,9,9
450334,0,1,1998,0,0,0,0,0,0,0,0,0,0
450334,1,1,1998,0,0,0,0,0,0,0,0,0,0
450335,1,1,1998,0,0,0,0,0,0,0,0,0,0
450335,2,1,1998,19,21,16,26,0,34,12,7,20,9
450336,1,1,1998,0,0,0,0,0,0,0,0,0,0
450336,2,1,1998,0,0,12,0,0,0,0,0,0,0
450337,1,1,1998,0,0,0,0,0,0,0,0,0,0
450337,2,1,1998,0,0,0,0,0,0,0,0,0,0
450338,1,1,1998,22,24,7,18,23,17,17,20,17,34
450339,1,1,1998,0,0,0,0,8,0,0,0,0,0
450339,2,1,1998,0,0,0,0,0,0,0,10,0,0
450340,1,1,1998,0,0,0,0,0,0,0,0,0,0
450340,2,1,1998,28,28,28,28,28,28,28,28,28,28
450341,1,1,1998,30,18,9,12,38,12,12,21,23,13
450342,1,1,1998,0,0,0,0,0,0,0,0,0,0
450343,0,1,1998,30,23,25,29,27,41,32,0,30,36
450343,1,1,1998,0,0,0,0,0,0,0,0,0,0
450344,1,1,1998,9,9,9,9,9,9,9,9,9,9
450345,1,1,1998,0,7,0,0,18,0,0,0,0,12
450346,1,1,1998,0,28,0,0,0,0,0,0,15,0
450347,1,1,1998,0,0,0,0,0,0,0,0,0,0
450347,2,1,1998,0,0,0,0,0,0,0,0,0,0
450348,1,1,1998,0,0,0,0,0,0,0,0,0,0
450348,2,1,1998,0,0,0,0,0,0,0,0,0,0
450349,1,1,1998,2,28,15,2,0,0,17,21,6,22
450350,1,1,1998,0,11,0,8,18,0,11,0,17,0
450351,1,1,1998,0,0,0,0,0,0,0,0,0,0
450351,2,1,1998,0,0,0,0,0,0,0,0,0,0
450352,0,1,1998,0,0,0,0,0,0,0,0,0,0
450352,1,1,1998,0,0,0,0,0,0,0,0,0,0
450353,1,1,1998,0,0,0,0,0,0,0,0,0,0
450353,2,1,1998,0,0,0,0,0,0,0,0,0,0
450354,1,1,1998,1,0,13,0,0,19,19,0,0,0
450355,1,1,1998,0,0,20,0,0,0,5,0,0,0
450356,0,1,1998,0,0,0,0,0,0,0,0,0,0
450356,1,1,1998,0,0,0,0,0,0,0,4,0,0
450357,1,1,1998,0,7,0,0,0,0,0,0,0,0
450357,2,1,1998,0,0,0,0,0,0,0,0,0,0
450358,1,1,1998,0,0,0,0,0,0,0,0,0,0
450358,2,1,1998,0,0,0,0,0,0,0,0,0,0
450359,1,1,1998,12,0,0,0,0,21,0,0,0,0
450360,1,1,1998,0,0,0,0,0,0,0,0,0,0
450360,2,1,1998,0,0,0,0,0,0,0,0,0,0
450361,1,1,1998,0,0,0,3,0,0,0,0,0,0
450361,2,1,1998,0,0,0,0,0,0,0,0,0,0
450362,1,1,1998,0,3,9,0,0,0,5,0,0,0
450362,2,1,1998,1,1,1,1,1,1,1,1,1,1
450363,0,1,1998,18,37,28,18,27,47,30,24,29,0
450363,1,1,1998,0,0,0,0,0,0,0,0,0,0
450364,1,1,1998,0,0,0,0,0,0,0,0,0,0
450364,2,1,1998,0,0,0,0,0,0,0,0,0,0
450365,1,1,1998,0,0,0,0,0,0,0,0,0,0
450365,2,1,1998,5,0,0,0,0,0,0,0,16,0
450366,1,1,1998,0,0,0,0,0,0,0,0,0,0
450366,2,1,1998,0,0,0,0,0,0,0,0,0,0
450367,1,1,1998,0,0,0,0,0,0,0,0,0,0
450367,2,1,1998,0,0,0,0,0,0,0,0,0,0
450368,1,1,1998,0,0,0,12,0,0,0,0,0,0
450368,2,1,1998,0,0,0,0,0,0,0,0,0,0
450369,1,1,1998,0,0,0,0,0,0,0,0,0,0
450369,2,1,1998,0,0,0,0,0,0,0,18,0,0
450370,1,1,1998,0,0,0,0,0,0,0,0,0,0
450370,2,1,1998,25,25,25,25,25,25,25,25,25,25
450371,1,1,1998,8,8,8,8,8,8,8,8,8,8
450371,2,1,1998,10,10,10,10,10,10,10,10,10,10
450372,1,1,1998,0,0,0,0,0,0,0,0,0,0
450373,1,1,1998,17,8,0,5,0,0,6,15,0,18
450374,1,1,1998,0,0,0,0,0,0,0,0,0,0
450374,2,1,1998,0,0,6,0,0,0,0,0,0,0
450376,1,1,1998,0,0,0,0,0,0,0,0,0,0
450376,2,1,1998,0,0,0,0,0,0,0,0,0,0
450377,1,1,1998,0,0,0,0,0,0,0,0,0,0
450377,2,1,1998,9,0,0,0,0,0,0,0,0,0
450378,0,1,1998,0,0,0,0,8,28,0,0,0,0
450378,1,1,1998,14,0,0,0,0,0,0,0,0,0
450379,1,1,1998,0,16,18,27,6,15,7,0,19,18
450380,1,1,1998,0,0,0,0,0,0,0,0,0,0
450380,2,1,1998,0,0,0,0,0,0,0,0,0,0
450381,1,1,1998,27,27,27,27,27,27,27,27,27,27
450382,1,1,1998,13,0,15,0,0,0,20,0,16,23
450383,1,1,1998,0,8,0,0,0,0,0,0,0,17
450384,1,1,1998,0,0,0,0,0,0,0,0,0,0
450384,2,1,1998,0,0,0,0,0,0,0,0,0,0
450385,0,1,1998,24,24,24,24,24,24,24,24,24,24
450385,1,1,1998,0,0,0,0,0,0,0,0,0,0
450386,1,1,1998,0,0,0,0,0,0,0,0,0,0
450386,2,1,1998,0,0,0,0,0,0,0,0,0,0
450387,1,1,1998,0,0,0,0,0,0,0,0,0,0
450387,2,1,1998,0,0,0,0,17,0,0,0,0,0
450388,1,1,1998,0,0,0,0,0,0,0,0,0,0
450388,2,1,1998,0,0,0,0,0,0,0,0,0,0
450389,1,1,1998,0,0,0,0,0,0,0,0,0,0
450389,2,1,1998,0,0,0,0,0,0,0,0,0,0
450390,1,1,1998,5,0,0,0,9,20,0,14,0,0
450390,2,1,1998,0,0,0,0,0,0,0,0,0,0
450391,0,1,1998,26,0,0,0,0,18,0,0,0,0
450391,1,1,1998,0,0,0,0,0,0,14,0,0,0
450392,1,1,1998,0,0,0,0,0,0,0,0,0,0
450392,2,1,1998,0,0,0,0,0,0,0,0,0,0
450392,3,1,1998,0,0,0,0,0,0,0,0,0,0
450393,1,1,1998,8,0,4,0,0,0,10,0,0,0
450394,1,1,1998,14,17,5,22,10,26,22,4,0,16
450395,0,1,1998,12,12,12,12,12,12,12,12,12,12
450395,1,1,1998,0,0,0,0,0,0,0,0,0,0
450396,1,1,1998,0,0,0,0,0,0,0,0,0,0
450397,1,1,1998,15,18,13,19,24,13,13,21,14,36
450398,1,1,1998,0,0,0,0,0,0,0,0,30,17
450399,1,1,1998,0,0,0,0,0,0,0,0,0,16
450400,1,1,1998,0,0,0,0,0,0,0,0,0,0
450401,1,1,1998,0,0,0,0,0,0,0,0,0,0
450402,1,1,1998,26,26,26,26,26,26,26,26,26,26
450403,0,1,1998,29,29,29,29,29,29,29,29,29,29
450403,1,1,1998,0,0,0,0,0,0,0,0,0,0
450404,0,1,1998,9,0,0,0,14,0,0,7,0,0
450404,0,2,1998,0,0,0,0,0,0,0,0,0,0
450404,1,1,1998,0,0,0,0,0,0,0,0,0,0
450405,1,1,1998,19,19,19,19,19,19,19,19,19,19
450406,1,1,1998,16,16,16,16,16,16,16,16,16,16
450407,1,1,1998,18,0,0,0,0,0,0,0,0,0
450408,1,1,1998,17,11,23,15,6,6,0,0,13,30
450409,1,1,1998,0,0,0,0,0,0,0,0,0,0
450409,2,1,1998,0,0,0,0,0,0,0,0,0,0
450410,1,1,1998,0,0,0,0,0,0,0,0,0,0
450411,0,1,1998,8,8,8,8,8,8,8,8,8,8
450411,0,2,1998,22,0,8,0,0,7,0,17,43,27
450411,1,1,1998,0,0,0,0,5,0,0,0,0,0
450412,1,1,1998,0,0,0,0,0,0,0,0,0,0
450412,2,1,1998,9,9,9,9,9,9,9,9,9,9
450413,1,1,1998,0,0,0,0,0,0,0,0,0,0
450413,2,1,1998,0,0,0,0,0,0,0,0,0,0
450413,3,1,1998,0,0,0,0,0,0,0,0,0,0
450414,1,1,1998,11,11,11,11,11,11,11,11,11,11
450415,1,1,1998,0,0,0,0,0,0,0,0,0,0
450415,2,1,1998,0,0,0,0,0,0,0,0,0,0
450416,1,1,1998,0,0,0,0,0,0,0,0,0,0
450416,2,1,1998,0,0,0,0,0,0,0,0,0,0
450417,1,1,1998,0,0,0,0,0,0,0,0,0,0
450417,2,1,1998,0,0,0,0,0,0,0,0,0,0
450418,1,1,1998,9,0,0,6,0,0,0,17,0,0
450419,1,1,1998,9,9,9,9,9,9,9,9,9,9
450419,2,1,1998,0,7,0,14,17,0,10,12,0,0
450420,1,1,1998,0,0,0,0,0,0,0,0,0,0
450420,2,1,1998,0,0,0,0,0,0,0,0,0,0
450421,1,1,1998,0,0,0,0,0,0,0,0,0,0
450421,2,1,1998,0,0,0,0,0,0,0,0,7,0
450422,1,1,1998,0,0,0,0,0,0,0,0,0,0
450423,1,1,1998,0,0,0,0,5,13,4,0,0,0
450424,1,1,1998,0,0,0,0,0,0,0,0,0,0
450424,2,1,1998,15,0,0,0,0,0,0,0,0,0
450425,1,1,1998,0,0,0,0,0,0,0,0,0,0
450425,2,1,1998,17,12,22,7,14,9,22,12,7,15
450426,1,1,1998,0,0,0,0,0,0,3,0,0,0
450426,2,1,1998,0,0,0,0,0,0,0,0,0,0
450427,1,1,1998,0,0,0,0,0,0,0,0,0,0
450428,1,1,1998,17,17,17,17,17,17,17,17,17,17
450428,2,1,1998,0,0,0,0,0,0,0,0,0,0
450429,1,1,1998,31,21,0,10,0,0,18,0,0,0
450429,2,1,1998,0,0,0,0,0,0,0,0,0,0
450430,1,1,1998,0,0,0,0,0,0,0,0,0,0
450431,1,1,1998,27,27,27,27,27,27,27,27,27,27
450432,0,1,1998,0,0,0,0,0,0,0,0,0,0
450432,1,1,1998,0,0,0,0,0,0,0,0,0,0
450433,1,1,1998,0,0,0,0,0,0,0,0,0,0
450434,0,1,1998,0,0,0,0,0,0,0,0,0,0
450434,1,1,1998,0,0,21,0,36,0,0,0,0,0
450435,1,1,1998,0,0,0,0,0,0,0,0,0,0
450435,2,1,1998,0,0,0,0,0,0,3,0,0,0
450436,1,1,1998,16,16,16,16,16,16,16,16,16,16
450437,1,1,1998,0,0,0,5,11,12,0,0,0,0
450438,1,1,1998,0,0,0,0,0,5,0,0,0,0
450438,2,1,1998,0,0,0,0,0,0,0,0,0,0
450439,1,1,1998,0,0,0,0,0,0,0,0,0,0
450439,2,1,1998,13,0,0,0,0,0,0,0,0,15
450440,1,1,1998,0,0,0,0,0,0,0,0,27,0
450441,1,1,1998,5,0,0,0,0,0,0,0,0,11
450442,1,1,1998,17,0,9,0,0,0,21,0,18,5
450443,1,1,1998,11,16,0,11,18,10,25,0,14,8
450444,0,1,1998,0,0,0,0,0,0,0,0,0,0
450444,1,1,1998,0,0,0,0,0,0,0,0,0,7
450445,1,1,1998,0,0,0,0,9,0,0,0,0,10
450446,1,1,1998,10,10,10,10,10,10,10,10,10,10
450447,1,1,1998,0,0,0,0,0,0,0,0,0,0
450447,2,1,1998,11,0,0,0,0,0,15,0,8,0
450448,0,1,1998,6,6,6,6,6,6,6,6,6,6
450448,1,1,1998,16,16,16,16,16,16,16,16,16,16
450449,1,1,1998,14,14,14,14,14,14,14,14,14,14
450450,1,1,1998,10,0,0,0,15,0,0,0,0,20
450451,1,1,1998,0,0,0,0,0,0,0,0,0,0
450451,2,1,1998,0,0,0,0,0,0,0,0,0,0
450452,1,1,1998,0,0,0,0,13,0,0,0,0,0
450452,2,1,1998,0,0,0,0,0,0,0,0,0,0
450453,1,1,1998,17,17,17,17,17,17,17,17,17,17
450454,1,1,1998,0,0,0,0,0,0,0,0,0,0
450454,2,1,1998,21,21,21,21,21,21,21,21,21,21
450455,1,1,1998,21,21,21,21,21,21,21,21,21,21
450455,2,1,1998,0,0,0,0,0,0,0,0,0,0
450456,1,1,1998,0,12,0,0,0,0,0,0,0,0
450457,1,1,1998,0,0,0,0,0,0,0,0,0,0
450457,2,1,1998,0,0,0,0,0,0,0,0,0,0
450458,1,1,1998,0,0,0,0,0,0,0,0,0,0
450458,2,1,1998,0,0,0,0,0,0,0,0,24,15
450458,3,1,1998,0,0,0,0,0,0,0,0,0,0
450458,4,1,1998,8,0,0,15,0,0,26,0,0,0
450459,1,1,1998,0,0,0,0,0,0,17,15,20,0
450460,1,1,1998,11,30,0,0,0,9,12,0,11,19
450461,1,1,1998,0,0,0,0,0,12,15,0,0,0
450462,1,1,1998,16,0,0,0,0,0,0,0,0,0
450462,2,1,1998,0,0,0,0,0,0,0,0,0,0
450463,0,1,1998,8,0,0,0,0,0,0,19,0,0
450463,1,1,1998,0,0,0,0,0,0,0,0,0,0
450464,1,1,1998,0,0,0,0,0,0,0,0,0,0
450465,1,1,1998,11,11,11,11,11,11,11,11,11,11
450465,2,1,1998,0,0,0,0,0,0,0,0,0,0
450467,1,1,1998,0,0,0,0,0,0,0,0,0,0
450467,2,1,1998,0,0,0,0,0,0,0,0,0,0
450468,1,1,1998,0,0,0,0,0,0,14,0,0,0
450469,1,1,1998,0,0,0,0,0,0,0,0,0,0
450469,2,1,1998,0,0,0,0,0,0,0,0,0,0
450469,3,1,1998,0,0,0,0,0,0,0,0,0,0
450470,1,1,1998,10,10,10,10,10,10,10,10,10,10
450471,1,1,1998,15,0,0,0,0,9,15,0,8,10
450472,1,1,1998,0,0,0,0,0,0,0,0,0,0
450472,2,1,1998,0,0,0,0,0,15,0,0,27,0
450473,1,1,1998,17,17,17,17,17,17,17,17,17,17
450474,1,1,1998,0,0,0,0,0,0,0,0,0,0
450474,2,1,1998,12,0,0,0,0,0,0,0,0,0
450475,1,1,1998,16,16,16,16,16,16,16,16,16,16
450476,1,1,1998,0,14,11,0,0,0,0,0,20,0
450477,1,1,1998,26,26,26,26,26,26,26,26,26,26
450478,1,1,1998,0,0,0,0,0,0,0,0,0,0
450478,2,1,1998,0,0,0,0,0,0,0,0,0,0
450478,3,1,1998,23,23,23,23,23,23,23,23,23,23
450479,1,1,1998,0,0,0,0,0,0,0,0,0,0
450480,1,1,1998,0,0,0,0,0,0,0,0,0,0
450480,2,1,1998,0,0,0,0,6,0,0,0,0,0
450481,1,1,1998,20,20,20,20,20,20,20,20,20,20
450482,1,1,1998,0,0,0,0,0,0,0,0,0,0
450482,2,1,1998,0,0,0,0,0,0,0,0,0,0
450483,1,1,1998,0,0,0,0,0,0,0,0,0,0
450484,1,1,1998,0,0,0,0,0,0,0,0,0,0
450484,2,1,1998,0,0,0,0,0,0,0,0,0,0
450484,3,1,1998,0,0,0,0,0,0,0,0,0,0
450485,1,1,1998,0,0,21,0,0,0,0,0,0,13
450487,1,1,1998,0,0,0,0,0,0,0,0,0,0
450487,2,1,1998,0,0,0,0,0,0,0,0,0,0
450488,1,1,1998,0,0,0,0,0,0,0,0,0,0
450488,2,1,1998,0,21,0,0,0,0,0,0,0,0
450489,1,1,1998,18,18,18,18,18,18,18,18,18,18
450490,1,1,1998,30,30,30,30,30,30,30,30,30,30
450491,1,1,1998,0,0,0,0,0,0,0,0,6,0
450491,2,1,1998,0,0,0,0,0,0,0,0,0,0
450492,1,1,1998,16,10,9,31,10,16,14,11,8,34
450493,1,1,1998,0,0,0,0,0,0,0,0,0,12
450493,2,1,1998,20,12,12,12,28,12,23,14,12,12
450494,1,1,1998,26,26,26,26,26,26,26,26,26,26
450495,1,1,1998,17,17,17,17,17,17,17,17,17,17
450496,1,1,1998,0,31,12,19,0,0,6,0,12,0
450497,1,1,1998,19,19,19,19,19,19,19,19,19,19
450498,1,1,1998,0,0,0,0,0,0,0,0,0,0
450499,1,1,1998,0,0,12,0,0,18,0,0,0,0
450499,2,1,1998,0,0,0,0,0,0,0,0,0,0
450499,3,1,1998,0,0,0,0,0,0,0,0,0,0
450500,1,1,1998,0,29,18,20,16,7,0,0,11,32
450501,1,1,1998,1,1,1,1,1,1,1,1,1,1
450501,2,1,1998,0,0,0,0,0,0,0,0,0,0
450502,1,1,1998,0,0,0,6,0,0,0,0,0,0