ST_CASE,VEH_NO,PER_NO,YEAR,P1,P2,P3,P4,P5,P6,P7,P8,P9,P10
450502,2,1,1998,0,0,0,0,0,0,0,0,0,0
450503,1,1,1998,0,0,0,0,0,0,0,0,0,0
450504,0,1,1998,15,15,15,15,15,15,15,15,15,15
450504,1,1,1998,0,0,0,0,0,0,0,0,0,0
450505,1,1,1998,12,18,19,40,36,24,16,24,26,0
450506,1,1,1998,0,0,0,0,0,0,0,0,0,0
450506,2,1,1998,0,0,0,0,0,0,0,0,0,0
450507,2,1,1998,10,10,10,10,10,10,10,10,10,10
450508,1,1,1998,0,27,9,11,28,0,0,4,21,0
450509,1,1,1998,0,9,0,0,0,0,10,0,0,0
450509,2,1,1998,10,25,9,10,23,27,15,23,5,2
450510,1,1,1998,23,23,23,23,23,23,23,23,23,23
450511,1,1,1998,0,0,0,0,0,0,0,0,0,0
450511,2,1,1998,0,0,0,0,0,0,0,0,0,0
450512,1,1,1998,0,11,0,0,0,0,0,0,0,0
450512,2,1,1998,0,0,0,0,0,0,0,0,0,0
450513,0,1,1998,22,22,22,22,22,22,22,22,22,22
450513,1,1,1998,23,23,23,23,23,23,23,23,23,23
450514,1,1,1998,0,0,0,0,0,0,0,0,0,0
450514,2,1,1998,0,0,0,0,0,0,0,0,0,0
450515,1,1,1998,0,0,0,0,22,0,0,0,0,0
450515,2,1,1998,6,6,17,0,2,0,0,0,0,0
450516,1,1,1998,10,0,0,0,0,0,17,0,0,0
450517,1,1,1998,0,8,0,0,0,0,0,0,0,0
450517,2,1,1998,26,0,0,0,21,0,0,0,0,0
450518,1,1,1998,0,0,0,0,0,0,0,0,0,0
450519,1,1,1998,0,0,0,0,0,0,0,0,0,0
450519,2,1,1998,0,0,0,0,0,0,0,0,0,0
450520,1,1,1998,0,0,0,0,0,0,0,0,0,0
450520,2,1,1998,0,0,13,0,0,0,0,0,0,0
450521,1,1,1998,0,0,0,0,0,0,0,0,0,0
450521,2,1,1998,0,0,0,0,0,0,0,0,0,0
450522,0,1,1998,0,0,0,0,0,0,0,0,0,0
450522,1,1,1998,0,0,0,0,0,0,0,0,0,2
450523,1,1,1998,0,0,0,0,0,0,0,0,0,0
450523,2,1,1998,0,0,0,0,0,0,0,0,0,0
450524,1,1,1998,0,0,0,0,0,0,14,0,0,0
450524,2,1,1998,0,0,0,0,0,0,0,0,0,0
450525,1,1,1998,0,0,0,0,0,0,0,0,0,0
450525,2,1,1998,0,0,0,0,0,0,0,0,0,0
450526,1,1,1998,0,0,0,0,0,0,0,14,0,0
450527,1,1,1998,0,0,0,0,0,0,0,0,0,0
450527,2,1,1998,0,0,0,0,0,0,0,17,0,0
450528,1,1,1998,0,0,0,0,0,0,0,0,0,0
450530,1,1,1998,21,21,21,21,21,21,21,21,21,21
450532,1,1,1998,20,20,20,20,20,20,20,20,20,20
450533,0,1,1998,0,0,0,0,0,0,0,0,0,0
450533,1,1,1998,0,0,0,0,0,0,0,0,0,0
450534,1,1,1998,0,10,0,13,11,14,0,11,0,0
450535,1,1,1998,0,0,0,0,0,0,0,0,0,0
450535,2,1,1998,0,0,0,0,0,0,0,0,0,0
450536,1,1,1998,0,0,0,0,0,0,0,0,0,0
450536,2,1,1998,0,0,0,0,0,0,0,0,0,0
450537,1,1,1998,0,0,0,0,0,0,0,0,0,0
450538,1,1,1998,0,0,11,0,0,0,0,32,15,0
450539,1,1,1998,0,0,0,0,0,0,14,0,0,0
450540,1,1,1998,0,0,0,0,0,0,0,0,0,0
450540,2,1,1998,0,0,0,0,0,0,0,0,0,0
450541,0,1,1998,30,30,30,30,30,30,30,30,30,30
450541,1,1,1998,0,0,0,0,0,0,0,0,0,0
450542,1,1,1998,10,10,10,10,10,10,10,10,10,10
450543,1,1,1998,0,0,0,0,0,0,0,0,0,5
450544,1,1,1998,0,0,0,0,0,0,0,0,0,0
450544,2,1,1998,0,0,0,0,0,0,0,0,0,0
450544,3,1,1998,21,21,21,21,21,21,21,21,21,21
450545,0,1,1998,24,24,24,24,24,24,24,24,24,24
450545,1,1,1998,0,16,0,7,0,0,0,6,0,0
450546,1,1,1998,0,0,0,0,0,0,0,0,0,0
450546,2,1,1998,0,9,11,0,0,0,0,0,0,0
450547,1,1,1998,0,0,0,0,0,0,0,0,0,0
450547,2,1,1998,0,0,0,0,0,0,0,0,0,0
450548,1,1,1998,0,0,0,0,0,0,0,0,15,0
450548,2,1,1998,15,13,9,5,8,16,16,8,15,10
450549,1,1,1998,0,0,0,0,11,0,0,10,0,0
450550,0,1,1998,26,16,11,15,0,0,12,21,19,20
450550,1,1,1998,0,0,0,0,0,0,0,0,0,0
450551,1,1,1998,0,0,0,0,0,0,0,0,0,0
450551,2,1,1998,0,0,0,0,7,0,0,0,0,0
450552,1,1,1998,0,0,0,0,0,0,0,0,0,0
450552,2,1,1998,0,0,0,0,0,0,0,0,9,0
450553,1,1,1998,0,0,0,0,0,0,0,0,0,0
450553,2,1,1998,0,0,0,0,0,0,0,0,0,0
450554,1,1,1998,0,0,0,0,0,0,0,0,0,6
450554,2,1,1998,0,0,0,0,0,0,0,0,0,0
450555,1,1,1998,0,0,0,0,0,6,0,0,0,0
450555,2,1,1998,0,0,0,0,0,0,0,0,0,0
450556,1,1,1998,0,0,0,0,0,0,0,0,0,0
450556,2,1,1998,0,0,0,0,0,0,0,0,0,0
450557,1,1,1998,14,0,13,0,0,0,0,6,3,20
450557,2,1,1998,0,0,0,0,0,0,0,0,0,0
450557,3,5,1998,0,0,0,0,0,0,0,0,17,0
450558,1,1,1998,0,15,0,0,0,0,22,12,18,10
450559,1,2,1998,13,13,13,13,13,13,13,13,13,13
450560,1,1,1998,0,0,6,0,0,0,0,0,0,0
450560,2,1,1998,0,0,0,0,0,0,0,0,0,0
450561,1,1,1998,12,0,9,17,21,21,0,0,10,0
450562,1,1,1998,23,0,8,25,0,35,0,23,22,11
450563,0,1,1998,19,38,25,30,9,26,15,3,8,0
450563,1,1,1998,0,4,0,0,0,0,0,13,0,0
450564,1,1,1998,0,0,0,0,0,0,0,0,0,0
450565,1,1,1998,25,25,25,25,25,25,25,25,25,25
450566,1,1,1998,19,19,19,19,19,19,19,19,19,19
450567,1,1,1998,0,3,0,8,0,0,0,0,0,0
450568,1,1,1998,8,8,8,8,8,8,8,8,8,8
450569,1,1,1998,11,20,0,30,0,0,0,0,7,0
450570,1,1,1998,16,0,0,0,11,0,0,20,0,0
450571,1,1,1998,0,0,0,0,0,0,0,0,0,0
450571,2,1,1998,0,0,0,0,0,0,0,0,0,0
450572,1,1,1998,0,0,0,0,0,0,12,0,0,0
450572,2,1,1998,0,0,0,0,0,0,0,7,0,0
450573,1,1,1998,8,0,0,0,0,0,0,21,0,0
450573,2,1,1998,0,0,0,0,0,0,0,0,0,0
450574,1,1,1998,0,0,0,0,0,0,0,0,0,0
450574,2,1,1998,0,0,0,0,0,0,0,0,0,0
450575,1,1,1998,0,2,0,6,0,0,0,0,0,0
450576,1,1,1998,0,0,0,0,0,0,0,0,0,0
450577,1,1,1998,12,12,14,10,6,14,4,17,11,5
450578,1,1,1998,19,22,22,5,19,15,28,28,13,14
450578,2,1,1998,0,0,0,0,0,0,0,0,0,0
450579,1,1,1998,0,0,6,0,0,0,0,0,0,0
450579,2,1,1998,0,0,0,0,0,0,0,0,0,0
450580,1,1,1998,0,0,0,0,0,0,0,0,12,0
450580,2,1,1998,0,0,0,0,0,0,0,0,0,0
450580,3,1,1998,0,0,0,0,0,0,0,0,0,0
450581,1,1,1998,0,0,0,0,0,0,0,0,0,0
450581,2,1,1998,0,0,0,0,0,0,0,0,0,0
450582,1,1,1998,12,12,12,12,12,12,12,12,12,12
450582,2,1,1998,0,0,0,0,0,0,0,0,0,0
450583,1,1,1998,6,0,0,21,16,16,12,0,13,11
450584,0,1,1998,0,37,0,0,0,0,18,0,0,18
450584,1,1,1998,0,0,0,0,0,13,0,0,0,8
450585,1,1,1998,21,21,21,21,21,21,21,21,21,21
450586,0,1,1998,0,0,6,0,15,0,0,0,0,0
450586,1,1,1998,0,0,0,0,0,0,0,0,0,0
450587,1,1,1998,3,0,24,0,0,0,12,0,16,39
450588,1,2,1998,0,0,0,14,0,0,0,0,0,0
450588,2,2,1998,0,0,0,0,0,0,0,0,0,0
450589,1,1,1998,0,0,0,0,0,0,0,0,0,0
450589,2,1,1998,0,0,0,0,0,0,4,0,0,0
450590,1,1,1998,0,17,0,0,0,0,0,0,0,0
450590,2,2,1998,0,0,0,0,0,0,0,0,0,0
450591,1,1,1998,0,0,0,0,0,0,0,0,0,0
450592,1,1,1998,0,0,0,0,0,19,0,0,0,0
450592,2,1,1998,0,0,0,0,0,0,0,0,0,20
450593,1,1,1998,8,0,0,0,0,0,0,11,0,0
450593,2,1,1998,0,0,0,0,0,0,0,0,0,0
450594,1,1,1998,0,0,13,0,0,0,0,0,0,0
450594,2,1,1998,0,0,0,0,0,0,0,0,0,0
450595,1,1,1998,0,0,0,0,0,0,0,0,0,0
450595,2,1,1998,0,0,0,0,0,0,0,0,0,0
450596,0,1,1998,0,0,12,0,26,0,0,0,7,13
450596,1,1,1998,0,0,0,0,0,0,0,0,0,0
450597,1,1,1998,0,0,0,0,0,0,0,0,0,0
450598,1,1,1998,0,0,0,0,0,0,0,0,0,0
450598,2,1,1998,0,0,0,21,0,0,10,0,0,0
450599,1,1,1998,0,0,0,0,0,0,15,0,0,24
450600,1,1,1998,18,0,13,10,5,28,0,25,16,0
450601,1,1,1998,0,0,0,0,0,0,0,0,0,0
450601,2,1,1998,0,0,0,0,0,0,0,0,0,0
450602,1,1,1998,0,0,0,0,0,0,0,0,0,0
450602,2,1,1998,0,0,0,0,0,0,0,0,13,0
450603,1,1,1998,0,0,0,6,0,0,0,10,0,0
450603,2,1,1998,0,0,0,0,0,0,0,0,0,0
450603,3,1,1998,0,0,0,0,0,0,0,0,0,0
450603,4,1,1998,0,0,0,0,0,0,0,0,0,0
450604,0,1,1998,2,0,4,0,0,12,0,0,0,0
450604,1,1,1998,0,0,0,0,0,0,0,0,9,0
450604,2,1,1998,13,18,4,20,7,0,7,14,3,7
450605,1,1,1998,25,25,25,25,25,25,25,25,25,25
450606,0,1,1998,23,23,23,23,23,23,23,23,23,23
450606,1,1,1998,0,0,0,0,0,0,0,0,0,0
450607,1,1,1998,0,0,0,0,0,8,11,0,0,0
450608,1,1,1998,0,0,0,0,0,0,0,0,0,0
450608,2,1,1998,0,0,0,0,0,0,0,0,0,0
450609,1,1,1998,0,0,0,0,0,0,0,0,0,0
450609,2,1,1998,0,0,0,0,0,0,0,0,0,0
450609,3,1,1998,0,0,0,0,0,0,0,0,0,0
450610,1,1,1998,0,0,0,0,0,0,0,0,0,0
450610,2,1,1998,0,0,0,0,0,0,0,0,0,0
450611,0,1,1998,39,18,13,23,21,12,17,17,41,15
450611,1,1,1998,0,0,0,0,0,0,0,0,0,0
450612,1,1,1998,0,0,0,0,0,0,0,0,0,0
450612,2,1,1998,0,0,0,0,0,0,0,0,0,0
450613,1,1,1998,0,0,0,0,0,0,0,0,0,0
450613,2,1,1998,0,0,0,0,0,0,0,0,0,0
450614,1,1,1998,0,0,0,0,0,9,30,0,0,0
450615,1,1,1998,0,0,0,0,0,0,0,0,0,0
450615,2,1,1998,0,0,0,0,0,0,0,0,0,0
450616,1,1,1998,0,0,0,0,0,0,0,0,0,0
450616,2,1,1998,0,0,0,0,0,0,0,0,0,0
450617,1,1,1998,0,0,0,0,0,0,0,0,0,0
450617,2,1,1998,0,0,0,0,0,0,0,0,0,0
450618,1,1,1998,26,26,26,26,26,26,26,26,26,26
450618,2,1,1998,0,0,0,0,0,0,0,0,0,0
450619,1,1,1998,0,0,0,0,0,11,0,0,0,36
450620,1,1,1998,21,19,10,14,28,23,21,22,6,40
450621,1,1,1998,0,0,0,0,0,0,0,0,0,0
450622,1,1,1998,0,0,0,0,0,0,0,0,0,0
450622,2,1,1998,18,0,12,0,0,11,0,0,0,0
450623,1,1,1998,0,0,0,0,0,0,0,0,0,0
450623,2,1,1998,20,0,0,0,0,0,0,0,0,0
450624,1,1,1998,0,8,0,0,0,5,0,0,0,0
450625,0,1,1998,45,26,39,20,15,47,27,26,45,27
450625,1,1,1998,0,0,0,0,0,0,0,0,0,0
450626,0,1,1998,19,19,19,19,19,19,19,19,19,19
450626,1,1,1998,0,0,5,0,22,0,0,0,0,0
450627,1,1,1998,0,0,0,18,20,0,0,0,2,0
450627,2,1,1998,18,0,9,0,0,0,0,0,0,9
450628,1,1,1998,0,0,0,0,0,0,0,0,0,0
450628,2,1,1998,0,0,0,0,0,0,0,0,0,0
450629,1,1,1998,0,0,0,0,0,0,0,0,0,0
450629,2,1,1998,0,0,0,0,0,0,12,0,0,0
450629,3,1,1998,0,0,0,0,0,0,0,0,0,0
450629,4,2,1998,0,0,0,0,0,0,0,14,0,0
450630,1,1,1998,0,24,0,0,0,21,0,25,0,20
450631,1,1,1998,0,0,0,0,0,0,0,0,0,0
450631,2,1,1998,0,0,0,0,0,0,0,0,0,0
450631,3,1,1998,0,0,0,0,0,0,0,0,0,0
450632,1,1,1998,0,14,0,0,0,0,0,0,0,0
450633,1,1,1998,0,0,0,0,0,0,0,0,0,0
450633,2,1,1998,0,0,0,0,0,0,0,0,0,0
450634,1,1,1998,0,0,0,0,0,0,0,0,0,0
450634,2,1,1998,0,0,0,0,0,0,0,0,0,0
450635,1,1,1998,0,17,4,12,15,24,26,2,11,8
450636,1,1,1998,25,25,25,25,25,25,25,25,25,25
450637,1,1,1998,0,0,0,0,0,0,0,0,0,0
450638,1,1,1998,0,0,0,0,0,0,0,0,0,0
450638,2,1,1998,25,25,25,25,25,25,25,25,25,25
450639,1,1,1998,0,0,0,0,0,0,0,0,0,0
450639,2,1,1998,0,0,0,0,0,0,0,0,0,0
450640,1,1,1998,0,0,0,0,0,0,0,0,0,0
450641,1,1,1998,0,0,0,0,0,0,0,0,0,0
450641,2,1,1998,13,0,0,0,0,0,0,0,0,0
450642,1,1,1998,0,0,0,0,0,0,0,0,0,0
450643,1,1,1998,0,0,0,0,0,0,0,0,0,0
450644,1,1,1998,0,0,0,0,0,0,0,0,0,0
450644,2,1,1998,0,0,0,0,0,0,0,0,0,0
450645,1,1,1998,0,0,27,0,8,15,0,15,0,0
450645,2,1,1998,20,12,19,7,14,21,15,6,18,4
450646,1,1,1998,10,6,18,17,5,17,16,12,10,17
450647,1,1,1998,0,4,0,27,0,0,0,4,0,0
450647,2,1,1998,0,0,0,0,0,0,0,0,0,0
450648,0,1,1998,22,0,0,5,23,6,0,0,0,12
450648,1,1,1998,0,0,0,0,0,0,0,0,8,13
450649,1,1,1998,0,0,0,0,0,0,0,0,0,0
450649,2,1,1998,0,0,0,0,0,0,0,0,0,0
450650,1,1,1998,16,25,10,29,2,9,22,18,13,27
450651,1,1,1998,12,12,12,12,12,12,12,12,12,12
450651,2,1,1998,0,0,0,8,0,0,0,0,0,0
450652,0,1,1998,0,0,0,0,0,0,0,0,0,0
450652,1,1,1998,0,0,0,0,0,0,0,0,0,0
450653,1,1,1998,0,0,0,0,0,0,0,0,0,0
450653,2,1,1998,0,0,0,0,0,0,0,0,0,0
450653,3,1,1998,0,0,0,0,0,0,0,0,0,0
450653,4,1,1998,0,0,0,0,0,0,0,0,0,0
450654,0,1,1998,0,19,0,0,0,0,0,0,0,0
450654,1,1,1998,0,0,0,0,0,0,0,0,0,0
450655,0,1,1998,0,0,0,0,0,0,0,0,0,0
450656,1,1,1998,0,0,0,11,9,0,0,0,0,0
450656,2,1,1998,0,6,0,0,0,0,0,0,0,0
450657,1,1,1998,0,0,0,0,0,0,0,0,0,0
450657,2,1,1998,0,0,0,0,0,0,0,0,0,0
450657,3,1,1998,0,0,0,0,0,0,0,0,0,0
450659,1,1,1998,0,0,0,0,0,0,0,0,0,0
450660,1,1,1998,0,0,0,0,0,0,0,18,0,0
450661,1,1,1998,0,0,0,0,0,0,0,0,0,26
450662,1,1,1998,0,0,7,0,21,0,0,0,0,14
450663,1,1,1998,0,0,0,0,0,0,0,0,0,0
450663,2,1,1998,0,0,19,0,22,0,13,0,0,7
450664,1,1,1998,15,15,15,15,15,15,15,15,15,15
450665,1,1,1998,0,0,0,0,0,0,0,0,0,0
450665,2,1,1998,0,0,0,0,0,0,0,0,0,0
450666,1,1,1998,28,28,28,28,28,28,28,28,28,28
450667,0,1,1998,0,0,0,0,0,0,0,0,0,0
450667,1,1,1998,0,0,0,0,0,0,0,0,0,0
450668,0,1,1998,9,0,0,0,0,12,10,0,0,0
450668,1,1,1998,0,0,0,0,0,14,0,0,0,0
450669,0,1,1998,29,29,29,29,29,29,29,29,29,29
450669,1,1,1998,0,0,0,0,0,0,0,0,0,0
450670,1,1,1998,0,0,0,0,0,0,0,0,0,0
450670,2,1,1998,0,0,0,0,0,0,0,0,0,0
450671,0,1,1998,33,23,14,17,26,29,14,30,22,12
450671,1,1,1998,0,0,0,0,0,0,0,0,0,0
450672,1,1,1998,15,15,15,15,15,15,15,15,15,15
450673,1,1,1998,0,0,0,0,0,0,0,0,0,0
450673,2,1,1998,0,0,0,0,0,0,0,0,0,0
450673,3,1,1998,0,0,0,0,0,0,0,0,0,0
450674,1,1,1998,0,0,0,0,0,13,0,0,0,0
450675,1,1,1998,25,23,26,17,15,28,20,18,16,0
450676,1,1,1998,0,0,0,0,0,0,0,0,0,0
450677,1,1,1998,0,0,0,0,0,0,0,0,0,0
450677,2,1,1998,0,0,0,0,0,0,0,0,0,0
450678,0,1,1998,0,0,0,0,0,0,0,0,0,0
450678,1,1,1998,0,0,0,0,0,0,0,0,0,0
450679,1,1,1998,16,17,0,0,0,0,0,20,0,21
450680,1,1,1998,0,0,0,0,0,0,0,0,0,0
450681,0,1,1998,10,10,10,10,10,10,10,10,10,10
450681,1,1,1998,0,0,0,0,0,0,0,0,0,0
450682,0,1,1998,0,0,0,0,0,0,0,0,0,0
450682,1,1,1998,17,17,14,18,5,16,28,6,27,14
450683,1,1,1998,0,0,13,0,0,0,0,0,0,0
450683,2,1,1998,0,0,0,0,22,0,30,0,9,0
450684,1,1,1998,0,0,0,0,0,0,0,0,0,0
450684,2,1,1998,0,0,0,0,0,0,0,0,0,0
450684,3,3,1998,0,0,0,0,0,0,0,0,0,0
450685,1,1,1998,0,0,0,0,0,0,0,0,0,0
450685,2,1,1998,0,0,0,0,0,0,0,0,0,0
450685,3,1,1998,0,0,0,0,0,0,0,0,0,0
450686,0,1,1998,23,23,23,23,23,23,23,23,23,23
450686,1,1,1998,0,0,0,0,0,0,0,0,0,0
450687,0,1,1998,24,24,24,24,24,24,24,24,24,24
450687,1,1,1998,0,0,0,0,0,0,0,0,0,0
450688,1,1,1998,8,8,8,8,8,8,8,8,8,8
450689,1,1,1998,0,0,0,0,0,0,0,0,0,0
450690,1,1,1998,0,0,7,0,0,31,0,0,0,0
450691,1,1,1998,21,17,22,14,16,6,7,35,23,17
450692,1,1,1998,0,0,11,20,0,0,10,0,0,0
450692,2,1,1998,0,0,0,0,0,0,0,0,0,0
450693,1,1,1998,15,0,0,11,0,0,0,25,0,0
450694,1,1,1998,0,0,0,0,0,0,0,0,0,0
450695,1,1,1998,9,17,0,15,21,14,10,12,21,38
450696,1,1,1998,0,0,0,0,0,0,0,0,0,0
450696,2,1,1998,0,0,0,0,0,0,0,10,19,0
450697,1,1,1998,19,4,0,0,0,0,6,0,0,0
450697,2,1,1998,0,0,0,0,0,0,0,0,0,24
450698,1,1,1998,23,20,13,11,17,27,19,26,17,19
450699,1,1,1998,0,0,10,0,0,0,0,0,0,0
450699,2,1,1998,0,0,0,0,0,0,0,0,0,5
450700,1,1,1998,0,0,0,0,22,0,0,0,0,0
450700,2,1,1998,0,0,0,0,0,0,0,0,0,0
450701,1,1,1998,22,19,15,27,12,37,42,10,23,7
450702,0,1,1998,0,0,0,0,0,0,0,0,0,0
450702,1,1,1998,0,0,0,0,0,0,0,0,0,0
450703,1,1,1998,0,0,0,0,0,0,0,0,0,0
450704,0,1,1998,0,0,0,0,0,0,0,0,0,0
450704,1,1,1998,0,0,0,0,0,0,0,0,0,0
450705,1,1,1998,0,0,0,0,0,0,0,0,0,0
450706,1,1,1998,31,31,31,31,31,31,31,31,31,31
450706,2,1,1998,0,0,0,0,0,0,0,0,0,0
450707,1,1,1998,0,0,6,0,19,0,0,0,0,9
450708,1,1,1998,15,10,15,0,15,13,0,0,16,18
450709,1,1,1998,13,13,13,13,13,13,13,13,13,13
450710,1,1,1998,0,0,0,0,0,0,0,0,0,0
450710,2,1,1998,0,0,0,0,0,0,0,0,0,0
450710,3,1,1998,18,0,0,0,0,0,0,0,0,0
450711,1,1,1998,8,24,15,26,13,19,22,7,19,18
450712,1,1,1998,0,0,0,0,0,0,0,0,0,0
450713,0,1,1998,0,0,0,17,6,0,0,22,0,20
450713,1,1,1998,0,9,0,3,0,0,0,13,0,12
450714,1,1,1998,0,0,0,0,0,0,0,0,0,0
450714,2,1,1998,0,0,0,0,0,0,3,0,0,0
450715,1,1,1998,9,0,0,12,27,0,0,11,0,6
450715,2,1,1998,0,0,0,0,0,0,0,0,0,0
450716,1,1,1998,10,21,0,0,25,0,0,0,0,0
450717,0,1,1998,0,0,0,0,0,0,0,0,0,0
450717,1,1,1998,0,0,0,0,0,0,0,0,0,0
450718,1,1,1998,0,0,0,0,0,0,0,0,0,0
450718,2,1,1998,0,0,0,0,0,0,0,0,0,0
450719,1,1,1998,0,6,0,0,0,0,0,0,0,0
450719,2,1,1998,0,0,0,0,30,0,0,0,0,0
450720,0,1,1998,0,0,0,0,0,0,0,0,0,0
450720,1,1,1998,0,0,0,0,0,0,0,0,0,0
450721,1,1,1998,13,13,13,13,13,13,13,13,13,13
450722,1,1,1998,0,0,0,0,0,0,0,0,0,0
450722,2,1,1998,0,0,0,0,0,0,0,0,0,0
450722,3,1,1998,0,0,0,0,0,0,0,0,0,0
450723,1,1,1998,0,0,0,0,0,0,0,0,0,0
450724,1,1,1998,0,0,0,0,0,0,0,0,0,0
450724,2,1,1998,0,0,0,0,0,0,0,0,0,0
450725,1,1,1998,0,0,0,0,0,0,0,19,0,0
450725,2,1,1998,0,0,5,0,0,0,0,0,0,0
450725,3,1,1998,0,0,0,0,0,0,0,0,0,0
450726,1,1,1998,36,17,35,22,15,17,13,15,21,16
450727,1,1,1998,0,0,0,0,0,0,0,0,0,0
450727,2,1,1998,0,0,0,0,0,14,0,0,0,0
450728,1,1,1998,9,11,25,0,0,0,0,0,0,0
450729,1,1,1998,0,0,0,0,0,0,0,0,0,6
450730,1,1,1998,0,0,0,0,3,0,0,0,0,0
450731,1,1,1998,0,0,0,0,0,0,0,0,0,0
450731,2,1,1998,0,0,0,0,0,0,0,0,0,0
450732,1,1,1998,0,15,0,0,0,11,20,0,0,0
450733,1,1,1998,31,31,31,31,31,31,31,31,31,31
450733,2,1,1998,24,24,24,24,24,24,24,24,24,24
450734,1,1,1998,0,3,0,0,7,0,0,0,6,0
450735,1,1,1998,33,33,33,33,33,33,33,33,33,33
450736,1,1,1998,0,0,0,0,0,0,0,0,0,0
450736,2,1,1998,0,0,0,0,0,0,0,0,0,0
450736,3,1,1998,0,0,0,0,0,0,0,0,0,0
450737,1,1,1998,24,28,10,17,49,16,20,19,0,20
450738,1,1,1998,16,30,24,0,30,20,6,16,31,20
450739,0,1,1998,0,0,0,24,0,0,0,0,0,0
450739,1,1,1998,0,0,0,0,0,0,0,0,0,0
450740,0,1,1998,32,33,19,13,17,20,26,53,18,25
450740,1,1,1998,0,0,0,0,0,0,0,0,0,0
450741,1,1,1998,0,0,0,0,0,0,0,0,0,0
450742,1,1,1998,0,0,0,0,0,0,0,0,0,0
450742,2,1,1998,0,0,0,0,0,0,0,0,0,0
450743,0,1,1998,0,0,0,0,0,0,0,0,0,0
450743,1,1,1998,0,0,0,0,0,0,0,0,0,0
450744,1,1,1998,0,36,18,31,22,23,12,8,29,0
450745,0,1,1998,10,10,10,10,10,10,10,10,10,10
450745,1,1,1998,25,15,0,15,0,0,14,0,0,0
450746,1,1,1998,0,0,0,0,0,0,0,0,0,0
450746,2,1,1998,25,25,25,25,25,25,25,25,25,25
450747,1,1,1998,0,0,0,6,0,0,0,0,0,0
450748,1,1,1998,0,0,0,0,0,0,0,0,0,0
450748,2,1,1998,28,28,28,28,28,28,28,28,28,28
450749,1,1,1998,0,0,0,10,10,21,0,0,0,0
450750,1,1,1998,34,25,0,27,15,21,15,18,18,20
450750,2,1,1998,0,0,0,0,0,0,0,0,0,0
450751,1,1,1998,17,11,5,24,15,7,32,15,15,4
450752,1,1,1998,20,20,20,20,20,20,20,20,20,20
450753,1,1,1998,0,0,0,0,0,0,0,0,0,0
450754,1,1,1998,0,14,0,0,0,0,10,24,0,0
450754,2,1,1998,0,0,0,0,0,0,0,0,0,0
450755,0,1,1998,18,18,18,18,18,18,18,18,18,18
450755,1,1,1998,0,0,0,0,0,0,0,17,9,0
450756,1,1,1998,0,0,0,0,0,0,0,0,0,0
450757,1,1,1998,17,17,17,17,17,17,17,17,17,17
450758,0,1,1998,0,0,0,0,0,0,0,0,0,0
450758,1,1,1998,16,0,0,0,0,0,0,16,0,0
450759,1,1,1998,14,41,11,7,14,16,13,28,15,9
450760,1,1,1998,0,7,0,0,0,0,0,0,0,0
450761,1,1,1998,0,0,0,0,0,0,0,0,0,0
450762,1,1,1998,13,0,23,0,0,16,14,7,6,0
450763,1,1,1998,0,0,0,0,0,0,0,0,0,0
450763,2,1,1998,0,0,0,0,0,0,0,0,0,0
450764,1,1,1998,0,0,0,0,0,0,0,0,0,0
450764,2,1,1998,0,0,0,0,0,0,0,0,0,0
450765,1,1,1998,0,0,0,0,0,0,0,0,9,0
450766,1,1,1998,0,0,0,0,0,0,0,0,0,0
450766,2,1,1998,0,0,0,0,0,0,0,10,29,0
450767,1,1,1998,10,14,0,0,21,9,11,0,24,0
450768,1,1,1998,15,15,15,15,15,15,15,15,15,15
450769,1,1,1998,0,0,0,0,0,22,0,0,0,0
450770,1,1,1998,12,25,20,16,13,53,10,17,37,33
450771,1,1,1998,0,0,0,0,0,0,0,0,0,0
450771,2,1,1998,8,18,6,11,8,13,19,23,15,12
450772,0,1,1998,0,0,0,0,0,0,0,0,0,0
450772,1,1,1998,0,0,0,0,0,0,0,0,0,0
450773,1,1,1998,0,0,0,0,14,0,0,0,3,0
450774,1,1,1998,8,0,0,0,0,0,0,0,0,0
450774,2,1,1998,5,0,0,0,0,0,0,0,0,0
450775,0,1,1998,0,0,0,4,0,0,0,0,0,0
450775,1,1,1998,0,0,0,0,0,0,0,0,0,0
450776,1,1,1998,0,0,0,0,0,0,0,0,0,0
450776,2,1,1998,0,0,0,0,0,0,0,0,0,0
450777,1,1,1998,0,0,0,0,0,0,0,0,0,0
450777,2,1,1998,0,0,0,0,0,0,0,0,0,0
450778,0,1,1998,0,0,0,0,0,0,0,0,0,0
450778,1,1,1998,0,0,0,0,0,0,0,0,0,0
450779,1,1,1998,0,0,0,0,0,0,0,0,0,0
450779,2,1,1998,0,0,0,0,0,0,0,0,0,0
450780,0,1,1998,0,0,0,0,0,0,0,0,0,0
450780,1,1,1998,0,0,0,0,0,0,0,0,0,0
450781,1,1,1998,19,0,0,0,10,14,0,0,0,0
450782,1,1,1998,19,16,11,26,8,12,10,31,12,7
450782,2,1,1998,0,0,0,0,0,0,0,0,0,0
450783,1,1,1998,0,0,7,0,0,0,0,0,0,0
450783,2,1,1998,0,0,0,0,0,0,0,0,0,0
450784,1,1,1998,0,0,0,0,0,0,0,0,0,0
450784,2,1,1998,0,0,0,0,0,0,0,0,0,0
450784,3,1,1998,0,0,0,0,0,0,0,0,0,0
450785,1,1,1998,0,0,0,0,0,0,0,0,0,0