ST_CASE,VEH_NO,PER_NO,YEAR,P1,P2,P3,P4,P5,P6,P7,P8,P9,P10
480282,1,1,1998,0,0,0,0,0,0,0,0,0,0
480282,2,1,1998,0,0,0,0,0,0,0,0,0,0
480283,1,1,1998,0,0,0,0,0,0,0,0,0,0
480283,2,1,1998,0,0,0,0,0,0,0,0,0,0
480284,0,1,1998,26,26,26,26,26,26,26,26,26,26
480284,1,1,1998,16,0,13,0,14,10,9,0,0,0
480285,1,1,1998,28,0,14,19,0,10,11,21,19,0
480286,1,1,1998,13,0,0,0,0,0,12,0,0,0
480287,1,1,1998,0,0,0,0,0,0,0,0,0,0
480288,1,1,1998,33,18,29,0,8,9,18,26,10,18
480289,0,1,1998,0,0,0,0,0,0,0,0,0,0
480289,1,1,1998,0,0,0,0,0,0,0,0,0,0
480290,1,1,1998,0,0,0,0,0,0,0,0,0,0
480290,2,1,1998,0,0,0,0,0,0,0,0,0,0
480291,1,1,1998,0,0,0,0,0,0,0,0,0,0
480292,1,1,1998,0,7,0,23,0,0,0,0,12,10
480293,1,1,1998,0,0,0,0,0,0,0,0,0,0
480293,2,1,1998,0,0,0,0,0,0,0,0,0,0
480293,3,1,1998,10,0,0,0,0,0,0,11,0,0
480294,1,1,1998,32,32,32,32,32,32,32,32,32,32
480295,1,1,1998,15,15,15,15,15,15,15,15,15,15
480296,0,1,1998,16,0,25,0,0,0,0,0,18,0
480296,1,1,1998,0,0,0,0,0,0,0,0,0,0
480297,1,1,1998,0,0,14,0,15,0,0,0,10,0
480297,2,1,1998,0,0,0,0,0,0,19,0,0,0
480298,1,1,1998,0,0,0,0,0,0,0,0,0,0
480298,2,1,1998,0,0,21,0,0,6,0,7,0,0
480299,0,1,1998,0,0,0,0,0,0,0,0,0,0
480299,1,1,1998,0,0,0,0,0,0,0,0,6,0
480300,1,1,1998,18,38,16,18,21,21,12,16,33,34
480301,1,1,1998,9,0,14,0,9,0,0,0,0,16
480301,2,1,1998,0,0,5,10,0,0,0,30,18,16
480302,1,1,1998,10,7,0,0,0,14,0,20,0,37
480302,2,1,1998,9,0,0,0,0,0,0,7,0,0
480303,0,1,1998,0,0,0,0,0,30,0,0,0,0
480303,1,1,1998,0,0,0,0,0,0,0,0,0,0
480304,1,1,1998,21,21,21,21,21,21,21,21,21,21
480304,2,1,1998,0,0,0,0,0,0,0,18,0,0
480304,3,1,1998,0,2,18,11,0,5,21,30,0,4
480305,0,1,1998,0,0,0,0,0,0,0,0,16,0
480305,0,2,1998,13,17,15,0,0,14,0,0,0,13
480305,1,1,1998,24,0,9,29,19,19,0,24,10,10
480306,1,1,1998,0,0,0,0,0,0,0,0,0,0
480306,2,1,1998,0,0,0,0,0,0,0,0,0,0
480307,1,1,1998,0,0,0,0,0,0,0,0,0,0
480307,2,1,1998,2,0,0,0,0,0,0,7,0,0
480307,3,1,1998,0,0,0,0,0,9,0,0,12,0
480308,1,1,1998,19,18,19,35,36,26,28,20,30,35
480309,1,1,1998,0,0,0,0,0,0,0,25,0,26
480309,2,1,1998,0,0,0,0,0,0,0,0,0,0
480309,3,1,1998,0,0,0,0,0,0,0,0,0,0
480310,1,1,1998,0,9,8,9,11,0,8,11,0,0
480310,2,1,1998,0,0,0,0,0,0,0,0,0,0
480311,0,1,1998,24,24,24,24,24,24,24,24,24,24
480311,1,1,1998,15,16,16,8,20,13,16,0,20,28
480312,1,1,1998,27,27,27,27,27,27,27,27,27,27
480312,2,1,1998,0,0,0,0,0,0,0,0,0,0
480313,1,1,1998,45,45,45,45,45,45,45,45,45,45
480314,1,1,1998,5,5,5,5,5,5,5,5,5,5
480314,2,1,1998,24,24,24,24,24,24,24,24,24,24
480315,1,1,1998,27,27,27,27,27,27,27,27,27,27
480316,0,1,1998,0,20,17,19,2,8,0,12,16,23
480316,1,1,1998,9,9,9,9,9,9,9,9,9,9
480317,1,1,1998,0,0,0,0,0,0,11,0,0,0
480317,2,1,1998,0,0,0,0,0,0,0,0,17,0
480318,0,1,1998,0,0,0,0,0,0,28,0,0,12
480318,1,1,1998,0,0,0,0,0,0,0,0,0,0
480319,0,1,1998,0,0,0,0,0,0,4,27,0,0
480319,1,1,1998,0,0,0,0,0,0,0,0,0,0
480320,1,1,1998,0,0,0,0,0,0,0,0,0,0
480320,2,1,1998,0,0,0,0,0,0,0,0,0,0
480320,3,1,1998,0,0,0,0,12,0,0,0,0,0
480321,1,1,1998,0,0,0,0,0,0,15,29,0,0
480322,1,1,1998,28,28,28,28,28,28,28,28,28,28
480323,1,1,1998,0,0,0,0,0,0,0,0,0,0
480324,1,1,1998,0,0,0,0,0,9,0,0,0,10
480325,1,1,1998,0,0,0,0,0,0,0,0,0,0
480325,2,1,1998,0,0,0,0,0,0,0,0,0,0
480326,1,1,1998,0,0,0,0,15,0,0,0,0,0
480326,2,1,1998,0,0,0,0,0,0,0,0,0,0
480326,3,1,1998,0,0,0,0,0,0,0,0,0,0
480327,0,1,1998,0,0,0,0,0,0,0,0,0,0
480327,1,1,1998,0,0,0,0,0,0,0,0,0,0
480328,1,1,1998,0,0,0,0,0,0,0,0,0,0
480328,2,1,1998,0,0,0,0,0,0,0,0,0,0
480329,0,1,1998,0,0,0,0,0,0,0,0,0,0
480329,1,1,1998,0,0,0,0,0,0,0,0,0,0
480330,1,1,1998,0,0,0,0,0,0,0,0,0,0
480330,2,1,1998,0,0,0,0,0,0,0,0,0,0
480331,0,1,1998,18,0,0,29,38,34,0,18,28,41
480331,1,1,1998,11,0,13,10,0,14,17,9,10,12
480332,1,1,1998,0,0,0,0,0,0,0,0,0,0
480332,2,1,1998,0,0,0,0,0,0,16,0,0,21
480332,3,1,1998,0,0,0,0,0,0,0,0,0,0
480333,1,1,1998,12,12,12,12,12,12,12,12,12,12
480333,2,1,1998,0,0,0,0,0,0,0,0,0,0
480334,1,1,1998,0,0,0,0,0,0,0,0,0,0
480334,2,1,1998,0,0,0,0,0,0,0,0,0,0
480335,1,1,1998,28,28,28,28,28,28,28,28,28,28
480336,1,1,1998,10,20,17,11,4,15,17,30,14,0
480337,1,1,1998,3,0,28,0,0,0,10,0,0,0
480337,2,1,1998,0,0,0,20,0,0,0,0,0,0
480338,1,1,1998,0,0,0,0,0,0,0,0,0,0
480338,2,1,1998,0,0,0,0,0,0,0,0,0,0
480339,1,1,1998,0,0,26,16,0,5,32,13,0,0
480340,0,1,1998,2,2,2,2,2,2,2,2,2,2
480340,1,1,1998,0,0,0,0,0,0,0,0,0,0
480341,0,1,1998,27,27,27,27,27,27,27,27,27,27
480341,1,1,1998,14,14,14,14,14,14,14,14,14,14
480342,1,1,1998,0,0,0,0,0,0,0,0,12,0
480342,2,1,1998,0,0,0,0,0,0,0,0,0,0
480342,3,1,1998,0,0,0,0,6,0,0,0,0,0
480343,1,1,1998,9,9,9,9,9,9,9,9,9,9
480344,1,1,1998,0,18,6,21,5,0,0,0,0,12
480345,1,1,1998,16,16,16,16,16,16,16,16,16,16
480346,1,1,1998,11,11,11,11,11,11,11,11,11,11
480347,1,1,1998,0,0,0,0,0,0,0,0,0,0
480347,2,1,1998,0,0,0,0,0,0,0,0,0,0
480347,3,1,1998,0,0,0,0,0,0,0,0,0,0
480348,1,1,1998,0,0,0,0,0,0,0,0,0,0
480348,2,1,1998,0,0,0,0,0,0,0,0,0,0
480349,1,1,1998,6,0,5,0,0,12,0,0,0,0
480350,1,1,1998,0,0,0,0,0,0,0,0,0,0
480351,0,1,1998,6,50,4,6,15,0,0,18,35,12
480351,1,1,1998,0,0,0,0,0,10,0,0,0,28
480351,2,1,1998,24,24,24,24,24,24,24,24,24,24
480352,1,1,1998,0,3,0,26,30,10,16,0,0,0
480353,1,1,1998,0,37,5,3,26,0,10,20,0,0
480354,1,1,1998,12,12,12,12,12,12,12,12,12,12
480355,1,1,1998,0,0,0,0,0,0,0,0,0,0
480355,2,1,1998,5,0,0,4,0,0,0,0,0,21
480356,0,1,1998,0,38,0,7,0,0,0,0,0,0
480356,1,1,1998,0,0,0,0,0,0,0,0,0,0
480357,1,1,1998,0,0,0,24,0,0,0,0,0,0
480357,2,1,1998,0,0,0,0,0,0,0,0,0,0
480358,1,1,1998,0,0,0,0,0,0,0,0,0,0
480358,2,1,1998,0,0,0,0,0,0,0,0,0,0
480359,1,1,1998,0,0,0,0,0,0,0,0,0,0
480359,2,1,1998,0,0,0,0,0,0,0,0,0,0
480360,1,1,1998,23,23,23,23,23,23,23,23,23,23
480361,1,1,1998,0,10,0,0,10,20,0,0,0,20
480362,1,1,1998,0,0,0,0,0,0,0,0,0,0
480363,1,1,1998,10,11,0,0,0,0,0,0,0,21
480363,2,1,1998,0,0,0,0,0,0,0,0,0,0
480364,0,1,1998,38,38,38,38,38,38,38,38,38,38
480364,1,1,1998,0,0,0,0,0,0,0,0,0,0
480365,1,1,1998,3,3,3,3,3,3,3,3,3,3
480365,2,1,1998,0,0,0,0,0,0,0,0,0,0
480366,1,1,1998,30,23,19,17,0,0,5,21,0,0
480367,1,1,1998,0,0,0,0,0,0,0,0,0,0
480367,2,1,1998,0,0,0,0,0,13,0,0,0,0
480368,1,1,1998,0,0,10,0,21,0,0,15,0,19
480368,2,1,1998,0,0,24,0,21,0,0,0,5,0
480369,1,1,1998,0,0,0,0,0,6,0,0,0,0
480369,2,1,1998,0,0,0,0,0,0,17,0,0,0
480370,1,1,1998,0,9,0,0,0,0,0,0,0,0
480370,2,1,1998,0,0,0,0,0,0,0,0,0,0
480371,1,1,1998,0,0,0,18,0,12,5,0,0,0
480371,2,1,1998,17,17,17,17,17,17,17,17,17,17
480372,2,1,1998,16,0,0,13,18,0,0,0,0,0
480373,1,1,1998,0,0,0,0,0,0,0,0,0,0
480373,2,1,1998,0,0,0,0,0,0,0,0,0,0
480374,0,1,1998,33,33,33,33,33,33,33,33,33,33
480374,1,1,1998,5,0,11,0,0,0,0,0,0,0
480374,2,1,1998,0,9,0,14,0,22,12,0,0,0
480375,1,1,1998,0,0,0,0,0,0,0,0,0,0
480375,2,1,1998,0,0,0,0,0,0,0,0,0,0
480376,0,1,1998,0,0,0,0,0,0,0,0,0,0
480376,1,1,1998,0,0,0,0,0,0,0,0,0,0
480377,1,1,1998,0,0,0,0,0,0,0,0,0,0
480377,2,1,1998,31,31,31,31,31,31,31,31,31,31
480378,1,1,1998,25,25,25,25,25,25,25,25,25,25
480379,1,1,1998,26,26,26,26,26,26,26,26,26,26
480380,1,1,1998,25,25,25,25,25,25,25,25,25,25
480381,1,1,1998,28,28,28,28,28,28,28,28,28,28
480382,1,1,1998,0,0,0,0,0,0,0,0,0,0
480383,1,1,1998,0,0,0,0,0,0,0,0,33,0
480384,1,1,1998,22,22,22,22,22,22,22,22,22,22
480385,1,1,1998,0,19,0,15,0,0,0,0,0,0
480386,1,1,1998,0,17,15,20,28,17,31,12,15,0
480387,0,1,1998,10,10,10,10,10,10,10,10,10,10
480387,1,1,1998,0,5,0,0,0,0,0,0,26,11
480388,1,1,1998,1,1,1,1,1,1,1,1,1,1
480388,2,1,1998,0,0,0,0,0,0,0,0,0,0
480389,1,1,1998,19,22,17,0,17,6,17,18,35,33
480390,1,1,1998,0,0,0,0,0,0,0,0,0,0
480391,1,1,1998,0,0,21,0,0,8,0,0,0,0
480392,1,1,1998,0,0,0,0,0,0,0,0,0,0
480393,0,1,1998,0,0,0,0,0,0,0,0,0,0
480393,1,1,1998,0,0,0,0,0,0,0,0,0,13
480394,1,1,1998,0,0,0,0,0,0,0,0,0,0
480395,1,1,1998,0,0,0,0,0,0,0,0,0,0
480395,2,1,1998,0,0,0,0,2,0,0,0,0,0
480396,1,1,1998,0,0,0,0,0,0,0,0,0,0
480396,2,1,1998,0,0,0,0,0,0,0,0,7,0
480396,3,1,1998,0,0,0,0,0,0,0,0,0,0
480397,0,1,1998,0,0,0,0,0,0,0,0,0,0
480397,1,1,1998,0,0,0,0,0,0,0,0,0,0
480398,0,1,1998,0,0,0,0,0,0,0,0,0,0
480398,1,1,1998,0,6,0,0,0,0,0,0,3,0
480399,0,1,1998,0,0,0,0,21,0,15,0,0,0
480399,1,1,1998,0,0,0,0,0,0,0,0,0,0
480400,1,1,1998,0,0,0,0,0,0,0,0,0,0
480401,1,1,1998,0,13,21,0,0,18,0,24,0,0
480401,2,1,1998,0,0,0,0,0,0,0,0,0,0
480402,1,1,1998,25,32,2,12,15,0,32,15,0,23
480403,1,1,1998,0,0,0,0,12,0,0,0,0,0
480404,1,1,1998,0,0,0,0,0,0,0,0,0,0
480404,2,1,1998,12,12,12,12,12,12,12,12,12,12
480405,1,1,1998,0,13,10,0,19,0,0,28,19,0
480406,1,1,1998,0,0,12,0,0,0,0,0,0,0
480407,1,1,1998,0,0,0,0,0,0,0,0,0,0
480407,2,1,1998,0,0,0,0,0,0,0,0,0,0
480407,3,1,1998,0,0,0,0,0,0,0,0,0,0
480407,4,1,1998,0,0,0,0,0,0,11,0,0,0
480407,5,1,1998,0,0,0,0,0,0,0,0,0,0
480408,0,1,1998,17,8,15,0,8,26,15,7,0,0
480408,1,1,1998,0,12,0,0,0,23,0,17,9,7
480409,0,1,1998,9,0,0,25,0,0,0,14,0,0
480409,1,1,1998,0,0,0,0,0,0,0,0,0,0
480410,1,1,1998,8,8,8,8,8,8,8,8,8,8
480411,0,1,1998,0,0,0,0,0,0,0,0,12,8
480411,2,1,1998,7,0,13,0,13,11,0,0,8,11
480412,1,1,1998,0,11,0,0,12,0,0,0,26,0
480413,0,1,1998,0,0,0,16,0,0,0,0,0,24
480413,1,1,1998,0,0,0,0,0,0,0,0,0,0
480414,1,1,1998,0,0,0,0,0,0,0,0,0,0
480415,1,1,1998,17,27,24,25,30,29,27,16,14,24
480416,1,1,1998,0,0,0,0,0,0,0,0,0,0
480416,2,1,1998,0,0,0,6,0,0,0,0,0,0
480417,0,1,1998,0,0,0,0,0,0,0,0,0,0
480417,1,1,1998,14,6,0,6,0,12,0,10,0,0
480418,1,1,1998,18,18,18,18,18,18,18,18,18,18
480419,0,1,1998,29,0,0,0,0,22,0,0,0,10
480419,1,1,1998,0,5,17,0,17,10,11,9,23,0
480420,0,1,1998,34,34,34,34,34,34,34,34,34,34
480420,1,1,1998,6,0,0,0,0,0,0,0,10,13
480421,1,1,1998,0,0,0,0,0,0,0,0,0,0
480421,2,1,1998,0,0,0,0,0,0,0,0,0,0
480422,1,1,1998,0,0,0,0,0,0,0,0,0,0
480424,1,1,1998,0,0,0,0,15,0,0,0,0,0
480425,0,1,1998,2,31,27,0,20,28,11,14,30,33
480425,1,1,1998,10,7,16,7,15,10,47,7,17,23
480426,1,1,1998,0,15,20,8,14,0,16,14,20,0
480427,1,1,1998,7,23,26,13,13,20,4,20,0,5
480428,1,1,1998,0,0,0,0,0,0,0,0,0,0
480428,2,1,1998,0,0,0,0,0,0,0,0,0,0
480429,1,1,1998,2,9,0,0,4,6,14,13,13,10
480430,1,1,1998,0,0,0,0,8,0,0,0,0,0
480431,1,1,1998,21,21,21,21,21,21,21,21,21,21
480432,1,1,1998,0,0,0,0,0,0,0,0,0,0
480432,2,1,1998,0,0,0,0,0,0,0,0,0,0
480433,1,1,1998,0,0,0,0,0,0,0,8,0,15
480433,2,1,1998,0,0,0,0,0,0,0,18,0,0
480433,3,1,1998,2,0,0,21,0,0,0,0,0,0
480434,0,1,1998,0,0,0,0,0,0,0,0,0,0
480434,0,2,1998,0,15,0,0,0,0,41,0,0,0
480434,1,1,1998,0,0,0,0,0,0,0,0,0,0
480435,1,1,1998,30,30,30,30,30,30,30,30,30,30
480436,1,1,1998,0,0,0,0,0,18,0,0,0,10
480436,2,1,1998,0,0,0,0,0,0,0,0,0,0
480437,1,1,1998,16,16,16,16,16,16,16,16,16,16
480438,1,1,1998,0,0,0,0,0,0,0,0,0,0
480438,2,1,1998,0,0,0,0,0,0,0,0,0,0
480439,1,1,1998,0,24,0,16,0,0,0,8,0,0
480439,2,1,1998,23,0,0,25,11,29,0,8,0,13
480440,1,1,1998,9,19,0,24,29,22,35,12,13,17
480441,1,1,1998,0,0,0,0,0,0,0,0,23,0
480441,2,1,1998,23,23,23,23,23,23,23,23,23,23
480442,1,1,1998,0,0,0,0,0,8,0,0,0,10
480442,2,1,1998,0,0,0,12,0,0,0,0,0,0
480442,3,1,1998,0,0,0,0,0,0,0,0,0,0
480442,4,1,1998,0,0,0,0,0,0,0,0,0,0
480443,0,1,1998,0,15,0,0,6,0,0,0,0,14
480443,0,2,1998,0,0,0,0,0,0,0,0,0,0
480443,0,3,1998,0,0,0,0,0,0,0,0,0,0
480443,1,1,1998,27,27,27,27,27,27,27,27,27,27
480444,1,1,1998,0,0,0,12,4,0,0,0,0,0
480444,2,1,1998,0,0,0,0,0,0,0,0,0,0
480445,1,1,1998,0,0,0,0,0,0,0,0,0,0
480445,2,1,1998,0,0,0,0,0,0,0,0,0,0
480445,3,1,1998,0,18,0,12,0,0,0,0,0,0
480446,1,1,1998,0,0,0,0,0,0,0,0,0,0
480446,2,1,1998,0,0,0,0,0,0,0,0,0,0
480447,1,1,1998,0,0,0,0,0,0,17,0,0,14
480447,2,1,1998,0,13,0,0,0,13,0,0,0,0
480447,3,1,1998,0,0,0,0,0,0,8,0,0,0
480448,1,1,1998,9,9,9,9,9,9,9,9,9,9
480449,1,1,1998,0,16,0,0,0,0,0,0,0,0
480450,1,1,1998,0,0,0,0,0,29,0,0,0,0
480450,2,1,1998,0,0,0,0,0,0,0,0,0,15
480451,1,1,1998,9,11,0,0,0,0,6,6,0,0
480451,2,1,1998,0,0,0,0,0,20,0,15,14,0
480452,1,1,1998,26,26,26,26,26,26,26,26,26,26
480453,1,1,1998,0,0,0,0,0,0,0,0,0,0
480453,2,1,1998,0,0,0,0,0,0,0,0,0,0
480454,0,1,1998,23,23,23,23,23,23,23,23,23,23
480454,1,1,1998,0,0,0,0,0,0,0,0,0,0
480455,1,1,1998,0,0,0,0,0,0,0,0,0,0
480455,2,1,1998,0,0,0,0,0,0,0,0,0,0
480456,1,1,1998,0,0,0,0,0,0,0,0,0,0
480457,1,1,1998,0,0,0,0,0,0,0,0,0,0
480457,2,1,1998,0,6,0,0,0,0,0,0,0,0
480458,1,1,1998,21,21,21,21,21,21,21,21,21,21
480459,1,1,1998,20,0,0,12,8,22,18,6,8,0
480460,1,1,1998,0,0,0,0,21,0,0,0,0,0
480460,2,1,1998,0,0,0,0,9,0,0,0,0,0
480461,1,1,1998,0,0,0,0,0,0,0,0,0,0
480461,2,1,1998,0,0,0,0,0,0,0,0,0,0
480462,1,1,1998,0,0,0,0,0,0,0,0,0,0
480462,2,1,1998,0,0,0,0,0,0,0,0,0,0
480463,1,1,1998,0,0,0,0,0,0,0,0,0,0
480464,1,1,1998,16,16,16,16,16,16,16,16,16,16
480465,1,1,1998,5,5,5,5,5,5,5,5,5,5
480466,1,1,1998,22,22,22,22,22,22,22,22,22,22
480466,2,1,1998,0,0,0,0,14,0,0,0,0,0
480466,3,1,1998,0,0,9,0,0,0,0,0,0,0
480467,1,1,1998,0,0,0,5,0,0,0,0,0,0
480467,2,1,1998,0,0,0,0,0,0,0,0,0,0
480467,3,1,1998,0,0,0,0,0,0,0,0,0,0
480468,1,1,1998,0,0,0,0,0,11,0,0,0,22
480469,1,1,1998,35,35,35,35,35,35,35,35,35,35
480469,2,1,1998,0,0,0,0,0,0,0,0,0,0
480470,0,1,1998,0,19,24,0,0,17,12,0,0,3
480470,1,1,1998,14,0,0,0,0,0,0,24,8,0
480471,1,1,1998,0,0,0,0,10,15,0,0,6,0
480472,1,1,1998,7,0,0,0,0,0,0,0,0,0
480473,1,1,1998,0,0,0,0,0,0,0,0,0,0
480474,1,1,1998,16,0,0,0,0,0,0,0,15,0
480475,1,1,1998,17,17,17,17,17,17,17,17,17,17
480476,1,1,1998,0,0,0,0,0,0,0,0,0,0
480476,2,1,1998,18,18,18,18,18,18,18,18,18,18
480477,1,1,1998,18,0,0,0,0,0,0,0,0,0
480478,1,1,1998,26,26,26,26,26,26,26,26,26,26
480478,2,1,1998,5,5,5,5,5,5,5,5,5,5
480478,3,1,1998,0,9,0,0,0,0,0,8,0,0
480479,1,1,1998,8,8,8,8,8,8,8,8,8,8
480480,1,1,1998,0,0,0,0,0,0,0,0,0,0
480480,2,1,1998,0,0,0,0,0,0,0,0,0,0
480480,3,1,1998,0,0,0,0,0,0,0,0,0,0
480481,1,1,1998,0,18,4,15,14,0,19,23,25,27
480482,1,1,1998,15,26,0,0,13,0,0,20,33,6
480482,2,1,1998,0,0,4,0,0,0,0,0,0,0
480483,1,1,1998,0,0,0,0,0,0,0,0,0,0
480483,2,1,1998,0,0,0,11,0,0,11,0,0,0
480483,3,1,1998,0,0,0,0,0,0,5,0,0,0
480484,1,1,1998,0,0,0,0,0,0,0,0,0,0
480485,1,1,1998,22,22,22,22,22,22,22,22,22,22
480486,0,1,1998,8,8,8,8,8,8,8,8,8,8
480486,1,1,1998,0,0,0,0,0,0,0,0,0,0
480486,2,1,1998,0,0,0,0,0,0,0,0,0,0
480487,1,1,1998,0,0,0,0,0,0,0,0,0,0
480487,2,1,1998,0,0,0,0,0,0,0,0,0,0
480488,0,1,1998,0,0,0,0,0,0,0,0,0,0
480488,1,1,1998,0,0,0,0,0,0,0,0,0,0
480489,1,1,1998,0,0,0,0,5,0,0,0,0,0
480490,1,1,1998,0,0,0,0,0,0,0,0,0,0
480490,2,1,1998,0,0,0,0,0,0,0,0,0,0
480491,1,1,1998,20,20,20,20,20,20,20,20,20,20
480492,1,1,1998,0,0,0,0,0,0,0,0,0,0
480492,2,1,1998,0,0,10,0,0,0,0,0,0,0
480493,1,1,1998,0,0,0,0,0,0,0,0,0,0
480493,2,1,1998,0,0,0,0,0,0,0,0,0,0
480494,0,1,1998,5,5,5,5,5,5,5,5,5,5
480494,1,1,1998,0,0,0,0,0,0,0,0,0,0
480495,1,1,1998,0,0,0,0,0,0,0,0,0,0
480496,1,1,1998,0,0,0,0,0,0,0,0,0,0
480497,1,1,1998,22,22,22,22,22,22,22,22,22,22
480497,2,1,1998,0,0,0,0,0,26,11,0,17,0
480498,1,1,1998,0,0,0,0,0,0,0,0,0,0
480498,2,1,1998,0,0,0,0,0,0,0,16,0,0
480498,3,1,1998,0,0,0,0,13,0,0,0,0,0
480499,1,1,1998,23,23,23,23,23,23,23,23,23,23
480500,1,1,1998,0,0,0,0,0,0,0,0,0,0
480500,2,1,1998,0,0,0,0,0,0,0,0,0,0
480501,0,1,1998,22,0,0,13,0,0,0,28,0,0
480501,1,1,1998,0,0,0,0,0,0,0,0,0,0
480502,1,1,1998,0,12,0,0,0,0,0,0,0,0
480502,2,1,1998,0,0,0,0,0,0,10,0,0,0
480503,1,1,1998,0,0,0,0,0,0,0,0,0,0
480503,2,1,1998,8,8,8,8,8,8,8,8,8,8
480504,0,1,1998,0,0,8,11,11,33,0,38,12,15
480504,1,1,1998,27,27,27,27,27,27,27,27,27,27
480505,1,1,1998,20,19,18,30,8,0,12,0,0,22
480506,1,1,1998,0,0,0,0,0,8,0,0,0,0
480507,1,1,1998,0,0,0,0,0,25,13,0,0,0
480507,2,1,1998,0,0,0,0,0,0,0,0,0,0
480508,0,1,1998,0,0,0,0,0,12,12,15,0,0
480508,1,1,1998,0,0,0,0,0,0,0,0,0,0
480509,1,1,1998,0,0,0,0,0,0,0,0,0,0
480509,2,1,1998,0,0,0,0,0,0,0,0,0,0
480510,1,1,1998,42,42,42,42,42,42,42,42,42,42
480511,1,1,1998,12,12,12,12,12,12,12,12,12,12
480512,1,1,1998,0,0,0,0,0,0,0,0,0,0
480513,1,1,1998,0,0,0,0,0,0,0,0,0,0
480513,2,1,1998,0,0,0,0,0,0,0,0,0,0
480514,1,1,1998,0,0,0,0,0,0,0,0,0,0
480514,2,1,1998,0,0,0,0,0,0,0,0,0,0
480515,1,1,1998,0,0,0,0,0,21,0,11,0,0
480515,2,1,1998,0,0,0,0,0,6,0,0,4,0
480516,1,1,1998,0,0,0,0,0,0,0,0,0,0
480516,2,1,1998,0,0,0,0,15,0,0,0,0,0
480517,1,1,1998,0,0,0,0,0,0,0,0,0,0
480517,2,1,1998,0,0,0,0,0,0,0,0,0,0
480518,1,1,1998,0,0,0,0,0,0,0,0,0,0
480518,2,1,1998,0,0,0,0,0,0,0,0,0,0
480519,1,1,1998,0,32,0,0,0,0,25,11,0,0
480520,0,1,1998,0,0,0,12,0,0,9,16,0,35
480520,0,2,1998,0,41,0,17,0,0,0,0,0,0
480520,0,3,1998,12,12,0,27,0,0,0,29,22,15
480520,1,1,1998,21,21,21,21,21,21,21,21,21,21
480521,1,1,1998,20,20,20,20,20,20,20,20,20,20
480522,1,1,1998,0,0,0,0,0,0,0,0,0,0
480522,2,1,1998,0,0,15,0,15,0,22,10,27,0
480523,0,1,1998,21,15,36,14,0,15,15,28,23,14
480523,1,1,1998,0,0,0,0,0,0,18,0,17,0
480524,1,1,1998,0,0,0,0,0,0,0,0,0,0
480524,2,1,1998,0,0,0,0,0,0,0,0,0,0
480525,1,1,1998,24,6,0,7,0,0,0,0,16,0
480525,2,1,1998,0,0,10,0,0,0,0,0,0,9
480525,3,1,1998,37,20,0,19,0,25,0,22,22,13
480526,1,1,1998,0,0,0,0,0,0,0,0,0,0
480526,2,1,1998,0,0,0,0,0,0,0,0,0,0
480527,1,1,1998,0,0,0,0,0,0,0,0,0,0
480527,2,1,1998,0,0,0,0,0,0,0,8,0,0
480527,3,1,1998,0,0,0,0,0,0,0,0,0,0
480527,4,1,1998,7,14,10,0,0,0,0,0,14,12
480528,1,1,1998,15,15,15,15,15,15,15,15,15,15
480528,2,1,1998,15,15,15,15,15,15,15,15,15,15
480529,1,1,1998,5,5,5,5,5,5,5,5,5,5
480530,1,1,1998,18,18,18,18,18,18,18,18,18,18
480531,1,1,1998,23,23,23,23,23,23,23,23,23,23
480532,1,1,1998,9,0,0,0,0,0,0,0,0,0
480532,2,1,1998,1,1,1,1,1,1,1,1,1,1
480533,1,1,1998,18,8,33,21,0,0,12,32,16,21
480534,1,1,1998,0,0,0,0,0,0,0,0,0,0
480535,1,1,1998,0,0,0,0,0,0,0,0,0,0
480535,2,1,1998,0,0,0,0,0,0,0,0,0,0
480536,1,1,1998,0,0,0,0,0,0,0,0,0,0
480537,1,1,1998,14,14,14,14,14,14,14,14,14,14
480537,2,1,1998,0,0,0,0,0,0,0,0,0,0
480537,3,1,1998,0,0,0,0,0,0,0,8,0,0
480538,1,1,1998,0,0,0,0,0,0,0,0,0,0
480538,2,1,1998,0,0,0,0,0,0,0,0,0,0
480539,0,1,1998,0,0,0,0,0,0,0,0,0,0
480539,1,1,1998,0,0,11,0,0,0,0,5,0,10
480540,1,1,1998,0,0,0,0,0,0,0,0,0,0
480540,2,1,1998,0,0,0,0,0,0,0,8,0,0
480541,1,1,1998,15,8,24,12,12,0,4,0,22,7
480542,1,1,1998,0,0,0,0,0,0,0,0,0,0
480543,0,1,1998,24,6,31,25,9,12,0,0,0,0
480543,1,1,1998,15,15,15,15,15,15,15,15,15,15
480544,0,1,1998,0,0,0,0,5,5,0,19,0,0
480544,1,1,1998,0,0,0,0,0,0,0,0,0,0
480545,1,1,1998,0,0,0,0,0,0,0,0,0,0
480545,2,1,1998,22,22,22,22,22,22,22,22,22,22
480546,1,1,1998,20,20,20,20,20,20,20,20,20,20
480546,2,1,1998,0,0,0,0,0,0,0,0,0,0