ST_CASE,VEH_NO,PER_NO,YEAR,P1,P2,P3,P4,P5,P6,P7,P8,P9,P10
481089,3,1,1998,0,0,7,0,0,0,0,0,4,0
481090,1,1,1998,0,0,0,0,0,0,0,0,0,0
481091,1,1,1998,0,0,0,17,0,0,0,0,0,0
481091,2,1,1998,0,0,0,0,0,0,0,0,0,0
481092,1,1,1998,0,0,0,0,0,0,0,0,0,0
481093,1,1,1998,0,0,0,0,0,0,0,0,0,0
481093,2,1,1998,0,5,0,11,0,0,0,17,0,0
481094,1,1,1998,0,0,0,0,0,0,0,0,0,0
481094,2,1,1998,0,0,0,8,0,0,0,0,0,12
481095,1,1,1998,0,0,0,0,0,0,0,0,0,0
481095,2,1,1998,0,0,0,0,0,0,0,0,0,0
481096,1,1,1998,0,0,0,0,0,0,0,0,0,0
481096,2,1,1998,0,0,0,0,0,0,0,0,0,0
481096,3,1,1998,0,0,0,0,0,0,0,0,0,0
481097,1,1,1998,0,0,0,0,0,0,0,0,0,0
481098,0,1,1998,24,24,24,24,24,24,24,24,24,24
481098,1,1,1998,0,24,0,0,3,0,0,0,1,0
481098,2,1,1998,0,0,0,0,0,0,0,0,0,0
481099,1,1,1998,0,0,0,0,0,0,0,0,0,0
481099,2,1,1998,0,0,0,0,0,0,0,0,0,0
481099,3,1,1998,17,0,0,0,0,0,0,0,0,0
481100,1,1,1998,0,0,0,0,0,0,0,0,0,0
481100,2,1,1998,0,0,0,0,0,0,0,0,0,0
481101,1,1,1998,12,12,12,12,12,12,12,12,12,12
481102,1,1,1998,0,0,0,0,0,0,0,0,0,0
481102,2,1,1998,0,0,0,0,0,0,0,0,0,0
481103,2,1,1998,0,0,0,0,0,0,0,0,0,0
481104,1,1,1998,0,0,0,0,0,0,0,0,0,0
481104,2,1,1998,0,0,0,0,0,0,13,0,0,0
481105,1,1,1998,0,0,0,0,0,0,0,0,0,0
481106,1,1,1998,0,0,0,0,0,0,0,0,0,0
481107,1,1,1998,19,19,19,19,19,19,19,19,19,19
481107,2,1,1998,7,7,7,7,7,7,7,7,7,7
481108,1,1,1998,0,0,0,0,0,0,0,0,0,0
481109,1,1,1998,0,20,0,8,0,23,7,0,0,13
481110,1,1,1998,0,0,0,0,0,0,0,0,0,0
481111,1,1,1998,10,31,13,3,16,0,12,24,16,13
481111,2,1,1998,0,0,0,0,0,0,0,0,0,0
481112,1,1,1998,0,0,18,0,0,21,0,0,8,0
481112,2,1,1998,21,13,0,0,0,0,0,0,17,0
481112,3,1,1998,0,0,0,23,0,5,0,0,0,0
481113,1,1,1998,0,0,0,0,0,0,0,0,0,0
481113,2,1,1998,0,0,0,0,0,0,0,0,0,0
481114,1,1,1998,0,0,0,0,0,0,0,17,0,18
481115,1,1,1998,14,14,14,14,14,14,14,14,14,14
481116,1,1,1998,0,0,0,0,0,0,0,0,0,0
481116,2,1,1998,0,13,18,13,24,0,9,13,3,0
481117,1,1,1998,0,0,0,0,0,0,0,0,0,0
481118,1,1,1998,11,21,21,0,18,27,0,14,14,18
481119,0,1,1998,19,19,19,19,19,19,19,19,19,19
481119,1,1,1998,12,19,0,7,0,0,0,0,15,20
481120,1,1,1998,11,6,19,11,12,0,5,8,0,14
481121,1,1,1998,18,18,18,18,18,18,18,18,18,18
481121,2,1,1998,0,0,0,0,0,0,0,0,0,0
481121,3,1,1998,0,23,13,16,10,0,10,0,17,0
481122,1,1,1998,0,0,6,0,0,0,0,0,0,0
481122,2,1,1998,20,0,0,8,12,9,17,8,16,10
481122,3,1,1998,0,0,0,0,0,0,0,0,0,0
481122,4,1,1998,0,13,0,0,0,0,0,0,0,0
481123,0,1,1998,24,24,24,24,24,24,24,24,24,24
481123,1,1,1998,5,5,5,5,5,5,5,5,5,5
481124,1,1,1998,27,27,27,27,27,27,27,27,27,27
481125,1,1,1998,24,24,24,24,24,24,24,24,24,24
481126,1,1,1998,15,17,13,7,0,0,27,12,0,0
481127,1,1,1998,31,31,31,31,31,31,31,31,31,31
481127,2,1,1998,35,24,11,0,3,9,10,0,24,18
481128,0,1,1998,19,23,8,20,12,14,14,0,33,10
481128,1,1,1998,0,0,4,7,0,28,0,0,0,0
481129,1,1,1998,23,23,23,23,23,23,23,23,23,23
481130,1,1,1998,3,3,3,3,3,3,3,3,3,3
481130,2,1,1998,0,0,0,0,0,0,0,0,0,0
481131,1,1,1998,21,21,21,21,21,21,21,21,21,21
481132,1,1,1998,0,0,25,27,0,0,0,5,0,0
481132,2,1,1998,0,0,43,0,0,0,0,18,21,0
481133,1,1,1998,14,16,0,0,0,26,0,0,0,0
481134,1,1,1998,11,0,12,9,0,20,7,0,0,0
481135,1,1,1998,9,0,0,22,14,0,0,16,48,28
481136,1,1,1998,0,0,0,0,0,0,0,0,0,0
481136,2,1,1998,0,0,0,0,0,0,0,0,0,0
481137,1,1,1998,9,0,0,23,0,0,0,8,0,4
481137,2,1,1998,0,0,0,3,5,0,4,0,7,0
481138,1,1,1998,5,5,5,5,5,5,5,5,5,5
481139,1,1,1998,14,22,15,39,9,25,10,12,15,39
481139,2,1,1998,0,0,21,0,0,0,9,0,0,0
481140,1,1,1998,0,0,0,0,0,0,0,0,0,0
481141,1,1,1998,4,8,0,3,0,4,8,5,10,13
481141,2,1,1998,0,20,0,0,0,0,18,12,22,0
481142,1,1,1998,0,0,0,0,0,0,31,0,0,0
481142,2,1,1998,0,0,0,0,0,0,0,0,0,0
481143,1,1,1998,0,0,0,0,0,0,0,0,0,0
481144,1,1,1998,0,21,0,0,0,11,0,0,0,0
481144,2,1,1998,0,0,7,5,0,0,0,0,0,0
481145,1,1,1998,0,0,0,0,0,20,6,0,0,0
481145,2,1,1998,0,0,0,0,0,0,0,0,0,0
481146,1,1,1998,0,0,0,0,0,0,0,0,0,0
481147,1,1,1998,18,17,0,25,18,14,26,0,24,15
481148,1,1,1998,0,33,6,16,0,0,12,0,0,0
481148,2,1,1998,0,0,0,0,0,0,0,0,0,0
481149,1,1,1998,8,8,8,8,8,8,8,8,8,8
481150,1,1,1998,0,6,0,14,0,0,10,0,7,0
481150,2,1,1998,0,0,0,15,0,0,0,0,0,0
481151,1,1,1998,0,0,0,0,0,0,0,0,0,0
481152,0,1,1998,17,17,17,17,17,17,17,17,17,17
481152,1,1,1998,0,0,10,0,0,0,0,0,9,0
481153,1,1,1998,0,21,0,21,8,0,9,0,0,23
481154,1,1,1998,0,0,0,0,0,0,0,0,0,0
481154,2,1,1998,0,0,0,0,0,0,0,0,0,0
481155,0,1,1998,22,22,22,22,22,22,22,22,22,22
481155,1,1,1998,0,0,0,0,0,0,0,0,0,0
481156,1,1,1998,0,0,0,0,0,0,0,0,0,0
481156,2,1,1998,29,14,0,3,14,13,0,11,17,0
481156,3,1,1998,16,0,11,6,17,0,18,9,0,0
481156,4,1,1998,0,0,0,0,13,0,11,7,0,19
481157,1,1,1998,20,20,20,20,20,20,20,20,20,20
481158,1,1,1998,0,11,0,0,12,7,11,13,12,0
481159,0,1,1998,17,17,17,17,17,17,17,17,17,17
481159,1,1,1998,0,0,0,35,0,0,0,0,0,20
481160,1,1,1998,0,0,0,0,0,0,0,0,0,0
481160,2,1,1998,0,20,21,0,0,0,0,0,0,0
481161,1,1,1998,21,17,13,16,34,9,22,0,21,10
481162,1,1,1998,21,4,18,0,34,36,29,13,0,19
481163,1,1,1998,23,17,19,23,0,17,13,29,8,13
481164,1,1,1998,0,0,0,0,0,0,0,0,0,0
481165,1,1,1998,21,21,21,21,21,21,21,21,21,21
481166,1,1,1998,0,22,20,15,0,0,8,14,0,0
481167,1,1,1998,0,0,0,5,0,9,0,0,0,0
481167,2,1,1998,17,0,0,0,0,0,0,0,0,0
481168,1,1,1998,0,0,0,0,0,0,0,0,0,0
481169,1,1,1998,0,0,0,0,0,0,0,0,0,0
481169,2,1,1998,0,5,0,0,0,0,0,0,0,0
481170,1,1,1998,0,0,0,0,0,0,0,0,0,0
481170,2,1,1998,0,0,0,0,0,0,11,0,26,0
481171,0,1,1998,0,0,0,0,0,0,0,0,0,0
481171,1,1,1998,0,0,0,0,0,0,0,0,0,8
481172,1,1,1998,11,0,0,0,0,0,0,0,0,14
481173,1,1,1998,39,39,39,39,39,39,39,39,39,39
481173,2,1,1998,0,0,0,0,0,0,0,19,0,8
481174,1,1,1998,0,0,0,0,0,0,0,0,0,0
481174,2,1,1998,0,0,16,0,0,0,0,0,0,0
481175,1,1,1998,0,0,0,0,10,0,0,0,0,0
481175,2,1,1998,0,0,0,0,18,0,0,0,0,0
481175,3,1,1998,0,14,0,0,15,0,0,0,0,0
481175,4,1,1998,0,0,0,0,0,0,0,0,0,0
481175,5,1,1998,15,0,0,0,0,0,0,0,0,0
481175,6,1,1998,0,0,0,0,11,0,0,0,0,0
481175,7,1,1998,19,0,0,0,0,0,0,0,0,0
481176,1,1,1998,0,0,0,0,0,0,0,0,0,0
481177,0,1,1998,16,0,0,25,0,0,0,0,0,0
481177,1,1,1998,0,0,0,0,0,13,0,0,0,0
481178,1,1,1998,0,0,0,0,0,0,0,0,0,0
481178,2,1,1998,0,0,0,0,0,0,8,0,0,0
481179,1,1,1998,0,0,0,0,0,0,0,0,0,0
481179,2,1,1998,0,0,0,0,0,0,0,0,0,0
481180,1,1,1998,9,0,0,0,13,5,0,0,0,0
481181,1,1,1998,0,0,0,0,0,0,0,0,0,0
481182,1,1,1998,19,19,19,19,19,19,19,19,19,19
481183,0,1,1998,0,0,0,0,0,0,0,0,0,0
481183,1,1,1998,22,0,18,0,16,22,5,0,0,9
481184,0,1,1998,15,8,0,0,0,0,0,12,0,0
481184,1,1,1998,0,9,0,0,0,0,0,0,10,0
481185,1,1,1998,0,0,0,0,0,0,0,0,0,0
481185,2,1,1998,0,4,0,0,0,0,0,0,0,0
481186,1,1,1998,0,0,0,0,0,0,0,0,0,0
481186,2,1,1998,0,0,0,0,0,0,6,0,0,0
481187,1,1,1998,0,0,0,0,0,0,0,0,13,3
481188,1,1,1998,0,0,0,0,0,0,0,0,0,0
481188,2,1,1998,0,0,0,0,0,0,0,0,0,0
481189,1,1,1998,10,17,14,12,10,16,13,17,6,0
481189,2,1,1998,0,14,13,11,6,0,0,0,0,0
481190,1,1,1998,20,20,20,20,20,20,20,20,20,20
481190,2,1,1998,27,27,27,27,27,27,27,27,27,27
481191,1,1,1998,0,10,0,0,0,0,0,0,0,0
481192,1,1,1998,18,18,18,18,18,18,18,18,18,18
481193,1,1,1998,12,0,11,0,0,23,15,11,15,19
481194,1,1,1998,0,0,0,0,0,0,0,0,0,0
481195,1,1,1998,12,0,0,0,0,4,0,0,0,0
481195,2,1,1998,0,0,0,0,0,0,0,0,0,0
481196,1,1,1998,22,0,0,0,27,16,0,37,14,17
481197,1,1,1998,0,0,0,0,0,0,0,0,0,0
481197,2,1,1998,0,0,0,0,0,0,0,0,0,0
481198,1,1,1998,0,0,0,0,14,0,0,0,0,0
481198,2,1,1998,0,0,0,0,0,0,0,0,0,0
481199,0,1,1998,0,19,15,0,24,0,0,0,0,0
481199,1,1,1998,13,11,8,20,19,26,11,6,3,13
481200,1,1,1998,0,0,0,0,0,0,0,0,0,0
481200,2,1,1998,0,0,0,0,0,0,0,0,0,0
481201,1,1,1998,0,0,0,0,0,0,0,0,0,0
481201,2,1,1998,0,0,0,0,0,0,0,0,0,0
481202,1,1,1998,0,0,0,0,0,0,0,0,0,0
481202,2,1,1998,0,0,0,0,0,0,0,0,0,0
481202,3,1,1998,0,0,0,0,0,0,0,0,0,0
481203,1,1,1998,9,9,9,9,9,9,9,9,9,9
481204,1,1,1998,0,0,0,0,0,0,0,0,0,0
481205,0,1,1998,20,7,0,22,0,7,0,25,0,21
481205,1,1,1998,19,0,0,0,0,0,0,0,0,0
481206,1,1,1998,0,0,0,0,0,0,0,0,0,0
481206,2,1,1998,0,0,0,0,0,0,0,4,0,0
481207,0,1,1998,0,0,19,0,0,36,0,6,0,0
481207,1,1,1998,0,0,0,0,0,0,0,0,0,0
481208,1,1,1998,0,0,0,0,0,0,0,0,0,26
481209,1,1,1998,17,4,13,24,10,15,21,12,19,14
481210,1,1,1998,0,0,0,0,0,0,0,0,0,0
481211,1,1,1998,0,5,0,8,0,0,0,0,5,0
481211,2,1,1998,0,0,0,0,0,0,15,18,0,0
481211,3,1,1998,9,19,30,0,22,17,28,0,14,14
481212,1,1,1998,0,0,0,0,0,0,0,0,0,0
481213,1,1,1998,17,0,0,0,0,16,0,14,0,25
481214,1,1,1998,14,13,24,25,9,15,3,9,25,23
481214,2,1,1998,0,0,0,0,17,0,0,0,0,0
481215,1,1,1998,0,0,0,0,0,0,0,0,0,0
481216,1,1,1998,0,0,12,0,0,0,0,0,0,0
481217,1,1,1998,27,27,27,27,27,27,27,27,27,27
481218,1,1,1998,0,33,10,22,27,18,25,16,26,12
481219,0,1,1998,0,0,0,0,0,0,0,0,0,0
481219,1,1,1998,13,13,13,13,13,13,13,13,13,13
481220,0,1,1998,16,16,16,16,16,16,16,16,16,16
481220,1,1,1998,7,0,0,0,13,0,0,0,0,0
481221,1,1,1998,0,18,0,0,23,35,34,19,15,39
481222,1,1,1998,0,0,0,0,0,0,0,0,0,0
481222,2,1,1998,3,3,3,3,3,3,3,3,3,3
481223,0,1,1998,13,0,0,0,14,0,0,8,15,0
481223,1,1,1998,2,10,0,0,0,0,0,14,21,0
481224,0,1,1998,0,0,0,0,0,0,0,16,18,0
481224,1,1,1998,0,0,0,10,0,11,0,0,0,0
481225,1,1,1998,16,11,13,15,11,8,6,8,6,10
481226,1,1,1998,0,0,0,0,0,0,0,7,0,0
481226,2,1,1998,0,0,0,0,19,24,0,0,0,0
481227,1,1,1998,9,9,9,9,9,9,9,9,9,9
481228,0,1,1998,0,0,0,0,5,0,0,0,15,0
481228,1,1,1998,0,0,0,0,0,0,0,0,0,0
481229,1,1,1998,0,0,0,0,0,0,0,0,0,0
481230,0,1,1998,0,0,0,0,0,0,0,0,0,0
481230,1,1,1998,0,0,0,0,0,0,0,0,0,0
481231,1,1,1998,0,0,0,0,0,0,0,0,0,0
481231,2,1,1998,0,31,29,0,18,21,0,17,25,11
481232,1,1,1998,11,15,0,19,9,0,19,0,16,19
481233,1,1,1998,17,17,17,17,17,17,17,17,17,17
481234,1,1,1998,29,29,29,29,29,29,29,29,29,29
481235,0,1,1998,0,0,0,0,0,0,23,0,0,0
481235,1,1,1998,23,0,0,7,11,17,12,34,12,0
481236,1,1,1998,0,0,0,20,0,0,0,0,0,0
481237,0,1,1998,0,0,17,0,0,39,0,0,0,38
481237,1,1,1998,17,0,0,0,0,0,0,0,0,0
481238,0,1,1998,5,7,11,0,0,28,0,23,0,0
481238,1,1,1998,0,0,0,0,0,0,0,0,0,0
481239,1,1,1998,0,0,0,0,0,0,0,0,0,0
481240,1,1,1998,17,17,17,17,17,17,17,17,17,17
481240,2,1,1998,0,0,0,0,0,0,0,0,0,0
481241,1,1,1998,12,12,12,12,12,12,12,12,12,12
481242,1,1,1998,0,7,17,0,0,0,0,0,0,0
481242,2,1,1998,0,0,13,9,9,0,20,0,23,0
481243,1,1,1998,4,4,4,4,4,4,4,4,4,4
481244,1,1,1998,0,0,0,0,0,0,12,0,0,0
481245,1,1,1998,0,0,6,0,0,0,0,0,0,0
481246,1,1,1998,0,0,0,0,0,0,0,0,0,0
481246,2,1,1998,0,0,0,0,0,0,0,0,0,0
481247,0,1,1998,24,24,24,24,24,24,24,24,24,24
481247,1,1,1998,0,0,24,18,18,0,0,0,10,0
481248,1,1,1998,0,0,0,0,0,10,0,0,0,0
481248,2,1,1998,8,8,8,8,8,8,8,8,8,8
481249,1,1,1998,0,0,0,0,0,0,0,0,0,0
481250,1,1,1998,0,0,0,0,0,0,0,0,0,0
481251,1,1,1998,0,0,0,0,0,0,0,0,0,0
481251,2,1,1998,0,5,37,0,16,0,0,18,0,0
481252,1,1,1998,0,20,0,3,0,0,0,0,13,22
481253,0,1,1998,8,12,0,0,13,11,28,27,0,13
481253,1,1,1998,0,0,0,0,0,0,0,0,0,0
481254,1,1,1998,0,0,0,30,17,13,0,29,0,0
481255,1,1,1998,0,0,9,0,20,0,0,0,0,0
481255,2,1,1998,0,14,0,0,0,0,0,0,0,7
481256,1,1,1998,0,26,17,0,0,0,23,0,0,0
481256,2,1,1998,0,0,0,0,0,0,0,0,0,0
481257,1,1,1998,0,0,0,0,0,0,0,0,0,9
481258,1,1,1998,25,9,18,0,17,26,16,15,16,19
481259,1,1,1998,24,24,24,24,24,24,24,24,24,24
481261,1,1,1998,0,0,17,0,0,0,0,13,2,14
481261,2,1,1998,0,0,0,0,0,0,0,0,0,0
481261,3,1,1998,0,0,0,0,7,0,0,0,0,0
481262,1,1,1998,0,17,0,0,0,7,0,0,0,5
481263,1,1,1998,8,10,23,9,19,12,41,0,18,21
481264,1,1,1998,9,21,0,0,11,0,0,0,0,11
481265,1,1,1998,0,0,0,0,0,0,0,0,0,0
481265,2,1,1998,0,11,17,0,23,5,16,15,0,0
481266,1,1,1998,15,15,15,15,15,15,15,15,15,15
481267,1,1,1998,20,14,16,16,22,18,10,15,21,28
481268,1,1,1998,17,0,0,0,29,0,18,27,14,0
481268,2,1,1998,5,12,0,12,0,14,14,0,0,0
481269,1,1,1998,0,0,0,0,0,0,0,0,0,0
481269,2,1,1998,14,14,14,14,14,14,14,14,14,14
481270,1,1,1998,0,0,0,0,0,0,0,0,0,0
481271,0,1,1998,29,29,29,29,29,29,29,29,29,29
481271,1,1,1998,0,0,0,18,10,0,0,14,0,0
481272,1,1,1998,21,15,24,6,15,0,11,0,9,14
481273,1,1,1998,0,0,0,17,20,26,19,9,0,29
481273,2,1,1998,0,0,0,0,0,0,5,9,0,7
481274,1,1,1998,5,5,5,5,5,5,5,5,5,5
481275,1,1,1998,0,0,0,0,0,0,0,0,8,0
481275,2,1,1998,6,14,0,0,0,0,0,0,0,0
481276,1,1,1998,0,0,0,0,0,0,0,0,0,0
481277,0,1,1998,18,14,13,0,26,31,19,20,16,25
481277,0,2,1998,0,15,9,0,7,0,0,0,7,28
481277,0,3,1998,0,0,0,14,20,11,10,26,23,26
481277,1,1,1998,33,18,5,21,16,17,10,7,18,16
481278,1,1,1998,0,0,0,0,0,0,0,0,0,0
481279,1,1,1998,0,0,0,0,0,0,0,0,0,0
481279,2,1,1998,0,0,0,0,0,0,0,0,0,6
481280,0,1,1998,0,0,0,0,0,0,17,0,0,30
481280,1,1,1998,0,0,7,0,0,0,0,0,0,0
481281,1,1,1998,0,0,0,0,0,26,0,0,0,0
481281,2,1,1998,0,0,0,0,0,0,0,24,0,0
481281,3,1,1998,0,3,0,0,0,0,0,0,0,0
481282,1,1,1998,0,0,0,0,0,29,0,0,0,0
481283,1,1,1998,0,0,0,0,0,0,0,0,0,0
481283,2,1,1998,0,0,0,0,0,0,0,0,0,0
481284,1,1,1998,0,0,0,0,0,0,0,0,0,0
481285,1,1,1998,24,0,0,0,29,0,0,0,0,0
481285,2,1,1998,13,0,0,0,5,0,0,0,0,0
481286,1,1,1998,23,0,11,0,0,0,0,0,0,0
481287,1,1,1998,0,0,0,0,8,15,4,0,7,0
481288,1,1,1998,0,0,14,10,0,0,0,0,0,0
481288,2,1,1998,0,0,0,0,0,0,0,0,0,0
481289,1,1,1998,0,0,0,0,0,0,0,0,0,0
481290,1,1,1998,16,16,16,16,16,16,16,16,16,16
481291,1,1,1998,0,0,0,0,0,0,0,0,0,0
481292,0,1,1998,0,0,0,0,0,0,0,0,0,0
481292,1,1,1998,0,0,0,0,0,0,0,0,0,0
481293,0,1,1998,12,31,22,0,25,27,38,0,13,0
481293,1,1,1998,0,0,0,0,0,60,0,0,0,0
481294,1,1,1998,20,8,14,5,18,12,23,8,21,16
481295,1,1,1998,0,0,0,0,0,0,0,0,0,0
481296,1,1,1998,18,18,18,18,18,18,18,18,18,18
481297,0,1,1998,0,0,0,0,0,0,0,0,0,0
481297,1,1,1998,0,0,0,0,0,0,0,20,0,0
481298,0,1,1998,0,0,0,0,0,0,0,0,0,0
481298,1,1,1998,0,0,0,0,0,0,0,0,0,0
481299,1,1,1998,16,16,16,16,16,16,16,16,16,16
481300,1,1,1998,0,0,0,0,0,0,0,0,0,0
481300,2,1,1998,0,0,0,0,0,0,0,0,0,0
481300,3,1,1998,0,0,0,0,0,0,0,0,0,0
481301,1,1,1998,22,0,0,0,0,0,2,0,0,17
481302,1,1,1998,12,12,12,12,12,12,12,12,12,12
481302,2,1,1998,26,24,0,0,19,0,11,0,0,0
481303,1,1,1998,0,0,0,0,0,0,0,0,16,0
481304,1,1,1998,0,0,0,0,0,0,0,0,0,0
481304,2,1,1998,0,0,0,0,0,0,0,0,0,0
481305,1,1,1998,18,18,18,18,18,18,18,18,18,18
481305,2,1,1998,0,0,0,0,0,0,0,0,0,0
481306,1,1,1998,0,0,0,0,0,0,0,0,0,0
481306,2,1,1998,0,0,0,0,0,0,0,0,0,0
481307,1,1,1998,0,0,0,0,0,0,0,0,0,0
481307,2,1,1998,11,11,11,11,11,11,11,11,11,11
481308,1,1,1998,0,0,0,0,18,0,0,0,21,0
481308,2,1,1998,0,0,0,0,0,17,0,0,27,12
481309,1,1,1998,18,18,18,18,18,18,18,18,18,18
481309,2,1,1998,0,6,0,0,0,0,0,0,0,7
481310,1,1,1998,28,0,0,0,0,0,0,0,0,0
481310,2,1,1998,19,19,19,19,19,19,19,19,19,19
481311,1,1,1998,19,19,19,19,19,19,19,19,19,19
481312,1,1,1998,0,0,0,0,0,0,0,0,0,0
481312,2,1,1998,0,0,0,0,0,0,8,0,0,0
481313,1,1,1998,0,0,0,6,4,0,0,0,21,0
481313,2,1,1998,0,0,0,0,0,0,20,0,0,0
481314,1,1,1998,30,30,30,30,30,30,30,30,30,30
481314,2,1,1998,0,0,0,19,0,0,0,0,0,0
481315,1,1,1998,0,0,0,0,0,0,0,0,0,0
481315,2,1,1998,0,0,0,0,0,0,0,0,0,0
481316,1,1,1998,20,5,12,24,11,25,10,22,20,22
481317,0,1,1998,52,26,13,0,0,21,0,0,7,18
481317,1,1,1998,15,10,6,16,21,11,14,18,0,5
481318,1,1,1998,22,22,22,22,22,22,22,22,22,22
481319,0,1,1998,28,28,28,28,28,28,28,28,28,28
481319,1,1,1998,0,0,0,0,0,0,0,0,0,0
481320,1,1,1998,17,30,22,28,35,28,18,13,21,22
481321,1,1,1998,11,11,11,11,11,11,11,11,11,11
481322,1,1,1998,0,0,0,0,0,0,0,0,0,0
481323,1,1,1998,0,0,0,0,0,0,0,0,0,0
481324,1,1,1998,0,24,0,0,0,0,0,16,0,0
481325,1,1,1998,6,19,0,0,0,0,0,0,0,0
481325,2,1,1998,0,0,0,6,0,0,0,0,0,0
481326,1,1,1998,0,0,0,0,0,0,0,0,0,0
481327,1,1,1998,31,31,31,31,31,31,31,31,31,31
481328,1,1,1998,16,22,20,21,16,14,4,19,10,10
481329,1,1,1998,0,0,0,0,0,0,17,0,0,9
481329,2,1,1998,0,0,0,0,28,0,15,0,10,10
481330,1,1,1998,0,35,0,37,12,35,26,19,25,9
481331,0,1,1998,0,0,0,0,0,0,0,0,0,0
481331,1,1,1998,6,8,24,24,43,25,15,32,0,9
481332,1,1,1998,0,0,0,13,0,19,16,22,15,17
481333,1,1,1998,18,18,18,18,18,18,18,18,18,18
481334,1,1,1998,6,6,6,6,6,6,6,6,6,6
481335,1,1,1998,11,12,0,0,0,0,0,11,13,0
481336,1,1,1998,0,0,0,0,0,0,0,0,0,0
481337,0,1,1998,31,8,0,33,4,0,21,0,16,25
481337,1,1,1998,0,0,5,0,0,0,0,7,20,8
481338,1,1,1998,19,19,19,19,19,19,19,19,19,19
481339,1,1,1998,0,0,0,0,0,0,0,0,0,0
481339,2,1,1998,0,0,0,0,0,0,0,0,0,0
481340,1,1,1998,0,0,0,0,0,4,0,14,0,0
481341,1,1,1998,0,0,0,0,0,0,0,0,0,0
481341,2,1,1998,0,0,0,0,0,0,0,0,0,0
481342,1,1,1998,0,0,0,0,0,2,23,24,0,0
481343,1,1,1998,0,0,0,0,0,0,0,0,0,0
481343,2,1,1998,0,0,0,0,0,0,0,0,0,0
481344,1,1,1998,19,19,19,19,19,19,19,19,19,19
481345,1,1,1998,0,0,0,11,3,0,0,12,0,13
481346,1,1,1998,21,0,25,13,6,0,30,24,0,24
481347,1,1,1998,0,0,0,0,0,0,0,0,0,0
481348,1,1,1998,0,0,0,0,0,0,0,0,0,0
481348,2,1,1998,0,0,0,0,0,0,0,0,0,0
481349,1,1,1998,19,19,19,19,19,19,19,19,19,19
481350,1,1,1998,29,31,19,18,14,19,17,11,19,6
481351,1,1,1998,0,0,0,0,0,0,0,0,0,0
481352,0,1,1998,17,34,15,27,0,42,34,0,28,0
481352,1,1,1998,13,9,0,11,22,10,11,0,12,23
481353,1,1,1998,0,0,0,0,0,0,0,0,0,0
481354,1,1,1998,16,0,0,0,0,0,0,8,8,6
481355,1,1,1998,13,13,13,13,13,13,13,13,13,13
481355,2,1,1998,18,18,18,18,18,18,18,18,18,18
481356,1,1,1998,0,0,0,0,0,0,0,0,0,0
481356,2,1,1998,0,21,0,0,0,0,0,6,0,0
481357,1,1,1998,0,0,0,0,0,0,0,0,0,0
481357,2,1,1998,0,0,0,0,0,0,0,0,0,0
481358,1,1,1998,25,25,25,25,25,25,25,25,25,25
481359,1,1,1998,0,0,0,0,0,0,0,0,0,0
481359,2,1,1998,0,0,0,0,0,0,0,0,0,0
481359,3,1,1998,20,6,11,18,19,7,27,7,17,13
481360,0,1,1998,0,0,0,0,0,0,0,0,0,0
481360,1,1,1998,14,0,0,0,10,26,13,0,15,14
481361,1,1,1998,15,15,15,15,15,15,15,15,15,15
481362,1,1,1998,0,0,0,0,0,0,0,0,0,0
481363,1,1,1998,24,16,0,0,0,23,26,0,0,0
481363,2,1,1998,0,0,0,0,8,0,0,0,9,0
481364,1,1,1998,0,0,0,0,11,0,0,0,18,0
481364,2,1,1998,0,0,0,0,0,0,0,0,0,0
481365,0,1,1998,0,0,0,0,0,0,0,0,0,0
481365,1,1,1998,0,0,0,0,0,0,0,0,0,0
481366,1,1,1998,0,0,0,0,0,0,0,0,0,0
481367,0,1,1998,0,0,0,0,0,0,0,0,0,0
481367,1,1,1998,0,7,0,0,0,0,0,0,0,0
481368,1,1,1998,11,31,0,22,19,14,19,17,25,21
481369,1,1,1998,10,10,10,10,10,10,10,10,10,10
481369,2,1,1998,0,0,0,0,0,0,0,0,0,0
481370,1,1,1998,0,0,0,44,0,0,0,0,0,0
481370,2,1,1998,0,0,0,0,0,0,0,0,7,0
481371,1,1,1998,18,18,18,18,18,18,18,18,18,18
481372,1,1,1998,0,0,0,0,0,0,0,0,0,0
481373,1,1,1998,0,16,0,0,0,0,0,0,0,0
481373,2,1,1998,0,0,0,0,0,0,0,0,0,0
481374,1,1,1998,12,12,12,12,12,12,12,12,12,12
481374,2,1,1998,11,20,20,3,14,16,16,8,23,22
481375,1,1,1998,0,0,0,0,0,0,0,0,0,0
481375,2,1,1998,8,0,0,0,0,0,0,0,0,16
481376,1,1,1998,16,16,16,16,16,16,16,16,16,16
481377,1,1,1998,3,3,3,3,3,3,3,3,3,3