ST_CASE,VEH_NO,PER_NO,YEAR,P1,P2,P3,P4,P5,P6,P7,P8,P9,P10
482722,1,1,1998,20,20,20,20,20,20,20,20,20,20
482722,2,1,1998,0,0,0,0,0,0,0,0,0,0
482723,0,1,1998,0,0,0,0,0,14,0,0,0,0
482723,0,2,1998,0,0,0,7,0,0,0,0,0,0
482723,1,1,1998,0,0,6,0,0,0,0,0,0,1
482724,1,1,1998,0,0,0,0,0,0,0,0,0,0
482724,2,1,1998,0,0,0,0,0,10,0,0,0,0
482724,3,1,1998,0,0,4,0,0,0,0,0,0,0
482725,1,1,1998,13,0,0,0,0,8,10,7,24,9
482726,1,1,1998,0,0,0,0,0,0,0,0,0,0
482726,2,1,1998,0,0,0,0,0,0,0,0,4,0
482727,1,1,1998,7,7,7,7,7,7,7,7,7,7
482728,1,1,1998,0,0,0,0,0,0,0,0,0,0
482728,2,1,1998,14,14,14,14,14,14,14,14,14,14
482729,1,1,1998,0,0,0,0,0,0,0,0,0,0
482729,2,1,1998,0,0,0,0,0,0,0,0,0,0
482730,0,1,1998,0,9,0,0,0,0,0,0,0,0
482730,0,2,1998,0,0,0,0,2,20,0,0,0,17
482730,1,1,1998,15,0,0,0,4,0,0,0,0,0
482731,1,1,1998,20,20,20,20,20,20,20,20,20,20
482732,1,1,1998,0,0,0,0,2,0,0,0,0,0
482733,1,1,1998,0,0,0,0,0,0,0,0,0,0
482733,2,1,1998,0,0,0,0,0,0,0,0,0,0
482734,1,1,1998,0,0,0,25,0,0,0,0,0,0
482734,2,1,1998,0,15,0,24,7,0,11,19,0,0
482735,1,1,1998,0,0,0,0,0,0,0,0,0,0
482735,2,1,1998,0,0,0,0,0,0,0,0,0,0
482736,1,1,1998,25,25,25,25,25,25,25,25,25,25
482736,2,1,1998,0,18,0,0,0,0,0,0,0,0
482737,1,1,1998,0,17,29,23,9,0,13,0,0,0
482738,1,1,1998,0,0,0,0,0,0,0,0,0,0
482738,2,1,1998,12,12,12,12,12,12,12,12,12,12
482739,1,1,1998,2,2,2,2,2,2,2,2,2,2
482740,0,1,1998,9,0,17,33,0,0,0,0,21,18
482740,1,1,1998,16,15,0,0,15,37,0,32,19,0
482741,1,1,1998,15,14,10,20,13,8,18,23,14,28
482742,1,1,1998,0,0,0,0,0,0,0,0,0,0
482743,1,1,1998,0,0,0,0,0,0,0,0,0,0
482744,1,1,1998,0,0,0,0,0,0,0,0,0,0
482744,2,1,1998,0,0,0,0,0,0,0,0,0,0
482745,1,1,1998,0,5,0,0,0,8,0,13,20,24
482746,1,1,1998,0,0,20,0,0,15,0,11,0,0
482747,1,1,1998,9,4,10,3,16,15,1,11,11,18
482748,1,1,1998,0,0,0,0,0,0,0,0,0,0
482748,2,1,1998,0,0,0,0,0,0,0,0,0,0
482749,0,1,1998,9,24,21,15,14,22,16,26,26,30
482749,1,1,1998,0,0,0,0,0,0,0,0,0,0
482750,1,1,1998,0,0,0,0,0,0,0,0,0,0
482751,0,1,1998,0,0,0,0,0,0,0,0,0,0
482751,1,1,1998,17,0,0,0,0,12,0,16,0,12
482752,1,1,1998,0,0,0,0,0,0,0,0,0,0
482752,2,1,1998,0,0,22,0,23,0,0,0,0,0
482753,1,1,1998,12,12,12,12,12,12,12,12,12,12
482754,0,1,1998,0,0,0,0,0,0,0,0,0,0
482754,1,1,1998,11,15,19,10,19,6,12,14,15,14
482755,1,1,1998,0,0,0,0,17,0,4,16,6,15
482755,2,1,1998,0,0,0,0,22,0,0,0,0,0
482755,3,1,1998,0,0,0,0,0,0,0,0,0,0
482755,4,1,1998,0,0,0,0,9,0,0,0,0,0
482756,1,1,1998,31,16,29,0,7,25,14,15,19,23
482757,1,1,1998,14,0,17,9,21,21,25,15,18,11
482758,0,1,1998,0,10,0,54,0,0,0,0,0,0
482758,1,1,1998,0,0,0,0,0,9,0,0,0,0
482758,2,1,1998,0,0,0,0,0,0,0,0,0,0
482759,1,1,1998,13,11,21,9,11,7,16,20,0,17
482759,2,1,1998,13,21,11,14,8,26,13,18,10,20
482760,1,1,1998,0,0,0,0,0,0,0,0,0,0
482760,2,1,1998,0,20,0,0,0,0,0,0,0,0
482761,1,1,1998,0,7,0,15,0,0,0,5,27,25
482762,1,1,1998,0,0,0,0,0,0,0,0,0,0
482763,1,1,1998,0,0,0,0,0,0,0,0,0,0
482763,2,1,1998,0,0,0,0,0,0,0,0,0,0
482764,0,1,1998,0,34,3,16,36,21,18,20,15,27
482764,1,1,1998,0,0,0,0,21,0,0,0,0,0
482765,0,1,1998,19,21,11,0,0,0,0,0,17,10
482765,1,1,1998,0,0,0,0,0,0,0,0,32,0
482766,1,1,1998,0,0,0,0,4,0,0,0,0,0
482766,2,1,1998,0,0,0,0,0,0,0,0,0,0
482767,1,1,1998,0,13,21,0,5,13,9,5,13,9
482767,2,1,1998,0,26,14,0,0,0,0,0,21,0
482768,1,1,1998,0,0,0,0,0,0,0,0,0,0
482768,2,1,1998,0,0,0,0,0,0,0,0,0,0
482769,1,1,1998,0,0,0,0,0,0,0,0,0,0
482769,2,1,1998,0,0,0,0,0,0,0,0,0,0
482770,0,1,1998,0,33,15,0,0,0,18,0,0,0
482770,1,1,1998,0,0,0,0,0,0,6,0,0,0
482771,1,1,1998,0,0,0,24,0,0,0,0,24,0
482771,2,1,1998,0,0,0,3,0,0,0,0,0,0
482771,3,1,1998,0,0,0,0,0,0,0,0,0,0
482772,1,1,1998,0,0,0,0,0,0,0,0,0,0
482772,2,1,1998,17,17,17,17,17,17,17,17,17,17
482772,3,1,1998,2,2,2,2,2,2,2,2,2,2
482773,1,1,1998,13,13,26,0,0,7,21,39,0,6
482774,1,1,1998,23,23,23,23,23,23,23,23,23,23
482774,2,1,1998,16,0,17,24,15,0,19,0,0,0
482775,0,1,1998,3,0,0,20,7,0,0,23,0,0
482775,1,1,1998,0,20,0,0,0,10,0,6,0,0
482776,1,1,1998,24,24,24,24,24,24,24,24,24,24
482777,1,1,1998,0,0,0,0,11,13,15,0,7,0
482777,2,1,1998,0,0,0,0,0,0,0,0,0,0
482778,1,1,1998,0,0,14,16,0,12,0,39,19,0
482779,1,1,1998,22,15,9,0,0,0,0,24,0,0
482780,1,1,1998,12,0,0,11,0,0,0,0,0,0
482780,2,1,1998,12,0,0,0,0,0,0,0,0,0
482781,0,1,1998,8,0,4,12,27,28,0,21,23,0
482781,1,1,1998,0,13,0,12,9,0,22,0,0,16
482782,0,1,1998,24,38,14,0,20,0,31,28,26,29
482782,1,1,1998,14,14,14,14,14,14,14,14,14,14
482783,1,1,1998,0,0,0,0,0,0,0,0,0,0
482783,2,1,1998,0,15,0,0,0,0,19,0,25,0
482784,1,1,1998,0,0,0,0,0,0,0,0,0,0
482784,2,1,1998,7,11,13,10,17,4,0,4,2,10
482785,1,1,1998,0,0,0,12,0,15,7,19,0,9
482786,0,1,1998,7,10,0,17,11,0,0,6,0,6
482786,1,1,1998,0,6,0,17,9,13,0,0,6,0
482787,1,1,1998,23,0,24,27,19,16,0,24,0,0
482788,1,1,1998,0,0,0,0,0,0,0,0,0,0
482788,2,1,1998,0,0,0,0,0,0,0,0,0,0
482789,0,1,1998,0,0,0,0,0,0,0,13,0,27
482789,0,2,1998,0,0,0,0,0,0,0,0,0,0
482789,1,1,1998,0,0,0,0,0,0,0,0,0,0
482790,1,1,1998,0,0,0,0,0,0,0,0,0,0
482791,1,1,1998,0,0,0,0,0,0,0,0,0,0
482791,2,1,1998,0,0,0,0,0,0,0,0,0,0
482792,1,1,1998,0,13,0,0,15,0,15,0,0,0
482792,2,1,1998,0,10,0,0,0,0,0,0,0,0
482793,1,1,1998,0,0,0,0,0,0,14,0,0,0
482794,1,1,1998,22,22,22,22,22,22,22,22,22,22
482795,1,1,1998,38,9,11,27,0,15,22,19,0,0
482796,1,1,1998,0,0,0,0,0,0,0,0,0,3
482797,1,1,1998,0,0,0,0,0,0,0,0,0,0
482797,2,1,1998,0,0,0,0,0,0,0,0,0,0
482798,1,1,1998,15,15,15,15,15,15,15,15,15,15
482798,2,1,1998,0,0,0,22,0,0,18,0,13,0
482799,1,1,1998,0,0,0,13,0,0,0,0,0,0
482799,2,1,1998,29,29,29,29,29,29,29,29,29,29
482800,1,1,1998,0,0,0,0,0,0,0,0,0,0
482800,2,1,1998,0,0,0,0,0,0,0,0,0,0
482800,3,1,1998,0,0,12,0,18,0,0,0,0,0
482800,4,1,1998,0,0,0,0,0,0,0,0,0,0
482801,1,1,1998,0,0,0,0,0,0,0,0,0,0
482801,2,1,1998,21,21,21,21,21,21,21,21,21,21
482802,1,1,1998,39,22,26,33,15,18,15,9,0,24
482803,1,1,1998,0,0,0,0,0,0,0,0,0,0
482803,2,1,1998,0,0,0,0,14,0,20,0,0,5
482803,3,1,1998,0,13,0,0,0,2,0,0,0,0
482803,4,1,1998,0,12,36,19,6,9,0,21,13,0
482804,1,1,1998,26,26,26,26,26,26,26,26,26,26
482805,1,1,1998,0,0,0,0,0,0,0,0,0,0
482806,1,1,1998,0,0,0,0,0,0,0,24,0,0
482807,1,1,1998,0,0,0,0,0,0,0,0,0,0
482807,2,1,1998,0,0,0,0,0,0,0,0,0,0
482807,3,1,1998,0,0,0,0,0,0,0,0,0,0
482808,1,1,1998,12,0,0,10,0,18,11,10,11,25
482809,1,1,1998,0,0,7,0,0,0,0,0,0,0
482810,1,1,1998,11,20,0,17,0,8,29,23,41,32
482811,1,1,1998,0,0,0,0,0,0,0,0,0,0
482811,2,1,1998,0,0,0,0,0,0,0,0,0,0
482812,1,1,1998,0,10,0,0,0,0,0,0,0,0
482812,2,1,1998,0,0,0,0,0,0,0,0,0,0
482813,1,1,1998,0,0,0,0,18,30,0,0,0,0
482813,2,1,1998,0,16,8,0,0,0,4,0,0,0
482814,0,1,1998,0,0,0,0,0,0,0,0,0,0
482814,1,1,1998,0,0,0,0,0,0,0,0,0,0
482815,1,1,1998,0,0,0,0,0,11,0,0,13,0
482815,2,1,1998,12,8,7,0,14,0,6,7,18,10
482815,3,1,1998,0,0,0,0,0,0,0,0,0,0
482815,4,1,1998,0,0,0,10,0,20,0,0,0,6
482815,5,1,1998,0,0,9,0,14,0,0,0,0,0
482816,1,1,1998,0,0,0,0,0,0,0,0,0,0
482817,1,1,1998,0,0,0,0,0,0,0,0,0,0
482818,1,1,1998,0,0,0,0,0,0,0,0,0,0
482819,1,1,1998,18,18,18,18,18,18,18,18,18,18
482820,0,1,1998,0,0,0,0,0,0,0,0,0,0
482820,1,1,1998,0,0,0,0,0,0,0,0,0,0
482821,1,1,1998,0,0,0,0,0,0,0,0,0,0
482821,2,1,1998,0,0,0,0,0,0,0,0,0,0
482822,1,1,1998,0,0,33,0,0,0,0,0,7,0
482823,1,1,1998,0,0,8,0,16,0,0,0,0,0
482824,1,1,1998,0,18,6,0,19,22,16,11,12,30
482825,0,1,1998,0,0,0,0,0,0,0,0,0,0
482825,1,1,1998,0,0,6,0,0,0,0,0,0,0
482826,1,1,1998,0,0,0,0,0,0,0,0,0,0
482827,1,1,1998,0,0,0,0,0,0,0,0,0,0
482827,2,1,1998,0,0,0,0,0,0,0,0,0,0
482828,1,1,1998,19,19,19,19,19,19,19,19,19,19
482829,1,1,1998,0,0,0,0,24,0,24,0,19,0
482830,0,1,1998,0,0,0,0,0,0,0,0,11,0
482830,1,1,1998,0,0,0,0,0,0,0,0,0,15
482831,1,1,1998,0,0,0,0,0,0,0,0,0,0
482831,2,1,1998,0,0,0,0,0,0,0,0,0,0
482832,1,1,1998,0,0,0,0,0,0,0,0,0,0
482833,1,1,1998,0,0,0,0,0,0,0,0,0,0
482833,2,1,1998,0,0,0,0,0,0,0,0,0,0
482834,1,1,1998,0,0,0,0,0,16,0,0,0,0
482834,2,1,1998,0,0,0,0,0,0,0,0,0,0
482835,1,1,1998,17,17,17,17,17,17,17,17,17,17
482836,1,1,1998,10,10,10,10,10,10,10,10,10,10
482836,2,1,1998,0,7,18,27,21,0,0,13,5,27
482837,1,1,1998,0,0,0,0,0,0,0,0,0,0
482837,2,1,1998,0,0,0,0,0,0,0,12,0,5
482838,1,1,1998,11,11,11,11,11,11,11,11,11,11
482839,1,1,1998,0,0,0,0,0,0,0,0,0,0
482840,1,1,1998,0,0,0,0,0,0,0,0,0,0
482840,2,1,1998,0,0,0,0,0,0,0,0,0,0
482841,1,1,1998,0,0,0,0,0,0,0,0,0,0
482841,2,1,1998,0,0,0,0,0,0,0,0,0,0
482842,0,1,1998,0,64,35,0,40,20,16,18,12,13
482842,0,2,1998,0,22,14,0,13,0,37,0,17,19
482842,1,1,1998,0,0,0,21,0,6,0,0,0,14
482842,2,1,1998,0,0,0,0,0,0,0,0,0,0
482843,1,1,1998,5,5,5,5,5,5,5,5,5,5
482844,1,1,1998,0,0,0,0,0,0,0,0,0,0
482845,1,1,1998,16,16,16,16,16,16,16,16,16,16
482845,2,1,1998,0,0,12,15,0,0,0,0,23,24
482846,1,1,1998,8,0,0,7,21,16,0,0,8,0
482847,0,1,1998,13,0,0,0,11,0,0,20,0,28
482847,1,1,1998,5,0,0,12,32,0,0,0,0,0
482848,1,1,1998,0,0,0,0,0,0,0,0,0,0
482849,1,1,1998,0,23,0,0,0,0,0,0,4,6
482850,0,1,1998,38,19,0,0,11,0,0,20,19,0
482850,1,1,1998,0,11,0,0,0,0,0,10,0,0
482850,2,1,1998,0,13,0,0,19,0,0,0,0,0
482851,1,1,1998,4,4,4,4,4,4,4,4,4,4
482853,1,1,1998,0,0,0,0,0,0,0,0,0,0
482853,2,1,1998,0,0,0,0,0,0,0,0,0,0
482854,1,1,1998,0,0,0,0,0,0,0,0,0,0
482854,2,1,1998,0,0,0,0,0,0,0,0,0,0
482855,1,1,1998,0,0,0,0,0,0,0,0,0,0
482855,2,1,1998,0,0,0,0,0,0,0,0,0,0
482856,1,1,1998,0,0,0,0,0,0,0,0,0,0
482856,2,1,1998,0,0,0,0,0,0,0,0,0,0
482857,1,1,1998,0,0,0,0,0,0,0,0,0,0
482857,2,1,1998,28,0,19,0,0,0,0,0,0,0
482858,1,1,1998,20,9,22,21,31,21,0,14,37,15
482859,1,1,1998,0,0,0,0,0,0,0,0,0,0
482859,2,1,1998,0,0,0,0,0,0,0,0,0,0
482859,3,1,1998,0,0,0,0,0,0,0,0,0,0
482860,1,1,1998,11,12,0,16,1,21,0,0,16,9
482861,1,1,1998,0,0,19,0,0,27,0,0,11,0
482862,1,1,1998,27,27,27,27,27,27,27,27,27,27
482863,1,1,1998,0,0,0,0,0,0,0,0,0,0
482863,2,1,1998,0,0,0,0,0,0,0,0,0,0
482864,1,1,1998,0,0,0,0,0,0,0,0,0,0
482864,2,1,1998,0,0,0,0,0,0,0,0,0,0
482864,3,1,1998,0,0,0,0,0,0,0,0,0,0
482865,1,1,1998,0,0,0,0,0,0,0,0,0,0
482866,1,1,1998,0,8,0,0,0,10,0,0,0,0
482866,2,1,1998,0,0,8,0,14,0,6,0,0,0
482867,0,1,1998,9,21,0,0,0,9,0,0,23,0
482867,1,1,1998,0,8,0,0,0,0,0,0,0,0
482868,0,1,1998,0,0,0,0,0,0,9,0,0,0
482868,1,1,1998,0,0,0,0,0,0,0,0,0,0
482869,1,1,1998,0,0,0,0,0,0,0,0,0,0
482869,2,1,1998,4,0,0,0,0,0,0,0,0,0
482869,3,1,1998,0,0,0,0,0,0,0,0,0,0
482870,1,1,1998,0,0,0,0,0,0,0,0,0,0
482871,1,1,1998,0,0,0,0,0,0,0,0,0,0
482872,1,1,1998,0,0,4,0,0,0,0,0,0,0
482872,2,1,1998,0,0,0,0,0,0,0,0,0,0
482873,1,1,1998,0,0,8,0,0,31,14,20,0,0
482874,1,1,1998,22,22,22,22,22,22,22,22,22,22
482875,1,1,1998,0,0,0,0,0,0,0,0,0,0
482875,2,1,1998,0,0,0,0,0,0,0,0,0,0
482876,1,1,1998,0,0,0,0,0,0,0,0,0,0
482876,2,1,1998,0,0,0,0,0,0,0,0,0,0
482877,1,1,1998,0,0,0,0,0,0,0,0,0,0
482877,2,1,1998,0,16,0,0,0,0,0,0,0,0
482878,1,1,1998,3,3,3,3,3,3,3,3,3,3
482878,2,1,1998,0,0,0,0,0,0,0,0,0,0
482878,3,1,1998,0,0,0,0,0,0,0,0,0,0
482879,1,1,1998,0,0,0,0,0,0,0,0,0,0
482879,2,1,1998,0,0,0,0,0,0,0,0,0,0
482880,1,1,1998,0,0,11,0,0,0,0,0,0,0
482880,2,1,1998,0,0,0,0,0,0,0,0,0,0
482881,1,1,1998,0,0,0,0,0,0,0,0,0,0
482881,2,1,1998,0,0,0,0,0,0,0,0,0,0
482882,1,1,1998,0,0,0,0,0,0,0,0,0,0
482883,1,1,1998,11,11,11,11,11,11,11,11,11,11
482884,1,1,1998,27,27,27,27,27,27,27,27,27,27
482885,1,1,1998,0,0,0,0,0,25,4,0,0,0
482885,2,1,1998,0,0,0,0,0,0,0,0,0,0
482886,0,1,1998,32,32,32,32,32,32,32,32,32,32
482886,1,1,1998,0,0,0,0,0,0,0,0,0,0
482887,1,1,1998,14,15,19,0,0,9,0,9,0,0
482888,1,1,1998,4,0,0,0,0,0,0,0,0,0
482888,2,1,1998,0,6,3,0,0,9,0,0,0,0
482888,3,1,1998,0,0,0,0,20,0,11,11,0,5
482889,0,1,1998,0,21,53,18,0,16,11,12,0,0
482889,1,1,1998,0,5,0,0,0,0,9,0,0,0
482890,1,1,1998,0,0,0,0,0,0,0,0,0,0
482890,2,1,1998,0,0,0,0,0,0,0,9,0,0
482891,1,1,1998,0,0,0,0,0,0,0,0,0,0
482891,2,1,1998,13,12,12,10,0,22,0,14,0,0
482892,1,1,1998,0,0,0,0,0,0,0,0,0,0
482892,2,1,1998,0,0,0,0,0,0,0,0,0,0
482892,3,1,1998,0,0,0,0,0,0,0,0,0,0
482892,4,1,1998,0,0,0,0,0,0,9,0,0,0
482893,1,1,1998,10,0,0,0,0,0,10,0,0,0
482893,2,1,1998,0,16,0,14,0,0,0,0,31,8
482893,3,1,1998,0,8,0,0,0,0,17,0,0,15
482894,1,1,1998,2,0,0,0,0,0,0,13,0,0
482895,0,1,1998,0,32,0,0,26,0,25,0,17,18
482895,1,1,1998,0,0,18,0,0,0,0,0,0,0
482895,2,1,1998,0,0,0,0,0,0,0,0,0,0
482896,1,1,1998,0,0,0,0,0,0,0,0,0,0
482896,2,1,1998,0,0,0,0,0,0,0,0,0,0
482897,0,1,1998,0,0,0,0,0,0,0,0,0,0
482897,1,1,1998,0,0,0,0,0,0,0,0,0,0
482898,1,1,1998,23,23,23,23,23,23,23,23,23,23
482898,2,1,1998,0,0,0,0,0,0,0,0,0,0
482899,1,1,1998,0,0,0,0,0,12,0,0,0,0
482899,2,1,1998,0,0,0,0,0,0,0,0,0,0
482900,1,1,1998,15,15,15,15,15,15,15,15,15,15
482901,1,1,1998,0,0,0,0,0,0,0,0,0,0
482901,2,1,1998,0,0,0,0,0,0,0,0,32,0
482902,1,1,1998,9,0,10,0,12,0,0,0,6,0
482902,2,1,1998,0,0,0,0,0,0,0,0,0,0
482903,1,1,1998,0,0,0,0,0,0,0,0,0,0
482903,2,1,1998,0,0,0,0,0,0,0,0,0,0
482903,3,1,1998,0,0,0,0,0,0,0,0,0,0
482903,4,1,1998,0,0,0,0,0,0,0,0,0,0
482904,1,1,1998,0,0,0,0,20,0,0,0,0,0
482905,1,1,1998,0,0,0,0,0,6,0,0,0,0
482905,2,1,1998,0,0,4,0,0,0,0,0,0,0
482906,0,1,1998,0,0,14,0,0,0,0,0,0,0
482906,1,1,1998,0,0,0,0,0,0,0,0,15,12
482907,0,1,1998,24,21,3,13,5,0,0,0,16,3
482907,1,1,1998,0,0,0,0,0,0,0,10,6,0
482907,2,1,1998,0,0,17,5,0,0,19,0,0,0
482908,1,1,1998,7,0,0,23,12,0,0,0,0,5
482908,2,1,1998,0,24,14,0,31,0,10,0,9,10
482908,3,1,1998,13,0,16,0,0,18,0,0,20,0
482909,1,1,1998,0,0,11,0,0,0,0,0,12,0
482909,2,1,1998,0,0,0,0,21,0,0,0,0,0
482910,1,1,1998,0,0,0,0,0,0,0,0,0,0
482910,2,1,1998,0,0,0,0,0,0,0,0,0,0
482910,3,1,1998,0,0,0,0,0,0,0,18,0,0
482911,1,1,1998,17,0,17,20,23,35,0,0,15,0
482912,1,1,1998,21,21,21,21,21,21,21,21,21,21
482913,0,1,1998,11,8,11,0,0,0,9,0,0,22
482913,1,1,1998,12,7,12,17,17,27,17,10,22,12
482914,1,1,1998,0,0,0,0,0,0,0,0,0,0
482914,2,1,1998,0,0,0,0,0,0,0,0,0,0
482915,0,1,1998,0,0,0,10,0,0,0,0,27,10
482915,1,1,1998,0,9,0,14,0,0,16,0,13,0
482916,1,1,1998,0,23,0,17,0,0,0,6,0,0
482917,1,1,1998,0,0,0,0,0,0,0,0,0,0
482917,2,1,1998,0,0,0,0,0,0,0,0,0,0
482918,0,1,1998,7,7,7,7,7,7,7,7,7,7
482918,1,1,1998,19,6,0,5,0,28,0,0,0,0
482919,1,1,1998,0,0,0,0,0,0,0,0,0,0
482919,2,1,1998,0,0,0,0,0,0,17,0,0,0
482919,3,1,1998,0,0,0,0,0,0,0,0,11,0
482920,1,1,1998,0,0,0,0,0,0,27,0,0,0
482921,1,1,1998,0,0,0,0,0,0,0,0,0,0
482921,2,1,1998,0,0,0,0,0,0,0,0,0,0
482922,1,1,1998,0,0,0,0,0,0,0,0,0,0
482922,2,1,1998,0,0,0,0,0,0,0,0,0,0
482923,1,1,1998,0,12,0,0,8,0,0,0,0,2
482924,1,1,1998,0,0,0,0,0,0,0,0,0,0
482924,2,1,1998,0,0,0,0,0,0,0,0,0,0
482925,1,1,1998,0,0,0,0,0,0,0,0,0,0
482925,2,1,1998,0,0,0,0,0,0,0,0,0,0
482925,3,1,1998,0,0,0,0,0,0,0,0,0,0
482925,4,1,1998,0,0,0,0,0,0,0,0,0,0
482926,1,1,1998,24,0,27,21,33,25,15,24,27,13
482927,0,1,1998,14,10,0,0,0,20,16,10,0,0
482927,1,1,1998,11,0,40,26,25,3,7,14,0,0
482928,1,1,1998,17,17,17,17,17,17,17,17,17,17
482929,1,1,1998,0,0,0,0,0,0,0,0,0,0
482930,1,1,1998,16,16,16,16,16,16,16,16,16,16
482930,2,1,1998,0,0,0,0,0,0,0,0,0,0
482931,1,1,1998,17,19,0,0,17,27,0,0,3,0
482932,1,1,1998,16,0,0,0,0,0,27,25,0,0
482932,2,1,1998,0,0,0,0,0,0,0,0,0,0
482932,3,1,1998,11,0,0,27,0,0,0,4,0,0
482933,1,1,1998,0,0,0,0,0,0,0,0,0,0
482933,2,1,1998,0,0,19,0,0,0,0,0,0,0
482934,1,1,1998,0,0,0,10,0,0,0,0,0,0
482935,1,1,1998,18,18,18,18,18,18,18,18,18,18
482936,1,1,1998,10,0,3,25,15,0,0,14,17,0
482936,2,1,1998,18,23,16,11,0,11,0,21,0,12
482937,1,1,1998,7,8,13,0,20,4,0,7,0,7
482937,2,1,1998,0,0,0,0,0,0,0,0,0,0
482937,3,1,1998,0,0,0,0,7,0,11,0,0,0
482938,1,1,1998,0,0,0,0,0,0,0,0,0,0
482938,2,1,1998,0,0,0,0,0,0,0,0,0,0
482939,1,1,1998,0,0,0,0,9,0,16,13,0,37
482940,1,1,1998,23,23,23,23,23,23,23,23,23,23
482941,1,1,1998,0,20,0,0,0,0,0,0,0,0
482941,2,1,1998,0,0,0,0,0,17,0,0,0,0
482942,1,1,1998,13,0,0,0,0,0,32,40,0,8
482942,2,1,1998,40,0,0,15,0,0,15,0,0,0
482943,0,1,1998,28,28,28,28,28,28,28,28,28,28
482943,1,1,1998,0,0,0,0,0,0,0,0,0,0
482944,1,1,1998,0,0,0,0,0,0,0,0,0,0
482945,1,1,1998,0,0,0,0,0,0,0,0,0,0
482945,2,1,1998,0,0,0,0,0,0,0,0,0,0
482946,1,1,1998,0,0,0,0,0,0,0,0,0,0
482946,2,1,1998,0,0,0,0,0,0,0,0,0,0
482947,1,1,1998,0,0,0,0,0,0,0,0,0,0
482948,1,1,1998,0,0,0,6,0,0,0,0,12,0
482949,1,1,1998,0,18,0,0,0,0,0,0,24,0
482950,1,1,1998,0,0,0,0,0,0,0,0,0,0
482950,2,1,1998,0,0,0,0,0,0,0,0,0,0
482951,1,1,1998,0,0,0,0,0,0,0,0,0,0
482951,2,1,1998,0,0,0,0,0,0,0,0,0,0
482951,3,1,1998,0,0,0,0,0,0,0,0,0,0
482952,1,1,1998,0,0,0,21,0,19,31,0,7,10
482953,1,1,1998,8,16,21,0,23,23,0,23,24,8
482954,1,1,1998,0,0,0,0,0,10,0,0,0,0
482954,2,1,1998,0,0,0,0,0,0,0,0,0,0
482955,1,1,1998,0,0,0,0,6,0,0,0,13,0
482956,1,1,1998,0,0,0,20,0,0,0,0,0,19
482957,1,1,1998,15,17,21,16,11,0,15,9,8,11
482958,1,1,1998,0,0,0,0,0,0,0,0,0,0
482959,0,1,1998,13,13,13,13,13,13,13,13,13,13
482959,1,1,1998,8,9,14,11,17,0,8,7,11,11
482960,1,1,1998,0,0,17,0,0,0,0,0,0,0
482961,1,1,1998,0,0,0,0,0,0,10,0,0,0
482962,1,1,1998,31,7,13,32,17,39,7,13,18,19
482963,1,1,1998,21,18,19,25,12,11,19,12,18,0
482964,1,1,1998,14,0,0,0,13,6,0,0,0,0
482964,2,1,1998,0,0,0,0,0,3,0,0,0,0
482964,3,1,1998,0,0,9,0,7,4,13,15,7,0
482964,4,1,1998,0,0,0,0,0,0,0,0,0,0
482964,5,1,1998,0,0,0,0,0,0,0,0,0,2
482964,6,1,1998,0,0,0,9,0,12,0,0,6,0
482964,7,1,1998,0,0,0,0,14,10,0,0,16,0
482964,8,1,1998,14,0,0,15,0,16,0,9,0,0
482964,9,1,1998,0,21,0,0,0,0,0,0,0,0
482964,10,1,1998,20,0,10,19,0,0,0,0,0,0
482964,11,1,1998,0,19,0,0,0,9,9,18,20,0
482964,12,1,1998,7,0,0,0,0,6,0,0,5,0
482964,13,1,1998,0,9,0,0,0,0,0,0,0,5
482964,14,1,1998,16,15,0,0,13,0,4,17,0,0
482964,15,1,1998,0,0,4,0,8,0,0,0,0,0
482964,16,1,1998,0,20,0,0,8,0,0,11,0,0
482964,17,1,1998,0,0,21,13,0,0,0,0,12,0
482964,18,1,1998,0,15,15,0,0,0,0,0,0,7
482964,19,1,1998,3,0,0,0,0,0,0,0,0,0
482965,1,1,1998,0,0,0,0,0,0,0,0,0,0
482965,2,1,1998,7,0,0,0,6,0,0,14,0,29
482965,3,1,1998,0,0,0,0,0,0,0,0,0,0
482965,4,1,1998,15,0,0,0,0,0,0,0,0,0
482965,5,1,1998,0,0,0,0,0,0,0,0,0,0
482965,6,1,1998,0,0,0,0,20,0,0,0,0,0
482965,7,1,1998,31,0,0,24,16,0,9,10,0,0
482965,8,1,1998,0,0,10,0,0,0,0,0,0,0
482965,9,1,1998,6,3,0,0,25,0,0,0,0,0
482965,10,1,1998,12,22,7,0,0,0,5,0,0,0
482965,11,1,1998,0,0,0,0,0,0,0,0,0,0
482965,12,1,1998,18,0,17,0,14,0,14,22,12,14
482965,13,1,1998,0,0,0,0,0,0,0,11,17,9
482965,14,1,1998,7,0,0,0,0,0,0,0,0,0
482965,15,1,1998,10,0,0,15,0,0,0,0,0,0
482965,16,1,1998,11,13,17,0,5,0,0,0,0,0
482965,17,1,1998,0,0,0,12,0,8,0,0,0,0
482965,18,1,1998,15,0,20,0,0,0,19,6,0,0
482965,19,1,1998,0,16,0,11,0,0,0,0,0,0
482965,20,1,1998,0,12,22,0,0,0,19,0,9,10