ST_CASE,VEH_NO,PER_NO,YEAR,P1,P2,P3,P4,P5,P6,P7,P8,P9,P10
510235,1,1,1998,0,0,0,0,0,0,0,0,0,0
510235,2,1,1998,0,0,0,0,0,0,0,0,0,0
510236,1,1,1998,0,0,0,0,0,0,0,0,0,0
510237,1,1,1998,0,0,0,7,0,0,0,0,0,0
510238,1,1,1998,0,0,0,0,0,0,0,0,0,0
510238,2,1,1998,0,0,12,7,0,0,0,0,0,0
510239,1,1,1998,12,12,12,12,12,12,12,12,12,12
510240,1,1,1998,0,0,0,0,0,0,0,0,0,0
510240,2,1,1998,0,0,0,0,0,0,0,0,0,0
510241,1,1,1998,0,15,0,0,0,0,0,0,0,17
510241,2,1,1998,11,22,16,0,8,17,26,21,9,18
510242,1,1,1998,24,23,4,9,15,24,16,27,34,19
510243,1,1,1998,0,0,0,0,0,0,0,0,0,0
510244,0,1,1998,0,0,0,0,0,0,0,0,0,0
510244,1,1,1998,0,0,0,0,0,0,0,0,0,0
510245,1,1,1998,0,0,0,0,0,0,0,0,0,11
510246,1,1,1998,26,26,26,26,26,26,26,26,26,26
510247,1,1,1998,23,23,23,23,23,23,23,23,23,23
510249,1,1,1998,0,0,0,0,0,0,0,0,0,0
510249,2,1,1998,0,0,0,0,0,0,0,0,0,0
510251,1,3,1998,0,17,0,20,11,15,26,20,19,10
510252,1,1,1998,0,0,0,0,0,0,0,0,0,0
510252,2,1,1998,0,0,0,0,0,0,0,0,0,0
510253,1,1,1998,19,10,0,0,0,0,0,0,0,0
510253,2,1,1998,0,0,0,7,0,0,0,0,0,0
510254,1,1,1998,0,0,0,0,0,19,0,0,0,0
510254,2,1,1998,20,0,13,0,0,15,28,0,0,0
510255,1,1,1998,0,0,0,0,0,0,0,0,0,0
510255,2,1,1998,3,3,3,3,3,3,3,3,3,3
510256,0,1,1998,13,13,13,13,13,13,13,13,13,13
510256,1,1,1998,0,10,0,0,0,0,0,0,0,0
510257,1,1,1998,0,0,0,0,0,0,0,0,0,0
510258,1,1,1998,0,0,0,0,0,0,0,0,0,0
510259,1,1,1998,0,0,0,0,0,0,0,0,0,0
510260,0,1,1998,0,0,0,0,0,0,0,0,0,0
510260,1,1,1998,0,2,10,16,20,11,16,0,20,0
510261,1,1,1998,0,0,0,0,0,0,0,0,0,0
510262,1,1,1998,0,0,0,0,0,0,0,0,0,3
510262,2,1,1998,0,0,0,0,0,0,0,0,0,0
510262,3,1,1998,0,0,0,0,0,0,0,0,0,0
510263,1,1,1998,0,0,0,0,0,0,0,0,0,0
510263,2,1,1998,26,10,8,32,27,0,14,8,15,20
510264,1,1,1998,0,0,0,0,0,0,0,0,0,0
510264,2,1,1998,0,0,0,0,0,0,0,0,0,0
510265,1,1,1998,8,8,8,8,8,8,8,8,8,8
510266,1,1,1998,25,25,25,25,25,25,25,25,25,25
510267,1,1,1998,14,18,14,7,6,14,0,12,9,14
510267,2,1,1998,0,0,0,0,0,0,0,0,0,0
510268,1,1,1998,11,11,11,11,11,11,11,11,11,11
510269,1,1,1998,0,0,0,0,0,0,0,0,0,0
510270,1,1,1998,0,0,0,0,0,0,0,0,0,0
510270,2,1,1998,0,0,0,0,0,12,0,0,0,0
510271,1,1,1998,0,0,0,0,0,0,0,0,0,0
510272,1,1,1998,15,21,0,0,7,6,0,11,0,0
510273,0,1,1998,0,0,0,0,0,0,0,0,0,0
510273,1,1,1998,0,0,0,0,0,0,0,0,0,0
510274,1,1,1998,0,0,0,0,0,0,0,0,0,0
510274,2,1,1998,0,0,0,17,0,0,0,0,0,0
510275,1,1,1998,19,19,19,19,19,19,19,19,19,19
510276,0,1,1998,0,0,0,0,0,0,0,0,0,0
510276,1,1,1998,6,13,12,17,27,12,35,23,17,18
510277,1,1,1998,0,0,0,0,0,0,0,0,0,0
510278,1,1,1998,0,0,0,0,0,0,23,10,0,0
510279,1,1,1998,11,3,0,0,0,0,7,0,0,0
510280,1,1,1998,14,14,14,14,14,14,14,14,14,14
510281,1,1,1998,14,14,14,14,14,14,14,14,14,14
510282,0,1,1998,0,0,0,0,0,0,0,0,0,0
510282,1,1,1998,0,0,0,0,0,0,0,0,0,0
510283,0,1,1998,0,0,0,25,11,0,11,9,26,0
510283,1,1,1998,29,0,0,0,0,0,0,0,0,0
510284,1,1,1998,21,21,21,21,21,21,21,21,21,21
510285,1,1,1998,0,0,0,0,0,0,0,0,0,0
510285,2,1,1998,0,0,15,0,0,8,0,0,0,0
510285,3,1,1998,0,0,0,0,0,0,0,0,0,0
510286,1,1,1998,0,17,10,15,25,20,13,21,12,10
510287,1,1,1998,0,0,0,0,0,0,0,0,0,0
510287,2,1,1998,0,0,0,0,0,0,0,0,0,0
510288,0,1,1998,37,37,37,37,37,37,37,37,37,37
510288,1,1,1998,0,0,0,0,0,0,0,0,0,0
510289,1,1,1998,0,0,0,0,0,0,0,0,0,0
510290,1,1,1998,0,31,0,5,3,20,31,31,4,5
510290,2,1,1998,39,0,25,0,0,26,18,0,0,0
510291,1,1,1998,0,0,0,0,0,0,0,0,0,0
510292,1,1,1998,0,0,0,0,0,0,12,0,16,14
510292,2,1,1998,0,0,0,0,0,0,0,0,0,0
510293,1,1,1998,11,12,4,16,17,16,15,14,20,14
510294,1,1,1998,0,0,0,0,0,0,0,0,0,0
510294,2,1,1998,0,0,0,0,0,0,0,0,0,0
510295,1,1,1998,0,0,0,0,0,0,0,0,0,0
510295,2,1,1998,0,0,0,0,0,0,0,0,10,0
510296,1,1,1998,0,0,0,0,0,12,0,0,0,0
510296,2,1,1998,0,0,0,0,0,0,0,0,0,0
510297,1,1,1998,29,24,25,6,12,30,26,9,12,10
510298,1,1,1998,0,0,0,0,0,0,0,0,0,0
510298,2,1,1998,0,0,0,0,0,0,0,0,0,0
510299,1,1,1998,0,0,0,0,0,0,0,0,0,0
510300,1,1,1998,0,0,0,0,0,0,0,0,0,0
510301,1,1,1998,12,0,0,0,0,0,26,0,0,7
510302,1,5,1998,0,0,0,0,0,0,0,0,0,0
510302,2,1,1998,0,0,0,0,0,0,0,0,0,0
510303,0,1,1998,0,0,0,15,0,0,0,0,0,9
510303,1,1,1998,0,0,0,0,0,0,0,0,0,0
510304,1,1,1998,0,0,0,0,0,0,0,0,0,0
510305,1,1,1998,0,0,0,0,0,0,0,0,0,0
510306,1,1,1998,0,0,0,0,0,0,0,0,0,0
510307,1,1,1998,0,0,0,0,0,0,0,0,0,0
510307,2,1,1998,0,0,0,0,0,0,0,0,0,0
510308,0,1,1998,0,0,0,0,0,0,0,0,0,0
510308,1,1,1998,0,0,0,0,0,0,0,0,0,0
510309,1,1,1998,0,0,0,0,0,0,0,0,0,0
510309,2,1,1998,6,0,0,0,8,0,0,0,0,0
510310,0,1,1998,0,0,0,0,0,0,0,0,0,0
510310,1,1,1998,0,0,0,0,0,0,0,0,0,0
510311,0,1,1998,30,30,30,30,30,30,30,30,30,30
510311,1,1,1998,0,0,0,0,9,0,5,0,0,0
510312,1,1,1998,0,0,0,0,0,0,0,0,0,0
510312,2,1,1998,0,20,0,0,0,0,0,0,0,0
510313,1,1,1998,26,26,26,26,26,26,26,26,26,26
510314,1,1,1998,0,0,0,0,0,0,0,0,0,0
510314,2,1,1998,0,0,0,0,0,0,0,0,0,0
510315,1,1,1998,0,0,0,0,0,0,0,0,0,0
510316,1,1,1998,0,22,5,6,12,4,12,11,18,5
510317,1,1,1998,0,0,0,0,0,0,0,0,0,0
510318,1,1,1998,0,0,0,0,0,0,0,0,0,0
510319,1,1,1998,28,28,28,28,28,28,28,28,28,28
510320,1,1,1998,0,0,0,0,0,0,0,0,0,0
510320,2,1,1998,15,9,4,26,6,18,0,0,6,0
510321,0,1,1998,28,19,40,25,23,13,40,9,25,14
510321,1,1,1998,0,0,0,0,0,0,0,6,15,0
510322,1,1,1998,15,15,15,15,15,15,15,15,15,15
510323,1,1,1998,0,0,0,0,0,0,0,0,0,0
510323,2,1,1998,0,0,0,0,0,0,0,0,0,0
510324,1,1,1998,0,0,0,0,0,0,0,0,0,0
510325,1,1,1998,0,0,0,0,0,0,0,0,0,0
510325,2,1,1998,0,0,8,0,0,0,0,0,0,0
510326,1,1,1998,0,0,0,0,0,0,0,15,0,0
510327,1,1,1998,0,0,0,0,0,0,0,0,0,0
510327,2,1,1998,0,0,0,0,0,0,0,0,0,0
510328,1,1,1998,0,0,0,0,0,0,0,0,0,0
510329,1,1,1998,0,0,0,0,0,0,0,0,0,0
510330,1,1,1998,0,0,0,0,0,0,0,0,0,0
510330,2,1,1998,0,0,0,0,0,0,0,0,0,0
510330,3,1,1998,0,0,0,0,0,0,0,0,0,0
510331,1,1,1998,0,0,0,0,0,0,0,0,0,0
510332,1,1,1998,0,0,0,0,31,0,0,0,0,0
510332,2,1,1998,0,0,0,0,0,0,0,0,0,0
510332,3,1,1998,0,0,0,0,0,0,0,0,0,0
510333,1,1,1998,20,22,25,28,31,21,21,40,17,19
510334,1,1,1998,0,0,0,0,0,0,0,0,0,0
510334,2,1,1998,0,0,0,0,0,0,0,0,0,0
510335,1,1,1998,0,0,0,0,0,0,0,0,0,0
510336,1,1,1998,17,17,17,17,17,17,17,17,17,17
510337,1,1,1998,14,33,6,14,25,20,29,24,0,28
510338,1,1,1998,0,0,0,0,0,0,0,0,0,0
510339,1,1,1998,5,0,0,0,0,0,0,7,0,0
510340,1,1,1998,0,0,0,0,0,0,0,0,0,0
510341,1,1,1998,0,0,0,0,0,0,0,0,0,0
510341,2,1,1998,0,0,0,0,0,0,0,0,0,0
510342,1,1,1998,8,8,8,8,8,8,8,8,8,8
510343,1,1,1998,0,0,0,0,0,0,0,0,0,0
510343,2,1,1998,0,0,0,0,0,0,0,0,0,0
510344,1,1,1998,28,28,28,28,28,28,28,28,28,28
510345,0,1,1998,0,0,0,0,0,0,0,0,0,0
510345,1,1,1998,0,0,0,0,0,0,0,0,0,0
510346,0,1,1998,0,0,0,0,0,0,0,0,0,0
510346,1,1,1998,0,28,0,0,0,0,0,0,0,0
510347,1,1,1998,34,34,34,34,34,34,34,34,34,34
510348,1,1,1998,0,0,0,0,0,0,0,0,0,0
510349,1,1,1998,0,0,0,0,0,0,0,0,0,0
510350,1,1,1998,0,0,0,0,0,0,0,0,0,0
510350,2,1,1998,0,0,0,0,0,0,0,0,0,0
510350,3,1,1998,14,0,0,0,0,0,0,0,0,0
510350,4,1,1998,0,0,0,0,0,0,0,0,0,0
510350,5,1,1998,0,0,0,0,0,0,0,0,0,0
510351,1,1,1998,29,29,29,29,29,29,29,29,29,29
510352,1,1,1998,22,0,12,0,6,0,0,0,23,0
510353,1,1,1998,0,0,0,0,0,0,0,0,0,0
510353,2,1,1998,0,0,0,0,0,0,0,0,0,0
510354,1,1,1998,0,0,0,0,0,0,0,0,0,0
510354,2,1,1998,3,3,3,3,3,3,3,3,3,3
510355,1,1,1998,0,0,0,0,0,0,0,0,0,0
510356,1,1,1998,19,19,19,19,19,19,19,19,19,19
510357,0,1,1998,14,16,29,29,14,8,0,12,10,23
510357,1,1,1998,0,0,0,0,0,0,0,0,0,0
510358,1,1,1998,0,0,0,0,0,0,0,0,0,0
510359,1,1,1998,13,13,13,13,13,13,13,13,13,13
510360,1,1,1998,6,6,6,6,6,6,6,6,6,6
510361,1,1,1998,12,0,17,23,19,4,24,9,4,13
510361,2,1,1998,0,3,0,0,0,0,0,0,0,0
510362,1,1,1998,27,27,27,27,27,27,27,27,27,27
510362,2,1,1998,0,0,0,0,0,0,0,0,0,0
510363,1,1,1998,0,0,0,0,0,0,0,0,0,0
510363,2,1,1998,0,0,0,0,0,0,0,0,0,0
510364,1,1,1998,3,6,15,2,0,0,12,14,0,0
510364,2,1,1998,2,2,2,2,2,2,2,2,2,2
510365,1,1,1998,19,19,19,19,19,19,19,19,19,19
510366,0,1,1998,21,21,21,21,21,21,21,21,21,21
510366,1,1,1998,0,0,0,0,0,0,0,0,0,0
510367,1,1,1998,0,0,0,0,0,0,0,0,0,0
510367,2,1,1998,0,0,0,0,0,0,0,0,0,0
510368,1,1,1998,0,0,0,0,0,0,0,0,0,0
510369,1,1,1998,4,14,8,25,31,0,18,10,19,21
510370,1,1,1998,12,12,12,12,12,12,12,12,12,12
510371,0,1,1998,0,0,0,0,0,0,0,0,0,0
510371,1,1,1998,19,13,21,0,23,29,0,22,21,18
510372,0,1,1998,10,17,18,16,24,41,43,19,19,16
510372,1,1,1998,15,18,0,0,18,0,23,0,11,17
510373,1,1,1998,5,5,5,5,5,5,5,5,5,5
510374,1,1,1998,0,0,0,0,0,0,0,0,0,0
510374,2,1,1998,0,20,13,0,0,0,0,0,0,0
510375,1,1,1998,0,0,0,0,0,0,0,0,0,0
510376,1,1,1998,0,0,0,0,0,0,0,0,0,0
510376,2,1,1998,0,0,0,0,0,0,0,0,0,0
510376,3,1,1998,0,0,0,0,0,0,0,0,0,0
510376,4,1,1998,0,0,0,0,0,0,0,0,0,0
510377,1,1,1998,17,17,17,17,17,17,17,17,17,17
510378,1,1,1998,1,1,1,1,1,1,1,1,1,1
510379,1,1,1998,0,0,0,0,0,0,0,0,0,0
510379,2,1,1998,0,0,0,0,0,0,0,0,0,0
510380,0,1,1998,0,0,0,0,0,0,0,0,0,0
510380,1,1,1998,0,0,0,0,0,0,0,0,0,0
510381,0,1,1998,36,36,36,36,36,36,36,36,36,36
510381,1,1,1998,0,0,0,0,0,0,0,0,0,0
510382,0,1,1998,29,0,0,19,7,25,18,36,22,39
510382,1,1,1998,14,0,0,0,0,13,35,0,0,5
510383,1,1,1998,0,0,0,0,0,0,0,0,0,0
510384,0,1,1998,0,0,0,0,0,0,0,0,0,0
510384,1,1,1998,0,0,0,0,0,0,0,0,0,0
510385,1,1,1998,27,27,27,27,27,27,27,27,27,27
510385,2,1,1998,0,0,40,0,0,0,0,0,0,18
510385,3,1,1998,0,13,0,0,0,0,0,0,0,0
510386,1,1,1998,20,20,20,20,20,20,20,20,20,20
510387,1,1,1998,0,0,0,0,0,0,0,0,0,0
510387,2,1,1998,0,0,0,0,0,0,0,0,0,0
510388,1,1,1998,6,33,21,16,16,0,2,10,18,20
510388,2,1,1998,0,0,0,0,0,0,0,0,0,0
510389,1,1,1998,0,0,0,0,0,0,0,0,0,0
510389,2,1,1998,0,0,0,0,0,0,0,0,0,0
510390,1,1,1998,12,12,12,12,12,12,12,12,12,12
510390,2,1,1998,0,0,0,0,0,0,0,0,0,0
510391,1,1,1998,17,17,17,17,17,17,17,17,17,17
510392,1,1,1998,0,0,0,0,0,0,0,0,0,0
510392,2,1,1998,0,0,0,0,0,0,0,0,0,0
510393,0,1,1998,0,0,0,0,0,0,0,0,0,0
510393,1,1,1998,0,0,0,0,0,0,0,0,0,0
510394,1,1,1998,0,0,0,0,0,0,0,0,0,0
510395,1,1,1998,29,29,29,29,29,29,29,29,29,29
510396,0,1,1998,0,0,0,0,0,0,0,0,0,0
510396,1,1,1998,0,0,0,0,0,0,0,0,0,0
510397,1,1,1998,0,0,0,0,0,0,0,0,0,0
510398,0,1,1998,32,32,32,32,32,32,32,32,32,32
510398,1,1,1998,0,0,0,0,0,0,0,0,0,0
510399,1,1,1998,21,24,0,0,20,13,8,0,19,0
510400,1,1,1998,0,0,0,0,0,0,0,0,0,0
510400,2,1,1998,7,20,12,11,23,18,21,14,19,6
510401,1,1,1998,0,0,0,0,0,0,0,0,0,0
510402,1,1,1998,0,0,0,0,0,0,0,0,0,0
510402,2,1,1998,0,0,0,0,0,0,0,0,0,0
510403,1,1,1998,13,22,7,25,20,22,7,16,33,14
510404,1,1,1998,13,13,13,13,13,13,13,13,13,13
510405,1,1,1998,1,1,1,1,1,1,1,1,1,1
510406,1,1,1998,3,6,7,13,10,0,35,18,0,0
510407,1,1,1998,0,0,0,0,0,0,0,0,0,0
510408,1,1,1998,0,0,0,0,0,0,0,0,0,0
510408,2,1,1998,0,0,0,0,0,0,0,0,0,0
510409,1,1,1998,19,19,19,19,19,19,19,19,19,19
510410,1,1,1998,0,0,0,0,0,0,0,0,0,0
510410,2,1,1998,0,0,0,0,0,0,0,0,0,0
510411,1,1,1998,9,16,25,10,17,29,10,14,25,21
510412,1,1,1998,13,13,13,13,13,13,13,13,13,13
510413,1,2,1998,0,0,0,0,0,0,0,0,0,0
510414,1,1,1998,0,0,0,0,0,0,0,0,0,0
510414,2,1,1998,0,0,0,0,0,0,0,0,0,0
510415,1,1,1998,15,0,0,0,6,18,9,12,0,18
510416,1,1,1998,0,0,0,0,0,11,0,0,0,0
510416,2,1,1998,0,0,0,0,0,0,0,0,0,0
510417,1,1,1998,0,0,0,0,0,0,0,0,0,16
510418,1,1,1998,0,0,0,0,0,0,0,0,0,0
510418,2,1,1998,0,0,0,0,0,0,0,0,0,0
510419,0,1,1998,15,15,15,15,15,15,15,15,15,15
510419,1,1,1998,0,0,0,0,0,0,0,0,0,0
510420,1,1,1998,0,0,0,0,0,0,0,0,0,0
510421,1,1,1998,1,1,1,1,1,1,1,1,1,1
510422,1,1,1998,4,4,4,4,4,4,4,4,4,4
510423,1,1,1998,0,0,0,0,0,0,0,0,10,0
510424,0,1,1998,1,1,1,1,1,1,1,1,1,1
510424,1,1,1998,0,0,0,0,0,0,0,0,0,0
510425,1,1,1998,9,9,9,9,9,9,9,9,9,9
510426,1,1,1998,18,18,18,18,18,18,18,18,18,18
510427,1,1,1998,15,15,15,15,15,15,15,15,15,15
510428,1,1,1998,0,0,0,6,12,0,0,0,0,0
510429,1,1,1998,21,21,21,21,21,21,21,21,21,21
510430,1,1,1998,1,1,1,1,1,1,1,1,1,1
510431,1,1,1998,0,0,0,0,0,0,0,0,0,0
510431,2,1,1998,0,0,0,0,0,0,0,0,0,0
510432,0,1,1998,0,0,0,0,0,0,0,0,0,0
510432,1,1,1998,0,0,0,0,0,0,0,0,0,0
510433,0,1,1998,0,0,0,0,0,0,0,0,0,0
510433,1,1,1998,0,0,0,0,0,0,0,0,0,0
510434,1,1,1998,0,0,0,0,0,0,0,0,0,0
510434,2,1,1998,0,0,0,0,0,0,0,0,0,0
510435,1,1,1998,0,0,0,0,0,0,0,0,0,0
510436,1,1,1998,0,0,0,0,0,0,0,0,0,0
510436,2,1,1998,0,0,0,0,0,0,0,11,0,0
510436,3,1,1998,0,0,0,0,0,0,0,0,0,0
510437,0,1,1998,0,0,0,0,0,0,0,0,0,0
510437,0,2,1998,0,0,0,0,0,0,0,0,0,0
510437,1,1,1998,0,0,0,0,0,0,0,0,0,0
510438,1,1,1998,27,24,11,12,9,12,14,11,23,16
510439,1,1,1998,0,0,0,0,0,0,0,0,0,0
510440,1,1,1998,0,0,0,0,0,0,0,0,0,0
510441,1,1,1998,0,0,0,0,17,0,0,0,0,0
510441,2,1,1998,0,0,0,0,0,0,0,0,0,0
510442,1,1,1998,0,0,0,0,0,0,0,0,0,0
510442,2,1,1998,0,0,0,0,0,0,0,0,0,0
510443,1,1,1998,0,0,0,0,0,0,0,0,0,0
510443,2,1,1998,0,0,0,0,0,0,0,0,0,0
510444,1,1,1998,0,0,0,0,0,0,0,0,0,0
510445,1,1,1998,18,18,18,18,18,18,18,18,18,18
510446,1,1,1998,40,40,40,40,40,40,40,40,40,40
510447,1,1,1998,0,0,0,5,0,0,0,0,0,0
510447,2,1,1998,0,0,0,0,0,0,0,0,0,0
510448,1,1,1998,0,0,0,0,0,0,0,0,0,0
510449,1,4,1998,0,0,0,0,0,0,0,0,0,0
510449,2,1,1998,9,12,19,22,17,9,14,30,6,25
510450,1,1,1998,14,16,11,16,17,6,8,12,7,18
510450,2,1,1998,10,10,10,10,10,10,10,10,10,10
510451,1,1,1998,0,0,11,0,0,0,0,0,0,0
510451,2,1,1998,21,27,12,33,27,21,24,29,22,27
510452,1,1,1998,6,8,0,12,0,0,12,5,17,0
510453,1,1,1998,0,0,0,0,0,0,0,0,0,0
510455,1,1,1998,0,0,0,0,0,0,0,3,0,0
510455,2,1,1998,0,0,29,0,0,0,0,0,0,0
510456,1,1,1998,0,0,0,0,0,0,0,0,0,0
510456,2,1,1998,0,0,0,0,0,0,0,0,0,0
510457,1,1,1998,0,0,0,0,0,0,0,0,0,0
510457,2,1,1998,0,0,0,0,0,0,0,0,0,0
510458,1,1,1998,2,2,2,2,2,2,2,2,2,2
510459,1,1,1998,0,0,0,0,0,0,0,0,0,0
510459,2,1,1998,0,0,0,0,0,0,0,0,0,0
510460,1,1,1998,0,0,0,0,0,0,0,0,0,0
510460,2,1,1998,9,0,23,0,0,0,0,0,0,0
510461,1,1,1998,7,10,20,12,32,23,14,21,0,8
510461,2,1,1998,0,0,0,0,0,0,0,0,0,0
510462,1,1,1998,0,0,0,0,0,0,0,0,0,0
510462,2,1,1998,9,0,0,0,15,0,0,0,0,0
510463,1,1,1998,0,0,0,0,0,0,0,0,0,0
510463,2,1,1998,0,0,0,0,0,0,0,0,0,0
510464,1,1,1998,0,0,0,0,0,0,0,0,0,0
510465,1,1,1998,0,0,0,0,0,0,0,0,0,0
510465,2,1,1998,0,0,0,0,0,0,6,0,0,0
510465,3,1,1998,0,0,0,0,0,0,0,0,0,0
510465,4,1,1998,0,0,0,0,0,0,0,0,0,0
510466,1,1,1998,0,0,0,0,0,0,0,0,0,0
510467,1,1,1998,0,0,0,0,0,0,0,0,0,0
510467,2,1,1998,0,0,0,0,0,0,0,0,0,0
510468,1,1,1998,14,4,2,10,5,22,19,12,5,23
510468,2,1,1998,0,0,0,0,0,0,0,0,0,0
510469,1,1,1998,0,0,0,0,0,0,0,0,0,0
510469,2,1,1998,0,0,0,0,0,0,0,0,0,0
510470,1,1,1998,0,0,0,0,0,0,0,0,0,0
510470,2,1,1998,0,0,0,0,0,0,0,0,0,0
510471,1,1,1998,0,0,0,0,0,0,0,0,0,0
510471,2,1,1998,0,0,0,0,0,0,0,0,0,0
510472,1,1,1998,0,0,0,0,0,0,0,0,0,0
510472,2,1,1998,0,0,0,0,0,0,0,0,0,0
510473,1,1,1998,0,0,0,0,0,0,0,0,0,0
510474,1,1,1998,17,17,17,17,17,17,17,17,17,17
510475,1,1,1998,0,0,0,0,0,0,0,0,0,0
510475,2,1,1998,0,0,0,0,0,0,0,0,0,0
510476,1,1,1998,0,0,0,0,0,0,0,0,0,0
510477,1,1,1998,0,0,0,0,0,0,0,0,0,0
510477,2,1,1998,0,0,0,0,0,0,0,0,0,0
510478,1,1,1998,10,23,20,17,10,31,23,17,14,17
510479,1,1,1998,0,0,0,0,0,0,0,0,0,0
510479,2,1,1998,0,0,0,0,0,0,0,0,0,0
510480,1,1,1998,0,0,19,0,0,0,15,0,0,8
510480,2,1,1998,0,0,11,0,0,0,0,0,0,0
510481,1,1,1998,0,8,15,16,38,0,16,0,13,0
510481,2,1,1998,11,0,18,23,13,12,19,16,14,9
510482,1,1,1998,8,8,8,8,8,8,8,8,8,8
510483,1,1,1998,0,0,0,0,0,0,0,0,0,0
510484,1,1,1998,0,0,0,0,0,0,0,0,0,0
510485,0,1,1998,23,23,23,23,23,23,23,23,23,23
510485,1,1,1998,0,0,0,0,0,0,0,0,0,0
510486,1,1,1998,0,0,0,0,0,0,0,0,0,0
510487,1,1,1998,0,0,0,0,11,0,0,0,0,0
510488,1,1,1998,2,2,2,2,2,2,2,2,2,2
510488,2,1,1998,9,17,12,0,14,7,26,9,16,14
510489,1,1,1998,0,0,0,0,0,0,0,0,0,0
510490,1,1,1998,26,26,26,26,26,26,26,26,26,26
510491,1,1,1998,0,0,0,0,0,0,0,0,0,0
510491,2,1,1998,0,0,0,0,0,0,7,0,0,0
510492,1,1,1998,0,0,0,0,0,0,0,0,0,0
510492,2,1,1998,0,0,0,0,0,0,0,0,0,0
510493,1,1,1998,0,14,16,0,23,12,0,17,7,0
510494,1,1,1998,0,0,0,0,0,0,0,0,0,0
510494,2,1,1998,0,0,0,0,0,0,0,0,0,0
510495,1,1,1998,0,0,0,0,0,0,0,0,0,0
510496,1,1,1998,0,0,0,0,0,0,0,0,0,0
510496,2,1,1998,0,0,0,0,0,0,0,0,0,0
510497,1,1,1998,13,13,7,14,11,18,14,19,11,16
510498,1,1,1998,0,0,0,0,0,12,0,0,0,0
510498,2,1,1998,0,0,0,0,7,0,0,0,0,0
510498,3,1,1998,0,0,0,0,0,0,0,0,0,0
510499,0,1,1998,0,0,0,0,0,0,0,0,0,0
510499,1,1,1998,12,4,9,22,9,11,25,16,22,18
510500,1,1,1998,0,0,0,0,0,0,0,0,0,0
510500,2,1,1998,0,0,0,0,0,0,0,0,0,0
510501,0,1,1998,33,33,33,33,33,33,33,33,33,33
510501,1,1,1998,0,0,0,0,0,0,0,0,0,13
510502,1,1,1998,0,0,0,0,0,0,0,0,0,0
510502,2,1,1998,0,0,16,0,0,10,0,0,0,20
510502,3,1,1998,0,0,0,0,0,0,0,0,0,0
510503,0,1,1998,0,0,0,0,0,0,0,0,0,0
510503,1,1,1998,0,0,0,0,0,0,0,0,0,0
510504,0,1,1998,0,0,0,0,0,0,0,0,0,0
510504,1,1,1998,0,0,0,0,0,0,0,0,0,0
510505,0,1,1998,0,0,3,7,0,0,16,0,16,0
510505,1,1,1998,0,0,0,0,0,0,0,0,0,0
510506,1,1,1998,0,0,0,0,0,0,0,0,0,0
510506,2,1,1998,0,0,0,0,0,0,0,0,0,0
510507,1,1,1998,6,6,6,6,6,6,6,6,6,6
510508,1,1,1998,0,0,0,0,0,0,0,0,0,0
510508,2,1,1998,0,0,0,0,7,32,0,0,0,0
510509,1,1,1998,0,0,0,0,0,0,0,0,0,0
510510,1,1,1998,0,0,0,0,0,0,0,0,0,0
510510,2,1,1998,0,0,0,0,9,0,0,0,14,10
510511,1,1,1998,41,38,7,19,18,19,21,15,3,7
510512,1,1,1998,0,0,12,0,0,0,0,0,0,0
510513,1,1,1998,0,14,7,9,0,0,0,8,0,0
510514,0,1,1998,0,0,0,0,0,0,0,0,0,0
510514,1,1,1998,0,0,21,0,0,0,0,0,0,0
510515,1,1,1998,0,0,0,0,0,0,0,0,0,0
510515,2,1,1998,0,0,0,0,0,0,0,0,0,0
510516,0,1,1998,0,0,0,0,0,0,0,0,0,0
510516,1,1,1998,0,0,0,0,0,0,0,0,0,0
510517,1,1,1998,0,0,0,0,0,0,0,0,0,0
510517,2,1,1998,0,0,0,0,0,0,0,0,0,0
510518,0,1,1998,10,10,10,10,10,10,10,10,10,10
510518,1,1,1998,19,26,0,15,29,0,0,8,0,21
510519,1,1,1998,0,0,0,0,0,0,0,0,0,0
510519,2,1,1998,0,0,0,0,0,0,0,0,0,0
510520,0,1,1998,0,0,0,0,0,0,0,0,0,0
510520,1,1,1998,8,23,14,15,8,14,10,38,19,27
510521,1,1,1998,0,0,0,0,0,0,0,0,0,0
510521,2,1,1998,0,0,0,0,0,0,0,0,0,0
510521,3,1,1998,0,0,0,0,0,0,0,0,0,0
510521,4,1,1998,0,0,0,0,0,0,0,0,0,0
510522,1,1,1998,25,13,18,0,11,18,17,14,0,0
510523,1,1,1998,0,0,0,0,0,0,0,0,0,0
510523,2,1,1998,0,0,0,0,0,0,0,0,0,0
510524,1,1,1998,1,1,1,1,1,1,1,1,1,1
510525,1,1,1998,1,1,1,1,1,1,1,1,1,1
510525,2,1,1998,0,0,0,0,0,0,0,0,0,0
510526,1,1,1998,22,22,22,22,22,22,22,22,22,22
510527,1,1,1998,22,13,14,38,20,9,11,17,17,16
510527,2,1,1998,0,0,0,0,0,15,0,0,0,0
510528,1,1,1998,24,0,0,14,0,0,0,0,0,0
510529,1,1,1998,0,0,0,0,0,0,0,0,0,0
510529,2,1,1998,0,0,0,0,0,0,0,0,0,0
510530,1,1,1998,27,26,26,6,4,26,23,16,9,12
510531,1,1,1998,0,0,0,0,0,0,0,0,0,0