ST_CASE,VEH_NO,PER_NO,YEAR,P1,P2,P3,P4,P5,P6,P7,P8,P9,P10
510531,2,1,1998,0,0,0,0,0,0,0,0,0,0
510532,1,1,1998,0,0,0,0,0,0,0,0,0,0
510532,2,1,1998,0,0,0,0,0,0,0,0,0,0
510533,1,1,1998,0,0,0,0,0,0,17,0,0,0
510533,2,1,1998,0,0,0,0,0,0,0,0,0,0
510534,1,1,1998,0,4,7,0,0,0,0,0,0,0
510535,1,1,1998,0,0,0,0,0,0,0,0,0,0
510536,1,1,1998,0,0,0,0,0,0,0,0,0,0
510536,2,1,1998,0,0,0,0,0,0,0,0,0,0
510537,1,1,1998,0,10,0,0,17,0,0,0,22,0
510537,2,1,1998,14,14,12,14,5,18,12,11,13,11
510538,1,1,1998,25,25,25,25,25,25,25,25,25,25
510538,2,1,1998,0,0,0,0,0,0,0,0,0,0
510538,3,1,1998,0,0,0,0,0,0,0,0,0,0
510539,1,1,1998,25,25,25,25,25,25,25,25,25,25
510540,1,1,1998,0,0,0,0,0,0,0,0,0,0
510540,2,1,1998,0,0,0,0,0,0,0,0,0,0
510540,3,1,1998,0,0,0,0,0,0,0,0,0,0
510540,4,1,1998,5,0,10,0,0,0,0,0,0,0
510541,1,1,1998,0,0,0,0,0,0,0,0,0,0
510542,1,1,1998,0,0,0,0,0,0,0,0,0,0
510543,0,1,1998,0,0,0,0,0,0,0,0,0,0
510543,1,1,1998,0,0,0,0,0,0,0,0,0,0
510544,0,1,1998,0,0,0,0,0,0,0,0,0,0
510544,1,1,1998,0,0,0,0,0,0,0,0,0,0
510545,1,1,1998,0,0,0,0,0,0,0,0,0,0
510545,2,1,1998,0,0,0,0,0,0,0,0,0,0
510546,1,1,1998,18,18,18,18,18,18,18,18,18,18
510547,1,1,1998,10,10,10,10,10,10,10,10,10,10
510548,1,1,1998,10,0,19,33,21,30,11,14,17,43
510549,0,1,1998,0,0,0,0,0,0,0,0,0,0
510549,1,1,1998,0,0,0,0,0,0,0,0,0,0
510550,1,1,1998,0,0,0,0,0,0,0,0,0,0
510551,1,1,1998,0,0,0,0,0,0,0,0,0,0
510552,1,1,1998,0,0,0,0,0,0,0,0,0,0
510552,2,1,1998,0,0,0,0,0,0,0,0,0,0
510553,1,1,1998,0,0,0,0,0,0,0,0,0,0
510553,2,1,1998,0,0,0,0,0,0,0,9,0,0
510554,1,1,1998,0,0,0,0,0,0,0,0,0,0
510554,2,1,1998,0,0,0,0,0,0,0,0,0,0
510555,0,1,1998,20,20,20,20,20,20,20,20,20,20
510555,1,1,1998,16,9,34,0,0,10,10,4,0,17
510556,1,1,1998,0,0,0,0,0,0,0,0,0,0
510556,2,1,1998,0,0,0,0,0,0,0,0,0,0
510557,1,1,1998,5,5,5,5,5,5,5,5,5,5
510558,1,1,1998,0,0,0,0,0,0,0,0,0,0
510559,1,1,1998,0,0,0,0,0,0,0,0,0,0
510559,2,1,1998,0,0,0,0,0,0,0,0,0,0
510560,1,1,1998,37,37,37,37,37,37,37,37,37,37
510561,1,1,1998,0,0,15,0,0,0,0,0,7,0
510561,2,1,1998,0,0,0,0,0,0,0,0,0,0
510562,1,1,1998,20,20,20,20,20,20,20,20,20,20
510562,2,1,1998,0,2,0,0,11,0,0,0,0,0
510563,1,1,1998,0,0,0,0,0,0,0,0,0,0
510564,1,1,1998,0,0,0,0,0,0,0,0,0,0
510565,1,1,1998,0,0,0,0,0,0,0,0,0,0
510565,2,1,1998,6,0,0,0,0,0,0,0,0,0
510566,1,1,1998,0,0,0,0,0,0,0,0,0,0
510566,2,1,1998,0,0,0,0,0,0,0,0,0,0
510567,1,1,1998,0,0,0,0,0,0,0,0,0,0
510568,0,1,1998,9,9,9,9,9,9,9,9,9,9
510568,1,1,1998,0,0,0,0,0,0,0,0,0,0
510569,1,1,1998,0,0,0,0,0,0,0,0,0,0
510569,2,1,1998,0,0,0,0,0,0,0,0,0,0
510570,1,1,1998,0,0,0,0,0,0,0,0,0,0
510570,2,1,1998,0,0,0,0,0,0,0,0,0,0
510571,1,1,1998,0,0,0,0,0,0,0,0,0,0
510571,2,1,1998,0,0,0,0,0,0,0,0,0,0
510571,3,1,1998,0,0,0,0,0,0,0,0,0,0
510572,1,1,1998,0,0,0,0,0,0,0,0,0,0
510572,2,1,1998,0,0,0,0,0,0,0,0,0,0
510573,1,1,1998,0,0,0,0,0,0,0,0,0,0
510574,1,1,1998,0,0,0,0,0,0,0,0,0,0
510575,1,1,1998,0,0,0,0,0,0,0,0,0,0
510576,1,1,1998,22,22,22,22,22,22,22,22,22,22
510577,1,1,1998,0,0,0,0,0,0,0,0,0,0
510577,2,1,1998,0,0,0,0,0,0,0,0,0,0
510578,0,1,1998,13,23,40,11,30,0,0,0,12,37
510578,1,1,1998,0,0,0,0,0,0,0,0,0,0
510579,0,1,1998,16,16,16,16,16,16,16,16,16,16
510579,1,1,1998,34,14,6,12,5,19,0,0,7,0
510579,2,1,1998,0,0,0,0,0,0,0,0,0,0
510580,1,1,1998,20,16,0,30,28,0,14,9,19,11
510581,1,1,1998,28,28,28,28,28,28,28,28,28,28
510581,2,1,1998,0,0,0,0,0,0,0,0,0,0
510582,1,1,1998,0,0,0,0,0,8,0,0,0,0
510582,2,1,1998,0,0,0,0,0,0,0,0,0,0
510582,3,1,1998,0,0,0,0,0,0,0,0,0,0
510583,1,1,1998,0,0,0,0,0,0,0,0,0,0
510583,2,1,1998,4,0,0,0,0,0,0,0,0,0
510584,1,1,1998,0,0,0,0,0,0,0,0,0,0
510585,0,1,1998,0,0,0,0,0,0,0,0,0,0
510585,1,1,1998,0,0,0,0,0,0,0,0,0,0
510586,1,1,1998,5,5,5,5,5,5,5,5,5,5
510587,1,1,1998,0,0,0,0,0,0,0,0,0,0
510587,2,1,1998,0,0,0,0,0,0,0,0,0,0
510587,3,1,1998,0,0,0,0,0,0,0,0,0,0
510587,4,1,1998,0,0,0,0,0,0,0,0,0,0
510588,0,1,1998,1,1,1,1,1,1,1,1,1,1
510588,1,1,1998,0,0,0,0,0,0,0,0,0,0
510589,1,1,1998,4,3,22,17,18,13,12,12,18,30
510590,1,1,1998,0,14,0,0,0,0,0,0,11,0
510591,1,1,1998,0,0,0,0,0,0,0,0,0,0
510591,2,1,1998,0,0,0,0,0,0,0,0,0,0
510592,1,1,1998,15,15,15,15,15,15,15,15,15,15
510593,1,1,1998,0,0,0,0,0,0,0,0,0,0
510594,1,1,1998,14,13,9,10,14,9,30,5,28,12
510595,1,1,1998,27,27,27,27,27,27,27,27,27,27
510596,1,1,1998,0,0,6,0,5,0,0,0,0,0
510597,1,1,1998,18,10,13,27,20,24,21,3,15,5
510598,0,1,1998,14,28,12,43,21,17,30,34,6,27
510598,1,1,1998,0,0,0,0,0,0,0,0,0,0
510599,1,1,1998,0,0,0,0,0,0,0,0,0,0
510600,1,1,1998,0,0,5,0,0,16,0,13,1,0
510601,1,1,1998,0,0,0,0,0,0,0,0,0,0
510602,0,1,1998,0,0,0,0,0,0,0,0,0,0
510602,1,1,1998,0,0,0,0,0,0,0,0,0,0
510603,1,1,1998,0,0,0,0,0,0,0,0,0,0
510604,0,1,1998,0,0,0,0,0,0,0,0,0,0
510604,1,1,1998,0,0,0,0,0,0,0,0,0,0
510605,0,1,1998,0,0,0,0,0,0,0,0,0,0
510605,1,1,1998,0,0,0,0,0,0,0,0,0,0
510606,1,1,1998,0,0,0,0,0,0,0,0,0,0
510607,1,1,1998,24,31,14,7,27,29,20,26,15,18
510608,1,1,1998,0,0,0,0,0,0,0,0,0,0
510609,1,1,1998,0,0,0,0,0,0,0,0,0,0
510609,2,1,1998,0,0,0,0,0,0,0,0,0,0
510611,1,1,1998,28,9,17,5,38,10,26,24,11,24
510612,1,1,1998,17,17,17,17,17,17,17,17,17,17
510613,1,1,1998,18,18,18,18,18,18,18,18,18,18
510614,1,1,1998,0,0,0,0,0,0,0,0,0,0
510615,1,1,1998,26,10,19,43,12,3,16,20,9,16
510616,1,1,1998,17,17,17,17,17,17,17,17,17,17
510617,1,1,1998,0,0,0,0,0,0,0,0,0,0
510618,1,1,1998,0,11,13,0,0,8,0,0,13,0
510619,1,1,1998,1,1,1,1,1,1,1,1,1,1
510620,0,1,1998,0,0,0,0,0,22,21,39,0,32
510620,1,1,1998,0,0,0,0,0,0,0,0,0,0
510621,1,1,1998,0,0,0,0,0,0,0,0,0,0
510621,2,1,1998,0,0,0,0,7,0,0,0,0,0
510622,1,1,1998,0,0,0,0,0,0,0,0,0,0
510622,2,1,1998,0,0,0,0,0,0,0,0,0,0
510623,1,1,1998,0,0,0,0,0,0,0,0,0,0
510623,2,1,1998,0,0,0,0,0,0,0,0,0,0
510624,0,1,1998,0,0,0,0,0,0,0,0,0,0
510624,1,1,1998,16,26,13,9,20,9,2,15,23,0
510625,1,1,1998,13,20,15,4,28,28,16,22,26,22
510626,1,1,1998,0,0,0,0,0,0,0,0,0,0
510626,2,1,1998,0,0,0,0,0,0,0,15,0,0
510627,1,1,1998,20,20,20,20,20,20,20,20,20,20
510628,1,1,1998,0,0,0,0,0,0,0,0,0,0
510628,2,1,1998,0,0,0,0,0,0,0,0,0,0
510629,1,1,1998,0,0,0,0,0,0,0,0,0,0
510629,2,1,1998,0,0,0,0,0,0,0,0,0,0
510630,1,1,1998,0,0,0,0,0,0,0,0,0,0
510630,2,1,1998,0,0,0,0,0,0,0,8,0,0
510630,3,1,1998,0,0,0,0,0,0,10,0,0,0
510631,1,1,1998,0,0,0,0,0,0,0,0,0,0
510632,0,1,1998,0,0,0,0,0,0,13,0,0,0
510632,1,1,1998,0,0,0,0,0,0,0,0,0,0
510633,1,1,1998,4,20,7,0,0,12,17,3,14,12
510633,2,1,1998,0,0,0,0,0,0,0,9,0,0
510634,1,1,1998,23,17,38,10,12,12,8,9,38,3
510634,2,1,1998,0,0,0,9,0,0,0,0,0,0
510635,1,1,1998,0,0,0,0,0,0,0,0,0,0
510636,0,1,1998,0,0,0,0,0,0,0,0,0,0
510636,1,1,1998,0,0,0,0,0,0,0,0,0,0
510637,0,1,1998,0,0,0,0,0,0,0,0,0,0
510637,1,1,1998,0,0,0,0,0,0,0,0,0,0
510638,1,1,1998,0,0,0,0,0,0,0,0,0,0
510638,2,1,1998,0,0,0,18,0,0,0,0,0,0
510639,1,1,1998,3,3,3,3,3,3,3,3,3,3
510640,1,1,1998,0,0,0,0,0,0,0,0,0,0
510640,2,1,1998,0,0,0,0,0,0,0,0,0,0
510641,1,1,1998,0,0,0,0,0,0,0,0,0,0
510641,2,1,1998,0,0,0,0,0,0,0,0,0,0
510642,1,1,1998,12,10,16,12,23,9,8,0,16,21
510642,2,1,1998,0,0,0,11,0,0,0,0,0,0
510643,1,1,1998,0,0,0,0,0,0,0,0,0,0
510644,1,1,1998,13,13,13,13,13,13,13,13,13,13
510645,1,1,1998,0,0,0,0,0,0,27,0,0,0
510646,1,1,1998,0,0,0,0,0,0,0,0,0,0
510647,1,1,1998,4,4,4,4,4,4,4,4,4,4
510648,0,1,1998,0,0,0,0,0,0,0,0,0,0
510648,1,1,1998,0,0,0,0,0,0,0,0,0,0
510649,1,1,1998,0,0,0,0,0,0,0,0,15,0
510649,2,1,1998,13,13,13,13,13,13,13,13,13,13
510650,1,1,1998,29,29,29,29,29,29,29,29,29,29
510651,1,1,1998,9,9,9,9,9,9,9,9,9,9
510652,1,1,1998,0,0,0,0,0,0,0,0,0,0
510652,2,1,1998,13,0,0,18,0,13,17,0,17,0
510653,1,1,1998,9,29,27,16,11,0,14,18,28,7
510654,1,1,1998,0,0,0,0,0,0,0,0,0,0
510654,2,1,1998,0,0,0,0,0,0,0,0,0,0
510655,1,1,1998,30,30,30,30,30,30,30,30,30,30
510656,1,1,1998,18,18,18,18,18,18,18,18,18,18
510657,1,1,1998,0,0,0,0,0,0,0,0,0,0
510657,2,1,1998,23,23,23,23,23,23,23,23,23,23
510658,1,1,1998,0,0,0,0,0,0,0,0,0,0
510659,1,1,1998,0,0,0,0,0,0,0,0,0,0
510660,0,1,1998,0,0,0,0,0,0,0,0,0,0
510660,1,1,1998,0,31,0,0,0,0,0,0,0,12
510661,1,1,1998,0,0,0,0,0,0,0,0,0,0
510662,1,1,1998,20,20,20,20,20,20,20,20,20,20
510663,0,1,1998,0,0,0,0,0,0,0,0,0,0
510663,1,1,1998,0,0,15,0,0,0,0,0,11,0
510664,1,1,1998,0,0,0,0,0,0,0,0,0,0
510664,2,1,1998,0,0,0,0,0,0,0,0,0,0
510665,1,1,1998,0,0,0,9,0,0,17,0,10,0
510666,1,1,1998,0,0,0,0,0,0,0,0,0,0
510667,1,1,1998,0,0,0,0,12,0,19,0,0,0
510667,2,1,1998,0,0,0,0,0,0,0,0,14,0
510667,3,1,1998,0,0,0,0,0,0,0,0,0,0
510668,1,1,1998,0,0,0,0,0,0,0,0,0,0
510668,2,1,1998,0,0,0,0,0,0,0,0,0,0
510669,1,1,1998,0,0,0,0,0,0,0,0,0,0
510670,1,1,1998,8,0,0,12,17,5,7,11,24,17
510671,1,1,1998,6,0,26,3,0,0,0,0,11,41
510672,1,1,1998,0,0,0,0,0,0,0,0,0,0
510673,1,1,1998,0,0,0,0,0,0,0,0,0,0
510673,2,1,1998,0,0,0,0,0,0,0,0,0,0
510674,1,1,1998,13,23,27,13,14,37,34,25,19,39
510675,1,1,1998,0,0,0,0,0,0,0,0,0,0
510675,2,1,1998,0,0,0,0,0,0,0,0,0,0
510676,1,1,1998,7,16,12,7,19,23,8,18,12,0
510677,1,1,1998,0,5,15,22,11,17,20,5,5,24
510677,2,1,1998,0,0,0,0,0,0,0,0,0,0
510677,3,1,1998,0,0,0,0,0,0,0,0,0,0
510678,1,1,1998,12,28,22,20,12,16,23,13,30,17
510679,0,1,1998,0,0,0,0,0,0,0,0,0,0
510679,1,1,1998,0,0,0,0,0,0,0,0,0,0
510680,1,1,1998,0,0,0,0,0,0,0,0,0,0
510682,1,1,1998,0,0,0,0,0,0,0,0,0,0
510682,2,1,1998,0,0,0,0,0,0,0,0,0,0
510682,3,1,1998,0,0,0,0,0,0,0,0,0,0
510683,1,1,1998,0,0,0,0,0,0,4,0,0,0
510683,2,1,1998,0,0,0,0,0,0,0,0,0,0
510684,1,1,1998,0,0,0,0,0,0,0,0,0,0
510685,1,1,1998,0,0,0,0,0,0,0,0,0,0
510685,2,1,1998,0,0,0,0,0,0,0,14,0,0
510686,0,1,1998,0,0,0,0,14,0,0,0,0,0
510686,1,1,1998,0,0,0,0,0,0,0,0,0,0
510687,1,1,1998,0,0,0,0,0,0,0,0,0,0
510687,2,1,1998,0,0,0,0,0,0,0,0,0,0
510688,1,1,1998,0,0,0,0,0,0,0,0,0,0
510688,2,1,1998,0,0,0,0,0,0,0,12,0,0
510689,1,1,1998,25,25,25,25,25,25,25,25,25,25
510690,0,1,1998,19,19,19,19,19,19,19,19,19,19
510690,1,1,1998,14,9,13,7,0,20,0,3,0,0
510691,0,1,1998,0,0,0,8,0,18,0,0,0,22
510691,1,1,1998,0,0,0,0,0,0,0,23,0,4
510692,1,1,1998,0,0,0,0,5,0,0,0,0,0
510693,1,1,1998,17,17,17,17,17,17,17,17,17,17
510694,1,1,1998,0,0,0,0,19,0,0,9,0,0
510694,2,1,1998,0,0,0,0,0,0,0,0,0,0
510695,1,1,1998,28,15,18,16,22,9,2,14,13,9
510696,1,1,1998,0,0,0,0,0,0,0,0,0,0
510696,2,1,1998,0,0,0,0,0,0,0,10,0,0
510697,1,1,1998,0,23,0,11,0,10,0,0,0,0
510697,2,1,1998,0,0,0,0,0,0,0,3,0,0
510698,1,1,1998,20,19,20,21,13,13,10,22,21,24
510699,1,1,1998,0,0,0,0,0,0,0,0,0,0
510699,2,1,1998,0,0,0,0,0,0,0,0,0,0
510700,0,1,1998,23,23,23,23,23,23,23,23,23,23
510700,1,1,1998,0,0,0,0,0,0,0,0,0,0
510701,1,1,1998,25,25,25,25,25,25,25,25,25,25
510702,1,1,1998,0,0,0,0,0,0,0,0,0,0
510702,2,1,1998,0,0,0,0,0,0,0,0,0,8
510703,1,1,1998,16,7,24,11,0,19,13,20,0,12
510704,1,1,1998,0,0,20,0,0,9,31,0,11,0
510705,1,1,1998,0,0,0,0,0,0,0,0,0,0
510706,1,1,1998,18,18,18,18,18,18,18,18,18,18
510707,1,1,1998,0,0,0,0,0,0,0,0,0,0
510707,2,1,1998,0,0,0,0,0,0,0,0,14,0
510708,0,1,1998,11,11,11,11,11,11,11,11,11,11
510708,1,1,1998,19,0,0,0,0,0,0,0,0,0
510709,1,1,1998,0,0,0,0,0,0,0,28,0,0
510709,2,1,1998,0,0,0,0,0,0,0,0,0,22
510710,1,1,1998,9,17,34,25,23,17,21,19,32,16
510711,1,1,1998,24,9,39,36,35,18,10,18,13,21
510712,1,1,1998,12,0,0,0,0,0,0,0,0,0
510712,2,1,1998,5,17,7,17,27,23,16,14,15,20
510713,1,1,1998,12,12,12,12,12,12,12,12,12,12
510714,1,1,1998,13,13,13,13,13,13,13,13,13,13
510715,1,1,1998,0,0,0,0,0,0,0,0,0,0
510715,2,1,1998,0,0,0,0,0,0,0,0,0,0
510715,3,1,1998,0,0,0,0,0,0,0,0,0,0
510716,1,1,1998,33,33,33,33,33,33,33,33,33,33
510717,1,1,1998,0,0,0,0,0,0,0,0,0,0
510717,2,1,1998,0,0,0,0,0,0,0,0,0,0
510718,0,1,1998,0,0,0,0,0,0,0,0,0,0
510718,0,2,1998,0,0,22,0,4,11,0,0,0,0
510718,1,1,1998,0,0,0,0,0,0,0,0,0,0
510719,1,1,1998,0,0,0,0,0,0,0,0,0,0
510720,1,1,1998,0,0,0,0,0,0,0,0,0,0
510720,2,1,1998,0,0,0,0,0,0,0,0,0,0
510721,0,1,1998,30,30,30,30,30,30,30,30,30,30
510721,1,1,1998,0,3,0,0,0,0,0,0,0,0
510722,1,1,1998,0,0,0,0,0,0,0,0,0,0
510722,2,1,1998,0,0,0,0,0,0,0,0,0,0
510723,1,1,1998,21,21,21,21,21,21,21,21,21,21
510724,0,1,1998,19,23,51,19,19,16,23,24,11,21
510724,1,1,1998,12,0,0,0,0,0,0,0,0,0
510725,1,1,1998,0,0,0,0,0,0,0,0,0,0
510726,1,1,1998,0,0,0,0,0,0,0,0,0,0
510726,2,1,1998,0,0,0,0,0,0,0,0,0,0
510727,1,1,1998,24,24,24,24,24,24,24,24,24,24
510728,0,1,1998,24,30,27,15,32,11,23,31,32,21
510728,1,1,1998,0,0,0,15,0,0,0,0,17,0
510729,1,1,1998,2,2,2,2,2,2,2,2,2,2
510730,1,1,1998,0,0,0,0,0,0,0,0,0,0
510730,2,1,1998,0,0,0,0,0,0,0,0,0,0
510731,1,1,1998,0,0,0,0,0,0,0,0,0,0
510731,2,1,1998,0,0,0,0,0,0,0,0,0,0
510732,1,1,1998,0,0,0,0,12,0,0,0,0,0
510732,2,1,1998,0,21,0,0,10,0,21,9,0,0
510733,1,1,1998,23,18,5,29,23,10,18,17,41,16
510734,1,1,1998,0,0,0,0,0,0,0,0,0,0
510734,2,1,1998,0,0,0,0,0,0,0,0,0,0
510735,1,1,1998,0,0,0,0,0,0,0,0,0,0
510735,2,1,1998,0,0,0,0,0,0,0,0,0,0
510736,1,1,1998,0,0,0,0,0,0,0,0,0,0
510736,2,1,1998,0,0,0,0,0,0,0,0,0,6
510737,1,1,1998,0,0,0,0,0,0,0,0,0,0
510737,2,1,1998,0,0,0,0,0,7,0,0,0,0
510738,1,1,1998,16,0,0,0,0,21,0,0,0,0
510739,1,1,1998,0,0,0,0,0,0,0,0,0,0
510739,2,1,1998,0,0,0,0,0,0,0,0,0,0
510740,1,1,1998,0,0,0,0,0,0,0,0,0,0
510740,2,1,1998,0,0,0,0,0,0,0,0,0,0
510741,1,1,1998,0,0,0,0,0,0,0,0,0,0
510741,2,1,1998,0,0,0,0,0,0,0,0,0,0
510741,3,1,1998,0,0,0,0,0,0,0,0,0,0
510742,1,1,1998,12,12,20,20,19,16,16,18,16,0
510743,1,1,1998,0,0,0,0,0,0,0,0,0,0
510743,2,1,1998,0,8,0,0,0,0,0,0,0,0
510744,1,1,1998,12,12,12,12,12,12,12,12,12,12
510744,2,1,1998,14,20,12,5,10,13,24,13,18,18
510745,1,1,1998,0,0,0,0,0,0,0,0,0,0
510746,1,1,1998,24,22,16,5,15,15,17,27,17,5
510747,1,1,1998,0,0,0,0,0,0,0,0,0,0
510747,2,1,1998,0,0,0,0,0,0,0,0,0,0
510748,1,1,1998,2,2,2,2,2,2,2,2,2,2
510748,2,1,1998,0,0,0,0,0,0,0,0,0,0
510749,1,1,1998,0,0,0,0,0,0,0,0,0,0
510749,2,1,1998,0,0,0,0,0,0,0,0,0,0
510750,1,1,1998,0,0,0,0,0,0,0,0,0,0
510751,1,1,1998,25,11,0,0,8,0,23,0,0,0
510751,2,1,1998,16,18,8,32,0,29,0,0,13,0
510752,1,1,1998,6,6,6,6,6,6,6,6,6,6
510753,1,1,1998,0,0,0,0,0,0,0,23,0,0
510754,1,1,1998,0,0,10,0,0,0,0,0,0,0
510754,2,1,1998,0,0,0,0,0,0,0,15,0,0
510755,1,1,1998,22,4,21,9,22,18,14,5,16,30
510756,1,1,1998,0,0,0,0,0,0,0,0,0,0
510756,2,1,1998,0,0,0,0,0,0,0,0,0,0
510757,1,1,1998,0,0,0,0,0,6,0,0,0,0
510758,1,1,1998,0,0,0,0,0,0,0,0,0,0
510759,1,1,1998,0,0,0,0,0,20,0,0,0,0
510759,2,1,1998,0,0,0,0,0,0,0,0,0,0
510760,1,1,1998,0,0,0,0,0,0,0,0,0,0
510760,2,1,1998,0,0,0,0,0,0,0,0,0,0
510762,1,1,1998,13,5,18,6,12,12,4,8,16,0
510763,1,1,1998,18,0,0,8,0,4,29,19,16,0
510764,1,1,1998,28,5,13,2,6,8,32,20,23,12
510765,1,1,1998,19,15,18,15,28,22,35,24,22,35
510766,1,1,1998,0,0,0,0,0,0,0,0,0,0
510766,2,1,1998,0,0,11,0,0,0,0,0,0,0
510767,1,1,1998,0,0,10,0,0,0,8,0,0,0
510768,1,1,1998,16,0,0,0,0,0,11,0,18,10
510769,1,1,1998,27,0,21,0,0,0,0,0,0,0
510769,2,1,1998,0,0,28,0,24,0,17,8,20,6
510770,1,1,1998,0,0,0,0,0,0,0,0,0,0
510770,2,1,1998,0,0,0,0,0,0,0,0,0,0
510771,1,1,1998,0,0,27,16,0,0,6,0,0,0
510771,2,1,1998,0,0,0,0,0,0,0,0,0,0
510772,1,1,1998,0,13,0,0,0,0,0,0,0,0
510773,0,1,1998,0,10,11,33,0,15,27,0,18,0
510773,1,1,1998,0,0,0,0,0,0,0,0,0,0
510773,2,1,1998,0,0,0,0,0,0,0,4,0,9
510773,3,1,1998,0,0,16,0,15,14,6,0,13,0
510774,1,1,1998,0,0,0,0,0,0,0,0,0,0
510774,2,1,1998,0,0,0,0,0,0,0,0,0,0
510775,0,1,1998,7,22,28,28,3,13,12,0,14,14
510775,1,1,1998,0,0,0,0,0,0,0,0,0,0
510776,1,1,1998,0,0,0,0,0,0,0,0,0,0
510776,2,1,1998,0,18,0,0,0,0,13,0,0,0
510777,0,1,1998,0,0,0,0,0,0,0,0,0,0
510777,1,1,1998,0,0,0,0,0,0,0,0,0,0
510778,1,1,1998,14,33,19,11,8,10,25,22,24,15
510779,1,1,1998,0,0,0,0,0,0,0,0,0,0
510779,2,1,1998,0,0,0,0,0,0,0,0,0,0
510780,0,1,1998,15,0,0,0,0,16,0,0,0,0
510780,1,1,1998,0,0,0,0,8,0,0,0,0,0
510781,1,1,1998,23,15,0,11,18,25,20,31,16,20
510782,1,1,1998,0,0,0,0,0,0,0,0,0,0
510782,2,1,1998,0,0,0,0,0,0,0,0,0,0
510783,1,1,1998,0,0,0,0,0,0,0,0,0,0
510783,2,1,1998,0,0,0,0,0,0,0,0,0,0
510784,1,1,1998,0,15,28,25,0,0,0,0,10,0
510785,1,1,1998,0,0,0,0,0,0,0,0,0,0
510785,2,1,1998,0,0,0,0,0,0,0,0,0,0
510786,1,1,1998,0,0,0,0,0,0,0,0,0,0
510787,1,1,1998,0,0,0,0,0,0,0,0,0,0
510787,2,1,1998,0,0,0,0,0,0,0,0,0,0
510788,0,1,1998,22,0,0,0,0,6,0,0,16,0
510788,1,1,1998,0,0,0,0,0,0,0,0,0,0
510789,1,1,1998,7,9,12,12,20,18,15,15,12,11
510790,1,1,1998,0,0,0,0,0,0,0,0,0,0
510791,1,1,1998,0,0,0,0,0,0,0,0,0,0
510791,2,1,1998,0,0,0,0,0,0,0,0,0,0
510792,1,1,1998,0,0,0,20,0,0,0,0,0,0
510793,1,1,1998,31,0,0,12,15,0,27,13,0,0
510794,1,1,1998,0,23,25,15,9,9,39,29,12,21
510794,2,1,1998,27,10,9,0,29,0,22,12,12,5
510795,1,1,1998,15,0,0,0,0,0,14,0,0,0
510796,1,1,1998,0,0,0,0,0,0,0,0,0,0
510796,2,1,1998,0,0,0,0,0,0,0,0,0,0
510797,1,1,1998,0,0,11,0,23,0,0,0,0,0
510798,1,1,1998,0,0,0,0,0,0,0,0,0,0
510798,2,1,1998,0,0,0,0,0,0,0,0,0,0
510799,1,1,1998,0,0,0,0,0,0,0,0,0,0
510799,2,1,1998,0,0,0,0,0,0,0,0,0,0
510800,0,1,1998,12,12,12,12,12,12,12,12,12,12
510800,1,1,1998,0,0,0,0,0,0,0,0,0,0
510801,1,1,1998,0,0,0,0,0,0,11,0,0,0
510801,2,1,1998,0,0,0,0,0,0,0,0,0,0
510802,1,1,1998,9,22,15,8,10,6,8,7,21,0
510802,2,1,1998,0,0,0,0,0,0,0,0,0,0
510803,1,1,1998,27,19,17,17,12,19,41,11,21,21
510804,1,1,1998,0,0,0,0,0,0,0,0,0,0
510804,2,1,1998,0,0,0,0,0,0,0,0,0,0
510805,1,1,1998,0,0,0,0,0,0,0,0,0,0
510805,2,1,1998,20,0,0,0,13,0,0,0,0,0
510806,1,1,1998,0,8,0,0,0,0,0,0,0,0
510806,2,1,1998,0,0,0,0,0,0,0,0,0,0
510807,0,1,1998,0,6,0,0,0,0,0,0,0,0
510807,1,1,1998,0,0,0,0,0,0,0,0,0,0
510808,0,1,1998,0,0,0,0,0,0,0,0,0,0
510808,1,1,1998,0,0,0,0,0,0,0,0,0,0
510809,0,1,1998,0,18,14,18,17,0,0,0,27,0
510809,1,1,1998,0,0,0,0,0,0,0,0,0,0
510810,1,1,1998,0,0,0,0,0,0,0,0,0,0
510810,2,1,1998,0,35,0,0,0,0,22,0,0,16
510811,1,1,1998,0,0,0,0,0,0,0,0,0,0
510811,2,1,1998,0,0,0,0,0,0,0,0,0,0
510812,1,1,1998,26,41,25,19,0,19,22,24,0,24
510813,1,1,1998,22,10,24,16,0,28,8,8,0,0
510813,2,1,1998,0,0,0,0,0,0,0,0,0,0
510814,1,1,1998,0,0,0,0,0,0,0,0,0,0
510814,2,1,1998,0,0,0,0,0,0,0,0,0,0
510815,1,1,1998,0,0,0,0,0,0,0,0,0,0
510815,2,1,1998,0,0,0,0,0,0,0,0,0,0
510816,1,1,1998,30,0,0,18,0,22,0,0,0,0
510817,1,1,1998,6,0,0,0,0,16,15,0,0,0
510817,2,1,1998,0,0,0,0,0,0,0,0,0,0
510818,1,1,1998,0,0,0,0,0,0,10,0,0,0
510818,2,1,1998,0,0,0,0,0,0,0,0,0,0
510819,1,1,1998,0,0,0,0,0,0,0,0,0,0
510820,1,1,1998,3,0,28,0,0,0,21,0,7,0
510821,1,1,1998,0,0,0,0,0,0,0,0,0,0
510821,2,1,1998,0,0,0,0,0,0,0,0,0,0
510822,1,1,1998,15,6,7,17,11,0,23,15,0,2
510824,1,1,1998,0,0,0,0,0,0,0,0,0,0