ST_CASE,VEH_NO,PER_NO,YEAR,P1,P2,P3,P4,P5,P6,P7,P8,P9,P10
550469,0,1,1998,0,0,0,0,0,0,0,0,0,0
550469,1,1,1998,13,13,13,13,13,13,13,13,13,13
550470,1,1,1998,0,0,0,0,0,0,0,0,0,0
550470,2,1,1998,0,0,0,0,0,0,0,0,0,0
550471,0,1,1998,16,0,0,0,0,0,0,0,0,0
550471,1,1,1998,0,0,0,0,0,0,0,0,0,0
550472,1,1,1998,0,0,0,0,0,0,0,0,0,0
550473,1,1,1998,0,0,0,0,0,0,0,0,0,0
550473,2,1,1998,0,0,0,0,0,0,0,0,0,0
550474,1,1,1998,0,0,0,0,0,0,0,0,0,0
550474,2,1,1998,0,0,0,0,0,0,0,0,0,0
550474,3,1,1998,0,0,0,0,0,0,0,0,0,0
550475,1,1,1998,0,0,0,0,0,0,0,0,0,0
550475,2,1,1998,0,0,0,0,0,0,0,0,0,0
550476,1,1,1998,0,0,0,0,0,0,0,0,0,0
550477,1,1,1998,0,0,0,0,0,0,0,0,0,0
550478,1,1,1998,25,25,25,25,25,25,25,25,25,25
550479,1,1,1998,0,0,0,0,0,0,0,0,0,0
550479,2,1,1998,0,0,0,0,0,0,0,0,0,0
550480,1,1,1998,0,0,0,0,0,0,0,0,0,0
550480,2,1,1998,0,0,0,0,0,0,0,0,0,0
550480,3,1,1998,0,0,0,0,0,0,0,0,0,0
550481,1,1,1998,0,0,0,0,0,0,0,0,0,0
550481,2,1,1998,0,0,0,0,0,0,0,0,0,0
550482,1,1,1998,0,0,0,0,0,0,0,0,0,0
550482,2,1,1998,0,0,0,0,0,0,0,0,0,0
550483,1,1,1998,22,12,13,7,0,7,11,15,29,7
550484,1,1,1998,0,0,0,0,0,0,0,0,0,0
550484,2,1,1998,0,0,0,0,0,0,0,0,0,0
550485,1,1,1998,0,0,0,0,0,0,0,0,0,0
550485,2,1,1998,0,0,0,0,0,0,20,0,0,0
550485,3,1,1998,0,0,0,0,0,0,0,0,0,0
550486,1,1,1998,11,11,11,11,11,11,11,11,11,11
550487,1,1,1998,0,0,0,0,0,0,0,0,0,0
550487,2,1,1998,12,12,12,12,12,12,12,12,12,12
550487,3,1,1998,9,9,9,9,9,9,9,9,9,9
550488,0,1,1998,21,18,47,4,23,0,0,0,23,3
550488,0,2,1998,3,3,3,3,3,3,3,3,3,3
550488,0,3,1998,0,0,0,0,0,0,0,0,0,0
550488,1,1,1998,0,0,0,0,0,2,0,0,0,0
550489,1,1,1998,0,0,0,13,19,0,0,0,0,0
550491,1,1,1998,19,19,19,19,19,19,19,19,19,19
550492,1,1,1998,0,0,0,0,0,0,0,0,0,0
550492,2,1,1998,0,0,0,0,0,0,0,0,0,0
550493,0,1,1998,0,0,0,0,0,0,0,0,0,0
550493,1,1,1998,0,0,0,0,0,0,0,0,0,0
550494,1,1,1998,0,0,0,0,0,0,0,0,0,0
550494,2,1,1998,0,0,0,0,0,0,0,0,0,0
550495,1,1,1998,0,0,0,0,0,0,0,0,0,0
550496,1,1,1998,25,25,25,25,25,25,25,25,25,25
550497,0,1,1998,0,0,0,0,0,0,0,0,0,0
550497,1,1,1998,0,0,0,0,0,0,0,0,0,0
550498,1,1,1998,0,0,0,0,0,0,0,0,0,0
550499,1,1,1998,8,8,8,8,8,8,8,8,8,8
550500,1,1,1998,4,4,4,4,4,4,4,4,4,4
550500,2,1,1998,0,0,0,16,0,0,12,0,0,0
550501,1,1,1998,0,0,0,0,17,0,0,0,0,0
550501,2,1,1998,0,0,0,0,0,0,0,0,0,0
550502,1,1,1998,20,20,20,20,20,20,20,20,20,20
550503,0,1,1998,0,0,0,0,0,0,0,0,0,0
550503,1,1,1998,0,0,0,0,0,0,0,0,0,0
550504,1,1,1998,13,10,14,5,29,24,6,17,11,28
550505,0,1,1998,0,11,0,2,16,0,0,0,0,0
550505,0,2,1998,0,0,0,0,0,0,0,0,0,0
550505,2,1,1998,0,0,0,0,0,0,0,0,0,0
550506,1,1,1998,6,6,6,6,6,6,6,6,6,6
550507,1,1,1998,0,0,0,0,0,0,0,0,0,0
550507,2,1,1998,0,0,0,0,0,0,0,0,0,0
550508,1,1,1998,0,0,0,0,0,0,0,0,0,0
550508,2,1,1998,0,0,0,0,0,0,0,0,0,0
550509,1,1,1998,0,0,0,0,0,0,0,0,0,0
550509,2,1,1998,0,0,0,0,0,0,0,0,0,0
550510,1,1,1998,0,0,0,0,0,0,0,0,0,0
550511,0,1,1998,26,26,26,26,26,26,26,26,26,26
550511,1,1,1998,19,19,19,19,19,19,19,19,19,19
550512,1,1,1998,0,0,0,0,0,0,0,0,0,0
550512,2,1,1998,0,0,0,0,0,0,0,0,0,0
550513,1,1,1998,0,0,0,0,0,0,0,0,0,0
550513,2,1,1998,0,0,0,0,0,0,0,0,0,0
550513,3,1,1998,0,0,0,0,0,0,0,0,0,0
550514,1,1,1998,0,0,0,0,25,0,0,0,5,0
550514,2,1,1998,0,0,0,0,0,0,0,0,0,0
550515,1,1,1998,0,0,0,0,0,0,0,0,0,0
550516,1,1,1998,0,0,0,0,0,0,0,0,0,0
550516,2,1,1998,0,0,0,0,0,0,0,0,0,0
550517,1,1,1998,0,0,0,0,0,0,0,0,0,9
550517,2,1,1998,0,0,0,0,0,0,5,0,0,0
550518,1,1,1998,25,25,25,25,25,25,25,25,25,25
550519,1,1,1998,0,0,0,0,0,0,0,0,0,0
550520,1,1,1998,0,0,0,0,0,0,0,0,0,0
550520,2,1,1998,0,0,0,0,0,0,0,0,0,0
550521,1,1,1998,0,0,0,0,0,0,0,0,0,0
550522,1,1,1998,25,25,25,25,25,25,25,25,25,25
550522,2,1,1998,0,0,0,0,0,0,0,0,0,0
550523,1,1,1998,20,20,20,20,20,20,20,20,20,20
550524,1,1,1998,0,0,0,0,0,0,0,0,0,0
550524,2,1,1998,0,0,0,0,0,0,0,0,0,0
550525,1,1,1998,0,0,0,0,0,0,0,0,0,0
550525,2,1,1998,0,0,0,0,0,0,0,0,0,0
550526,1,1,1998,6,6,6,6,6,6,6,6,6,6
550527,1,1,1998,0,0,0,0,0,0,0,0,0,0
550527,2,1,1998,0,0,0,0,0,0,0,0,0,0
550528,1,1,1998,20,20,20,20,20,20,20,20,20,20
550529,0,1,1998,0,0,0,0,0,0,0,0,0,0
550529,1,1,1998,0,0,0,0,0,0,0,0,0,0
550530,1,1,1998,0,0,0,0,0,0,0,0,0,0
550530,2,1,1998,0,0,0,0,0,0,0,0,0,0
550531,1,1,1998,0,0,0,0,0,0,0,0,0,0
550531,2,1,1998,0,0,0,0,0,0,0,0,0,0
550531,3,1,1998,0,0,0,0,0,0,0,0,0,0
550532,1,1,1998,0,0,0,0,0,0,0,0,0,0
550532,2,1,1998,26,26,26,26,26,26,26,26,26,26
550533,1,1,1998,14,14,14,14,14,14,14,14,14,14
550533,2,1,1998,0,0,0,0,0,0,0,0,0,0
550534,1,1,1998,9,9,9,9,9,9,9,9,9,9
550535,1,1,1998,0,0,0,0,0,0,0,0,0,0
550536,1,1,1998,0,0,0,0,0,0,0,0,0,0
550536,2,1,1998,0,0,0,0,0,0,0,0,0,0
550537,1,1,1998,0,0,0,0,0,17,0,0,0,8
550537,2,1,1998,0,0,0,0,0,0,0,0,0,0
550538,1,1,1998,0,0,0,0,0,0,0,0,0,0
550538,2,1,1998,0,0,0,0,0,0,0,0,0,0
550539,1,1,1998,0,0,0,0,0,0,0,0,0,0
550539,2,1,1998,0,0,0,0,0,0,0,0,0,0
550540,1,1,1998,0,0,0,0,0,0,0,0,0,0
550540,2,1,1998,0,0,0,0,0,0,0,0,0,0
550541,1,1,1998,0,0,0,0,0,0,0,0,0,0
550541,2,1,1998,0,0,12,0,0,0,0,0,0,0
550542,1,1,1998,0,0,0,0,0,0,0,0,0,0
550542,2,1,1998,0,0,0,0,0,0,0,0,0,0
550543,1,1,1998,14,14,14,14,14,14,14,14,14,14
550543,2,1,1998,0,0,10,0,0,0,18,0,0,0
550543,3,1,1998,0,0,0,0,0,0,0,0,0,0
550544,0,1,1998,0,11,14,18,15,30,0,0,14,37
550544,1,1,1998,14,14,14,14,14,14,14,14,14,14
550545,1,1,1998,23,23,23,23,23,23,23,23,23,23
550546,1,1,1998,0,0,0,0,0,0,0,0,0,0
550547,1,1,1998,0,0,0,0,0,0,0,0,0,0
550547,2,1,1998,0,0,0,0,0,0,0,0,0,0
550548,1,1,1998,0,0,0,0,0,0,0,0,0,0
550548,2,1,1998,0,0,0,0,0,0,0,0,0,0
550549,1,1,1998,22,22,22,22,22,22,22,22,22,22
550550,0,1,1998,13,13,13,13,13,13,13,13,13,13
550550,1,1,1998,0,0,0,0,0,0,0,0,0,0
550550,2,1,1998,0,0,0,0,2,0,0,0,10,0
550550,3,1,1998,0,0,0,0,0,0,11,7,0,0
550551,1,1,1998,19,19,19,19,19,19,19,19,19,19
550552,1,1,1998,0,0,0,0,0,0,0,0,0,0
550552,2,1,1998,0,0,0,0,0,0,0,0,0,0
550553,1,1,1998,0,0,0,0,0,0,0,0,0,0
550553,2,1,1998,0,0,0,0,0,0,0,0,0,0
550554,1,1,1998,1,1,1,1,1,1,1,1,1,1
550555,1,1,1998,0,0,0,0,0,0,0,0,0,0
550556,1,1,1998,0,0,0,0,0,0,0,0,0,0
550557,1,1,1998,0,0,0,0,0,0,0,0,0,0
550557,2,1,1998,0,0,0,0,0,0,0,0,0,0
550558,1,1,1998,0,0,0,0,0,8,0,0,0,13
550558,2,1,1998,0,0,0,23,14,0,0,14,0,0
550559,0,1,1998,24,24,24,24,24,24,24,24,24,24
550559,1,1,1998,0,0,0,0,0,0,0,0,0,0
550560,0,1,1998,16,16,16,16,16,16,16,16,16,16
550560,1,1,1998,0,0,0,0,0,0,0,0,0,0
550561,1,1,1998,0,0,0,8,0,0,0,0,0,0
550561,2,1,1998,27,27,27,27,27,27,27,27,27,27
550562,1,1,1998,11,11,11,11,11,11,11,11,11,11
550563,0,1,1998,0,0,15,23,0,0,0,39,0,0
550563,1,1,1998,0,0,0,0,0,0,0,0,0,0
550564,1,1,1998,0,0,0,0,0,0,0,0,0,0
550564,2,1,1998,0,0,0,0,0,0,0,0,0,0
550565,1,1,1998,15,0,0,21,0,0,0,0,6,7
550566,0,1,1998,0,0,0,0,0,0,0,0,0,0
550566,1,1,1998,0,0,0,0,0,0,0,0,0,0
550567,1,1,1998,0,0,0,0,0,0,0,0,0,0
550567,2,1,1998,0,0,0,0,0,0,0,0,0,0
550568,1,1,1998,0,0,0,0,0,0,0,0,0,0
550569,1,1,1998,0,0,0,0,0,0,0,0,0,0
550570,1,1,1998,0,0,0,0,0,0,0,0,0,0
550570,2,1,1998,0,0,0,0,0,0,0,0,0,0
550571,1,1,1998,23,23,23,23,23,23,23,23,23,23
550572,1,1,1998,31,31,31,31,31,31,31,31,31,31
550573,1,1,1998,0,0,0,0,0,0,0,0,0,0
550574,1,1,1998,0,0,0,0,0,0,0,0,0,0
550574,2,1,1998,0,0,0,0,0,0,0,0,0,0
550575,1,1,1998,0,0,0,0,0,0,0,0,0,16
550575,2,1,1998,0,0,0,0,0,0,0,0,0,0
550576,1,1,1998,14,14,14,14,14,14,14,14,14,14
550577,1,1,1998,8,8,8,8,8,8,8,8,8,8
550578,1,1,1998,0,0,0,0,0,0,0,0,0,0
550578,2,1,1998,0,0,0,0,0,0,0,0,0,0
550579,1,1,1998,6,6,6,6,6,6,6,6,6,6
550580,1,1,1998,22,22,22,22,22,22,22,22,22,22
550580,2,1,1998,0,0,0,0,0,0,0,0,0,0
550581,0,1,1998,0,0,0,0,0,0,0,0,0,0
550581,1,1,1998,0,0,0,0,0,0,0,0,0,0
550582,1,1,1998,27,27,27,27,27,27,27,27,27,27
550583,1,1,1998,17,17,17,17,17,17,17,17,17,17
550584,1,1,1998,21,21,21,21,21,21,21,21,21,21
550585,1,1,1998,9,9,9,9,9,9,9,9,9,9
550586,1,1,1998,0,0,0,0,0,0,0,0,0,0
550587,1,1,1998,0,0,0,0,0,0,0,0,0,0
550588,1,1,1998,0,0,0,0,0,0,0,0,0,0
550588,2,1,1998,0,0,0,0,0,0,0,0,0,0
550589,1,1,1998,0,0,0,0,0,0,0,0,0,0
550589,2,1,1998,0,0,0,0,0,0,0,0,0,0
550590,1,1,1998,0,0,0,0,0,0,0,0,0,0
550591,1,1,1998,7,7,7,7,7,7,7,7,7,7
550591,2,1,1998,0,0,0,0,0,0,0,0,0,0
550592,1,1,1998,19,19,19,19,19,19,19,19,19,19
550593,1,1,1998,21,21,21,21,21,21,21,21,21,21
550594,1,1,1998,0,0,0,0,0,0,0,0,0,0
550595,1,1,1998,0,0,0,0,0,0,0,0,0,0
550595,2,1,1998,0,0,0,0,0,0,0,0,0,0
550595,3,1,1998,0,0,0,0,0,0,0,0,0,0
550596,1,1,1998,0,0,0,0,9,0,0,9,4,0
550597,1,1,1998,8,8,8,8,8,8,8,8,8,8
550598,1,1,1998,0,0,0,0,0,0,0,0,0,0
550598,2,1,1998,0,0,0,0,0,0,0,0,0,0
550598,3,1,1998,0,0,0,0,0,0,0,0,0,0
550599,1,1,1998,0,0,0,0,0,0,0,0,0,0
550600,1,1,1998,0,0,0,0,0,0,0,0,0,0
550600,2,1,1998,0,0,0,12,0,0,0,0,0,0
550600,3,1,1998,0,0,0,0,0,0,0,0,0,22
550601,1,1,1998,21,21,21,21,21,21,21,21,21,21
550602,1,1,1998,0,0,0,0,0,0,0,0,0,0
550602,2,1,1998,0,0,0,0,0,0,0,0,0,0
550603,1,1,1998,2,7,0,0,10,0,0,7,0,0
550603,2,1,1998,0,0,0,0,0,0,0,0,0,0
550603,3,1,1998,0,0,0,0,0,8,0,0,0,0
550604,1,1,1998,22,22,22,22,22,22,22,22,22,22
550605,1,1,1998,0,0,0,0,0,0,0,0,0,0
550606,1,1,1998,18,18,18,18,18,18,18,18,18,18
550607,1,1,1998,24,24,24,24,24,24,24,24,24,24
550607,2,1,1998,21,21,21,21,21,21,21,21,21,21
550608,1,1,1998,0,0,0,0,0,0,0,0,0,0
550608,2,1,1998,0,0,0,0,0,0,0,0,0,0
550609,1,1,1998,25,25,25,25,25,25,25,25,25,25
550609,2,1,1998,0,0,0,0,0,0,0,0,0,0
550610,0,1,1998,0,0,0,0,0,0,0,0,0,0
550610,1,1,1998,18,18,18,18,18,18,18,18,18,18
550611,1,1,1998,0,0,0,0,0,0,0,0,0,0
550612,1,1,1998,0,0,0,0,0,0,0,0,0,0
550613,1,1,1998,0,0,0,0,0,0,0,0,0,0
550613,2,1,1998,0,0,0,0,0,0,0,0,0,0
550614,1,1,1998,21,21,21,21,21,21,21,21,21,21
550615,0,1,1998,0,0,0,0,0,0,0,0,0,0
550615,1,1,1998,0,0,0,0,0,0,0,0,0,0
550616,1,1,1998,24,24,24,24,24,24,24,24,24,24
550617,1,1,1998,23,23,23,23,23,23,23,23,23,23
550617,2,1,1998,0,0,0,0,0,0,0,0,0,0
550618,1,1,1998,27,27,27,27,27,27,27,27,27,27
550618,2,1,1998,0,0,7,0,14,0,0,0,0,14
550618,3,1,1998,0,0,0,0,0,0,0,0,0,0
550618,4,1,1998,0,0,0,0,0,0,0,0,0,0
550619,1,1,1998,0,0,0,0,0,0,0,0,0,0
550619,2,1,1998,0,0,0,0,0,0,0,0,0,0
550620,1,1,1998,0,0,0,0,0,0,0,0,0,0
550620,2,1,1998,0,0,0,0,0,0,0,0,0,0
550621,1,1,1998,0,0,0,0,0,0,0,0,0,0
550621,2,1,1998,0,0,0,0,0,0,0,0,0,0
550622,0,1,1998,0,0,0,0,0,0,0,0,0,0
550622,1,1,1998,0,0,0,0,0,0,0,0,0,0
550623,1,1,1998,16,16,16,16,16,16,16,16,16,16
550624,0,1,1998,21,21,21,21,21,21,21,21,21,21
550624,1,1,1998,4,4,4,4,4,4,4,4,4,4
550625,1,1,1998,8,23,11,28,16,22,7,13,17,8
550626,1,1,1998,31,31,31,31,31,31,31,31,31,31
550627,1,1,1998,19,19,19,19,19,19,19,19,19,19
550627,2,1,1998,0,0,0,0,0,0,0,0,0,0
550628,1,1,1998,0,0,0,0,0,0,0,0,0,0
550628,2,1,1998,0,0,0,0,0,0,0,0,0,0
550629,0,1,1998,0,0,0,0,0,0,0,0,0,0
550629,1,1,1998,0,0,0,12,0,0,0,0,0,0
550630,1,1,1998,24,24,24,24,24,24,24,24,24,24
550630,2,1,1998,0,0,0,0,0,0,0,0,0,0
550631,1,1,1998,22,9,23,11,13,0,12,0,17,0
550632,0,1,1998,24,35,0,0,0,12,29,0,0,5
550632,1,1,1998,0,0,0,0,0,0,0,0,0,0
550633,1,1,1998,10,10,10,10,10,10,10,10,10,10
550633,2,1,1998,0,0,16,0,0,15,0,0,0,0
550634,0,1,1998,15,12,0,0,9,0,0,0,0,0
550634,1,1,1998,0,0,0,0,0,0,0,0,0,0
560001,1,1,1998,22,22,22,22,22,22,22,22,22,22
560001,2,1,1998,0,0,0,0,0,0,0,0,0,0
560001,3,1,1998,0,0,0,0,0,0,0,0,0,0
560002,1,1,1998,0,0,0,0,0,0,0,0,0,0
560002,2,1,1998,0,0,0,0,0,0,0,0,0,0
560003,1,1,1998,0,0,0,0,0,0,0,0,0,0
560004,1,1,1998,0,0,0,0,0,0,0,0,0,0
560005,0,1,1998,0,0,0,0,0,0,0,0,0,0
560005,1,1,1998,0,0,0,0,0,0,0,0,0,0
560005,2,1,1998,0,0,0,0,0,0,0,0,0,0
560005,3,1,1998,0,0,0,0,0,0,0,0,0,0
560006,1,1,1998,14,14,14,14,14,14,14,14,14,14
560007,1,1,1998,0,0,0,0,0,0,0,0,0,0
560007,2,1,1998,0,0,0,0,0,0,0,0,0,0
560008,1,1,1998,21,21,21,21,21,21,21,21,21,21
560008,2,1,1998,0,0,0,0,0,0,0,0,0,0
560009,1,1,1998,0,0,0,0,0,0,0,0,0,0
560009,2,1,1998,0,0,0,0,0,0,0,0,0,0
560010,1,1,1998,0,0,0,0,0,0,0,0,0,0
560011,1,1,1998,0,0,0,0,0,0,0,0,0,0
560011,2,1,1998,0,0,0,0,0,0,0,0,0,0
560012,1,1,1998,0,0,0,0,0,0,0,0,0,0
560012,2,1,1998,0,0,0,0,0,0,0,0,18,0
560013,1,1,1998,0,12,44,4,23,16,0,13,30,29
560014,1,1,1998,0,0,0,0,0,0,0,0,0,0
560014,2,1,1998,0,0,0,0,0,0,0,0,0,0
560015,1,1,1998,0,0,0,0,0,0,0,0,0,0
560015,2,1,1998,0,0,0,0,0,0,0,0,0,0
560016,1,1,1998,15,15,15,15,15,15,15,15,15,15
560017,1,1,1998,20,20,20,20,20,20,20,20,20,20
560018,1,1,1998,23,23,23,23,23,23,23,23,23,23
560018,2,1,1998,0,0,0,0,0,0,0,0,0,0
560019,1,1,1998,22,0,0,0,18,0,0,20,0,15
560019,2,1,1998,22,22,22,22,22,22,22,22,22,22
560020,1,1,1998,0,0,0,0,0,0,0,0,0,0
560020,2,1,1998,23,23,23,23,23,23,23,23,23,23
560021,1,1,1998,17,17,17,17,17,17,17,17,17,17
560022,1,1,1998,0,0,0,0,0,0,0,0,0,0
560023,1,1,1998,15,15,15,15,15,15,15,15,15,15
560023,2,1,1998,0,0,0,0,0,0,0,0,0,0
560024,1,1,1998,23,23,23,23,23,23,23,23,23,23
560024,2,1,1998,0,0,0,0,0,0,0,0,0,0
560025,1,1,1998,30,30,30,30,30,30,30,30,30,30
560025,2,1,1998,0,0,0,0,0,0,0,0,0,0
560026,1,1,1998,25,25,25,25,25,25,25,25,25,25
560026,2,1,1998,0,0,0,0,0,0,0,0,0,0
560027,1,1,1998,0,0,0,0,0,0,0,0,0,0
560028,1,1,1998,17,17,17,17,17,17,17,17,17,17
560029,1,1,1998,20,20,20,20,20,20,20,20,20,20
560030,1,1,1998,1,1,1,1,1,1,1,1,1,1
560030,2,1,1998,0,0,0,0,0,0,0,0,0,0
560031,1,1,1998,0,0,0,0,0,0,0,0,0,0
560032,1,1,1998,0,0,0,0,0,0,0,0,0,0
560033,1,1,1998,0,0,0,0,0,0,0,0,0,0
560034,1,1,1998,37,37,37,37,37,37,37,37,37,37
560035,1,1,1998,44,44,44,44,44,44,44,44,44,44
560036,1,1,1998,0,0,0,0,0,0,0,0,0,0
560036,2,1,1998,0,0,0,0,0,0,0,0,0,0
560037,1,1,1998,0,0,0,0,0,0,0,0,0,0
560038,1,1,1998,0,0,0,0,0,0,0,0,0,0
560039,1,1,1998,7,7,7,7,7,7,7,7,7,7
560040,1,1,1998,0,0,0,0,0,0,0,0,0,0
560041,1,1,1998,24,24,24,24,24,24,24,24,24,24
560042,1,1,1998,0,0,0,0,0,0,0,0,0,0
560042,2,1,1998,0,0,0,0,0,0,0,0,0,0
560043,1,1,1998,0,0,0,0,0,0,0,0,0,0
560044,1,1,1998,0,0,0,0,0,0,0,0,0,0
560045,1,1,1998,0,0,0,0,0,0,0,0,0,0
560046,1,1,1998,0,22,27,0,0,0,18,0,0,0
560047,1,1,1998,0,0,0,0,0,0,0,0,0,0
560047,2,1,1998,0,0,0,0,0,0,0,0,0,0
560048,1,1,1998,0,0,0,8,0,0,0,13,0,8
560049,1,1,1998,30,26,15,25,10,11,14,25,22,10
560050,0,1,1998,0,0,0,0,0,0,0,0,0,0
560050,1,1,1998,3,3,3,3,3,3,3,3,3,3
560051,1,1,1998,0,0,0,0,0,0,0,0,0,0
560052,1,1,1998,0,0,0,0,0,0,0,0,0,0
560052,2,1,1998,0,0,0,0,0,0,0,0,0,0
560053,1,1,1998,0,0,0,0,0,0,0,0,0,0
560054,1,1,1998,0,0,0,0,0,0,0,0,0,0
560054,2,1,1998,0,0,0,0,0,0,0,0,0,0
560055,1,1,1998,11,11,11,11,11,11,11,11,11,11
560055,2,1,1998,14,14,14,14,14,14,14,14,14,14
560056,1,1,1998,25,25,25,25,25,25,25,25,25,25
560057,1,1,1998,27,27,27,27,27,27,27,27,27,27
560057,2,1,1998,0,0,0,0,0,0,0,0,0,0
560058,1,1,1998,0,0,16,0,11,10,0,0,0,0
560058,2,1,1998,0,0,0,0,0,0,0,0,0,0
560059,1,1,1998,0,0,0,0,0,0,0,0,0,0
560059,2,1,1998,0,0,0,0,0,0,0,0,0,0
560060,1,1,1998,16,16,16,16,16,16,16,16,16,16
560061,1,1,1998,12,12,12,12,12,12,12,12,12,12
560062,1,1,1998,17,17,17,17,17,17,17,17,17,17
560063,1,1,1998,0,0,0,0,0,0,0,0,0,0
560064,1,1,1998,0,0,0,0,0,0,0,0,0,0
560065,1,1,1998,0,0,0,0,0,0,0,0,0,0
560066,1,1,1998,9,0,9,19,0,0,0,0,12,17
560067,1,1,1998,16,16,16,16,16,16,16,16,16,16
560068,1,1,1998,0,0,0,0,0,0,0,0,0,0
560069,1,1,1998,0,0,0,0,0,16,0,19,0,18
560070,1,1,1998,0,0,0,0,0,0,0,0,0,0
560070,2,1,1998,0,0,0,0,0,0,0,0,0,0
560071,1,1,1998,0,0,0,0,0,0,0,0,0,0
560072,1,1,1998,25,25,25,25,25,25,25,25,25,25
560073,1,1,1998,0,0,0,0,0,4,13,0,0,0
560074,1,1,1998,19,19,19,19,19,19,19,19,19,19
560075,1,1,1998,0,0,0,0,0,0,0,0,0,0
560075,2,1,1998,0,0,0,0,0,0,0,0,0,0
560076,1,1,1998,0,0,15,0,0,0,0,0,0,0
560077,1,1,1998,0,0,0,0,0,0,0,0,0,0
560078,1,1,1998,33,33,33,33,33,33,33,33,33,33
560079,1,1,1998,0,0,0,0,0,0,0,0,0,0
560079,2,1,1998,0,0,0,0,0,0,0,0,0,0
560080,1,1,1998,0,0,0,0,0,0,0,0,0,0
560081,1,1,1998,35,35,35,35,35,35,35,35,35,35
560082,1,1,1998,32,32,32,32,32,32,32,32,32,32
560083,1,1,1998,8,8,8,8,8,8,8,8,8,8
560084,1,1,1998,15,15,15,15,15,15,15,15,15,15
560085,1,1,1998,14,14,14,14,14,14,14,14,14,14
560086,1,1,1998,0,0,0,0,0,0,0,0,0,0
560087,1,1,1998,0,0,0,0,0,0,0,0,0,0
560088,1,1,1998,27,27,27,27,27,27,27,27,27,27
560089,1,1,1998,0,0,0,0,0,0,0,0,0,0
560090,1,1,1998,4,4,4,4,4,4,4,4,4,4
560090,2,1,1998,0,0,0,0,0,0,0,0,0,0
560091,1,1,1998,0,0,0,0,0,0,0,0,0,0
560091,2,1,1998,0,0,0,0,0,0,0,0,0,0
560092,1,1,1998,0,0,0,0,0,0,0,0,16,0
560093,1,1,1998,0,0,0,0,0,0,0,0,0,0
560094,1,1,1998,0,0,0,0,0,0,0,0,0,0
560095,1,1,1998,0,0,0,0,0,0,0,0,0,0
560096,1,1,1998,21,21,21,21,21,21,21,21,21,21
560097,1,1,1998,0,0,0,0,0,0,0,0,0,0
560098,1,1,1998,7,7,7,7,7,7,7,7,7,7
560099,1,1,1998,0,0,0,0,0,0,0,0,0,0
560099,2,1,1998,0,0,0,0,0,0,0,0,0,0
560100,0,1,1998,0,0,0,0,0,0,0,0,0,0
560100,1,1,1998,0,0,0,0,0,0,0,0,0,0
560100,2,1,1998,0,0,0,0,0,0,0,0,0,0
560100,3,1,1998,0,0,0,0,0,0,0,0,0,0
560101,1,1,1998,16,16,16,16,16,16,16,16,16,16
560102,1,1,1998,20,20,20,20,20,20,20,20,20,20
560103,1,1,1998,0,0,0,0,0,0,0,0,0,0
560104,0,1,1998,0,0,0,8,0,0,12,0,0,0
560104,1,1,1998,0,0,0,0,0,0,0,0,0,0
560105,1,1,1998,0,0,0,0,0,0,0,0,0,0
560106,1,1,1998,26,26,26,26,26,26,26,26,26,26
560107,1,1,1998,11,11,11,11,11,11,11,11,11,11
560108,1,1,1998,0,0,0,0,0,0,0,0,0,0
560109,1,1,1998,17,17,17,17,17,17,17,17,17,17
560109,2,1,1998,0,0,0,0,0,0,0,0,0,0
560110,1,1,1998,0,0,0,9,0,0,0,0,0,0
560111,1,1,1998,0,0,0,0,0,0,0,0,0,0
560111,2,1,1998,0,0,0,0,0,0,0,0,0,0
560112,0,1,1998,0,0,0,0,0,0,0,0,0,0
560112,1,1,1998,0,0,0,0,0,0,0,0,0,0
560113,1,1,1998,0,0,0,0,0,0,0,0,0,0
560113,2,1,1998,3,3,3,3,3,3,3,3,3,3
560114,1,1,1998,7,7,7,7,7,7,7,7,7,7
560115,1,1,1998,16,16,16,16,16,16,16,16,16,16
560116,1,1,1998,12,12,12,12,12,12,12,12,12,12
560117,1,1,1998,15,15,15,15,15,15,15,15,15,15
560118,1,1,1998,0,0,0,0,0,0,0,0,0,0
560119,1,1,1998,28,28,28,28,28,28,28,28,28,28
560120,0,1,1998,0,0,0,0,0,0,0,0,0,0
560120,1,1,1998,0,0,0,0,0,0,0,0,0,0
560121,1,1,1998,22,22,22,22,22,22,22,22,22,22
560122,1,1,1998,25,25,25,25,25,25,25,25,25,25
560123,1,1,1998,0,0,0,0,0,0,0,0,0,0
560123,2,1,1998,0,0,0,0,0,0,0,0,0,0
560124,1,1,1998,7,7,7,7,7,7,7,7,7,7
560125,1,1,1998,0,0,0,0,0,0,0,0,0,0
560126,1,1,1998,0,0,0,0,0,0,27,0,0,0
560127,1,1,1998,0,0,0,0,0,0,0,0,0,0
560127,2,1,1998,0,0,0,0,0,17,0,0,0,0
560127,3,1,1998,0,0,0,0,0,0,0,0,0,0
560128,1,1,1998,0,0,0,0,0,0,0,0,0,0
560129,1,1,1998,24,24,24,24,24,24,24,24,24,24