ST_CASE,VEH_NO,PER_NO,YEAR,P1,P2,P3,P4,P5,P6,P7,P8,P9,P10
61573,1,1,1998,22,22,22,22,22,22,22,22,22,22
61573,2,1,1998,0,0,0,0,0,0,0,0,0,0
61574,1,1,1998,16,16,16,16,16,16,16,16,16,16
61574,2,1,1998,12,0,0,0,0,0,0,0,0,0
61575,1,1,1998,0,0,0,0,0,0,21,0,0,0
61575,2,1,1998,0,0,0,0,0,0,0,0,0,0
61576,1,1,1998,0,0,0,0,0,0,0,0,0,0
61576,2,1,1998,0,0,0,0,0,0,0,0,0,0
61576,3,1,1998,0,0,0,0,0,0,0,0,0,0
61576,4,1,1998,0,0,0,0,0,0,0,0,0,0
61577,1,1,1998,0,0,0,0,0,0,0,0,0,0
61578,1,1,1998,39,0,0,0,23,0,15,0,0,0
61578,2,1,1998,0,0,0,0,0,0,0,0,0,0
61579,1,1,1998,14,14,14,14,14,14,14,14,14,14
61579,2,1,1998,0,0,0,0,0,0,0,0,0,0
61580,1,1,1998,43,43,43,43,43,43,43,43,43,43
61581,1,1,1998,31,31,31,31,31,31,31,31,31,31
61581,2,1,1998,0,0,0,0,0,0,0,0,0,0
61581,3,1,1998,0,0,0,0,0,0,0,0,0,0
61582,1,1,1998,0,7,13,0,10,14,11,5,15,14
61583,0,1,1998,37,37,37,37,37,37,37,37,37,37
61583,1,1,1998,0,0,0,0,0,0,0,0,0,0
61584,1,1,1998,29,29,29,29,29,29,29,29,29,29
61585,1,1,1998,0,0,0,0,0,0,0,0,0,0
61585,2,1,1998,0,0,0,0,0,0,0,0,0,0
61586,0,1,1998,0,0,0,0,0,0,0,0,0,0
61586,0,2,1998,0,0,0,0,0,0,0,0,0,0
61586,1,1,1998,0,0,0,0,0,0,0,0,0,0
61587,1,1,1998,0,0,0,0,0,0,0,0,0,0
61588,1,1,1998,4,4,4,4,4,4,4,4,4,4
61589,1,1,1998,0,0,0,0,0,0,0,0,0,0
61589,2,1,1998,0,0,0,0,0,0,0,0,0,0
61589,3,1,1998,0,0,0,0,0,0,0,0,0,0
61590,0,1,1998,0,32,0,0,0,0,0,0,0,0
61590,1,1,1998,0,0,0,0,0,0,0,0,0,0
61591,0,1,1998,19,19,19,19,19,19,19,19,19,19
61591,1,1,1998,0,0,0,0,0,0,0,0,0,0
61592,1,1,1998,0,0,0,0,0,0,0,0,0,0
61592,2,1,1998,0,0,15,0,0,0,0,0,0,0
61593,1,1,1998,8,8,8,8,8,8,8,8,8,8
61594,1,1,1998,0,0,0,0,0,0,0,0,0,0
61594,2,1,1998,0,0,0,0,0,0,0,0,0,0
61595,0,1,1998,0,0,0,0,0,0,0,0,0,0
61595,1,1,1998,0,0,0,0,0,0,0,0,4,0
61596,1,1,1998,0,0,0,0,0,0,0,0,0,0
61597,1,1,1998,0,0,0,0,0,0,0,0,0,0
61597,2,1,1998,0,0,0,0,0,0,0,0,0,0
61598,1,1,1998,0,0,0,0,0,0,0,0,0,0
61598,2,1,1998,0,0,0,0,0,0,0,0,0,0
61599,1,1,1998,14,14,14,14,14,14,14,14,14,14
61600,1,1,1998,0,0,0,0,0,0,0,0,0,7
61600,2,1,1998,0,0,0,0,0,0,0,0,0,0
61601,0,1,1998,28,0,18,11,0,17,0,24,20,10
61601,1,1,1998,22,0,13,21,21,9,0,0,24,8
61602,1,1,1998,0,0,0,0,0,0,0,0,0,0
61602,2,1,1998,0,0,0,0,0,13,0,0,0,0
61603,1,1,1998,0,0,0,0,0,0,0,0,0,0
61603,2,1,1998,0,0,0,0,0,0,0,0,0,0
61604,1,1,1998,0,0,0,0,0,0,0,0,0,0
61604,2,1,1998,0,0,0,0,0,0,0,0,0,0
61605,1,1,1998,0,0,0,0,15,0,0,0,0,0
61605,2,1,1998,0,0,0,0,0,0,0,0,0,0
61605,3,1,1998,0,0,0,0,0,0,0,0,0,0
61606,1,1,1998,0,0,0,0,0,0,0,0,0,0
61607,1,1,1998,0,0,0,0,0,0,0,0,0,0
61608,1,1,1998,0,0,0,0,0,0,0,0,0,0
61609,1,1,1998,0,0,0,0,0,0,0,0,0,0
61609,2,1,1998,20,0,0,0,0,0,0,0,0,0
61609,3,1,1998,0,0,0,0,0,0,0,0,0,0
61610,0,1,1998,0,0,0,0,0,0,0,0,0,0
61610,0,2,1998,0,0,0,0,0,0,0,0,0,0
61610,1,1,1998,0,0,0,0,0,0,0,0,0,0
61611,1,1,1998,21,21,21,21,21,21,21,21,21,21
61612,1,1,1998,0,0,0,0,0,0,0,5,0,0
61612,2,1,1998,0,0,0,0,0,0,0,0,0,0
61612,3,1,1998,0,0,0,0,0,0,0,0,0,0
61613,1,1,1998,0,0,0,0,0,0,0,0,0,0
61613,2,1,1998,0,0,0,0,0,0,0,0,0,0
61614,1,1,1998,0,0,0,0,0,0,0,0,0,0
61614,2,1,1998,0,0,0,0,0,0,0,0,0,0
61615,1,1,1998,9,23,21,23,15,30,27,34,39,30
61616,1,1,1998,2,2,2,2,2,2,2,2,2,2
61617,1,1,1998,12,6,17,25,14,18,27,12,11,10
61618,1,1,1998,0,0,0,0,0,0,0,0,0,0
61619,1,1,1998,0,0,0,0,0,0,0,0,0,0
61620,1,1,1998,0,0,0,0,0,0,0,0,0,0
61621,1,1,1998,12,12,12,12,12,12,12,12,12,12
61622,1,1,1998,0,0,0,0,0,0,0,0,0,0
61623,1,1,1998,0,0,0,0,0,0,0,0,0,10
61624,1,1,1998,7,7,7,7,7,7,7,7,7,7
61625,1,1,1998,24,24,24,24,24,24,24,24,24,24
61626,1,1,1998,14,14,14,14,14,14,14,14,14,14
61627,0,1,1998,24,24,24,24,24,24,24,24,24,24
61627,1,1,1998,0,0,0,17,0,0,0,0,0,0
61628,0,1,1998,0,0,0,0,0,0,0,0,0,0
61628,0,2,1998,0,0,0,0,0,0,0,0,0,0
61628,1,1,1998,0,0,0,0,0,0,0,0,0,0
61629,1,1,1998,0,0,0,0,0,0,0,0,0,0
61630,0,1,1998,0,0,0,0,0,0,0,0,0,0
61630,1,1,1998,0,16,0,0,0,0,0,0,0,0
61631,0,1,1998,22,22,22,22,22,22,22,22,22,22
61631,1,1,1998,0,0,0,0,0,0,0,0,0,0
61632,1,1,1998,0,0,0,0,0,0,0,0,0,0
61633,1,1,1998,28,28,28,28,28,28,28,28,28,28
61634,1,1,1998,12,12,12,12,12,12,12,12,12,12
61635,1,1,1998,16,16,16,16,16,16,16,16,16,16
61635,2,1,1998,25,0,28,12,4,0,18,7,9,36
61636,1,1,1998,0,0,0,0,0,0,0,0,0,0
61636,2,1,1998,6,6,6,6,6,6,6,6,6,6
61636,3,1,1998,0,0,0,0,0,0,0,0,0,0
61637,0,1,1998,0,0,0,0,0,0,0,0,0,0
61637,1,1,1998,0,0,0,0,0,0,0,0,0,0
61638,1,1,1998,0,0,0,0,0,0,0,0,0,0
61639,1,1,1998,2,2,2,2,2,2,2,2,2,2
61640,1,1,1998,14,14,14,14,14,14,14,14,14,14
61641,1,1,1998,0,0,0,0,0,0,0,0,0,0
61641,2,1,1998,0,0,0,0,0,0,0,0,0,0
61642,1,1,1998,10,10,10,10,10,10,10,10,10,10
61642,2,1,1998,0,0,0,0,0,0,0,0,0,0
61643,0,1,1998,0,0,0,0,0,0,0,0,0,0
61643,1,1,1998,0,0,0,0,0,0,0,0,0,0
61644,1,1,1998,0,0,0,0,0,0,0,0,0,0
61644,2,1,1998,0,0,0,0,0,0,0,0,0,0
61645,1,1,1998,0,0,0,0,0,0,0,0,0,0
61645,2,1,1998,7,7,7,7,7,7,7,7,7,7
61646,1,1,1998,0,0,0,0,0,0,0,24,0,0
61646,2,1,1998,0,0,0,0,0,0,0,0,0,0
61646,3,1,1998,0,0,0,0,0,0,0,0,0,0
61647,1,1,1998,0,0,0,0,0,0,0,0,0,0
61648,1,1,1998,18,18,18,18,18,18,18,18,18,18
61648,2,1,1998,0,0,0,0,0,0,0,0,0,0
61648,3,1,1998,0,0,0,0,0,0,0,0,0,0
61649,0,1,1998,0,0,0,0,0,0,0,0,0,0
61649,1,1,1998,0,0,0,0,0,0,0,0,0,22
61650,0,1,1998,0,0,0,0,0,0,0,0,0,0
61650,1,1,1998,0,0,0,0,0,0,0,0,0,0
61651,1,1,1998,0,0,0,0,0,0,0,0,0,0
61652,1,1,1998,0,0,0,0,0,0,0,0,0,0
61653,0,1,1998,0,0,0,8,0,0,0,0,0,0
61653,1,1,1998,0,0,0,0,0,0,0,0,0,0
61654,0,1,1998,0,0,0,0,0,0,0,0,0,0
61654,1,1,1998,0,0,0,0,8,0,0,0,0,0
61655,1,1,1998,19,23,9,16,32,9,0,6,12,12
61655,2,1,1998,13,0,0,0,0,0,0,0,0,0
61655,3,1,1998,0,0,0,0,0,0,0,0,0,0
61656,1,1,1998,0,0,0,0,0,0,0,0,0,0
61656,2,1,1998,0,0,0,0,0,23,0,0,0,0
61657,1,1,1998,15,15,15,15,15,15,15,15,15,15
61658,1,1,1998,11,11,11,11,11,11,11,11,11,11
61659,1,1,1998,16,16,16,16,16,16,16,16,16,16
61660,1,1,1998,12,12,12,12,12,12,12,12,12,12
61661,1,1,1998,29,29,29,29,29,29,29,29,29,29
61662,1,1,1998,24,24,24,24,24,24,24,24,24,24
61662,2,1,1998,0,0,0,0,0,0,0,0,0,0
61663,1,1,1998,14,14,14,14,14,14,14,14,14,14
61664,1,1,1998,0,0,0,0,0,0,0,0,0,0
61664,2,1,1998,0,0,0,0,0,0,0,0,0,0
61665,1,1,1998,0,0,0,0,0,0,0,0,0,0
61665,2,1,1998,0,0,0,0,0,0,0,0,0,0
61666,0,1,1998,0,0,0,0,0,0,0,0,0,0
61666,1,1,1998,23,0,14,0,8,0,0,23,0,24
61667,1,1,1998,0,0,0,0,0,0,0,0,0,0
61668,1,1,1998,18,18,18,18,18,18,18,18,18,18
61669,0,1,1998,5,5,5,5,5,5,5,5,5,5
61669,1,1,1998,10,10,17,0,0,0,17,2,0,0
61670,0,1,1998,18,18,18,18,18,18,18,18,18,18
61670,1,1,1998,0,1,0,11,0,0,0,0,0,0
61671,0,1,1998,0,0,0,0,0,0,0,0,0,0
61671,1,1,1998,0,0,0,0,0,0,0,0,0,0
61672,0,1,1998,0,0,0,0,0,0,0,11,0,0
61672,1,1,1998,0,0,0,0,0,0,0,0,0,0
61673,0,1,1998,0,0,0,0,0,0,0,0,0,0
61673,1,1,1998,0,0,0,0,0,0,0,0,0,0
61674,1,1,1998,13,13,13,13,13,13,13,13,13,13
61675,1,1,1998,0,0,0,0,0,0,0,0,0,0
61676,1,1,1998,8,8,8,8,8,8,8,8,8,8
61677,0,1,1998,0,0,0,0,0,0,0,0,0,0
61677,1,1,1998,0,0,0,0,0,0,0,0,0,0
61678,1,1,1998,13,13,13,13,13,13,13,13,13,13
61679,0,1,1998,0,0,0,0,0,0,0,0,0,0
61679,1,1,1998,0,0,0,0,0,0,0,0,8,0
61680,0,1,1998,0,0,0,0,0,0,0,0,0,0
61680,1,1,1998,0,11,0,0,0,18,0,0,7,0
61681,1,1,1998,11,11,11,11,11,11,11,11,11,11
61682,0,1,1998,0,0,0,0,0,0,0,0,0,0
61682,1,1,1998,0,0,0,0,0,0,0,0,0,0
61683,0,1,1998,0,0,0,0,0,0,0,0,0,0
61683,1,1,1998,0,0,0,0,0,0,0,0,0,0
61684,0,1,1998,0,0,0,0,0,0,0,0,0,0
61684,1,1,1998,0,0,0,0,0,0,0,0,0,0
61685,0,1,1998,0,0,0,0,0,0,0,0,0,0
61685,1,1,1998,0,0,0,0,0,0,0,0,0,0
61686,1,1,1998,24,24,24,24,24,24,24,24,24,24
61687,0,1,1998,14,14,14,14,14,14,14,14,14,14
61687,1,1,1998,0,0,0,0,0,0,0,0,0,0
61688,1,1,1998,10,10,10,10,10,10,10,10,10,10
61689,1,1,1998,15,15,15,15,15,15,15,15,15,15
61690,0,1,1998,0,0,0,0,0,0,0,0,0,0
61690,1,1,1998,6,0,0,0,0,0,0,0,0,0
61691,0,1,1998,0,0,0,0,0,0,0,0,0,0
61691,1,1,1998,0,0,0,8,0,0,0,0,0,0
61692,1,1,1998,11,11,11,11,11,11,11,11,11,11
61693,1,1,1998,25,25,25,25,25,25,25,25,25,25
61694,1,1,1998,0,0,0,0,0,0,0,0,0,0
61695,1,1,1998,20,20,20,20,20,20,20,20,20,20
61696,1,1,1998,0,0,14,0,0,0,0,0,0,10
61697,1,1,1998,0,0,0,0,0,0,0,0,0,0
61697,2,1,1998,0,0,0,0,0,0,0,0,0,0
61698,0,1,1998,0,0,0,0,0,0,0,0,0,0
61698,1,1,1998,0,0,0,0,0,0,0,0,0,0
61699,1,1,1998,0,0,0,0,0,0,0,0,0,0
61699,2,1,1998,0,0,0,11,0,0,0,0,0,0
61700,0,1,1998,0,0,0,0,0,0,0,0,0,0
61700,1,1,1998,0,0,0,0,0,0,0,0,0,0
61701,0,1,1998,28,28,28,28,28,28,28,28,28,28
61701,1,1,1998,8,9,10,0,17,9,8,20,14,9
61702,1,1,1998,12,12,12,12,12,12,12,12,12,12
61703,1,1,1998,0,0,0,0,0,0,0,0,0,0
61704,0,1,1998,48,48,48,48,48,48,48,48,48,48
61704,1,1,1998,0,0,11,0,0,0,0,0,0,0
61705,0,1,1998,0,0,0,0,0,0,0,0,0,0
61705,1,1,1998,11,5,6,0,0,0,0,0,0,17
61706,1,1,1998,0,0,0,0,0,0,0,0,0,0
61707,1,1,1998,0,0,0,0,0,0,0,0,0,0
61708,1,1,1998,17,17,17,17,17,17,17,17,17,17
61709,1,1,1998,0,0,0,0,0,0,0,0,0,0
61710,0,1,1998,21,21,21,21,21,21,21,21,21,21
61710,1,1,1998,0,0,25,0,0,0,0,0,0,0
61711,0,1,1998,0,0,0,0,0,0,0,0,0,0
61711,1,1,1998,0,10,0,0,0,0,0,0,0,21
61712,0,1,1998,0,0,0,0,0,0,0,0,0,0
61712,1,1,1998,0,0,0,12,0,0,0,0,0,0
61713,0,1,1998,0,0,0,0,0,0,0,0,0,0
61713,1,1,1998,0,0,0,0,0,0,0,0,0,0
61714,1,1,1998,0,0,0,0,0,0,0,0,0,0
61715,1,1,1998,0,0,0,0,0,0,0,0,0,0
61716,0,1,1998,18,0,0,0,0,0,0,0,0,0
61716,1,1,1998,0,0,0,10,0,0,7,0,0,16
61717,1,1,1998,18,18,18,18,18,18,18,18,18,18
61718,1,1,1998,0,0,0,0,0,0,0,0,0,0
61719,1,1,1998,0,0,0,0,0,0,0,0,0,0
61720,0,1,1998,0,0,0,0,0,0,0,0,0,0
61720,1,1,1998,0,0,0,0,0,0,0,0,0,0
61721,1,1,1998,0,0,0,0,0,0,0,0,0,0
61722,1,1,1998,0,0,0,0,0,0,0,0,0,0
61723,1,1,1998,0,0,0,0,0,0,0,0,0,0
61724,1,1,1998,0,0,0,0,0,0,0,0,0,0
61725,1,1,1998,0,0,0,0,0,0,0,0,0,0
61726,0,1,1998,19,19,19,19,19,19,19,19,19,19
61726,1,1,1998,0,0,0,0,0,0,0,0,0,0
61727,1,1,1998,0,0,0,0,0,0,0,0,0,0
61728,0,1,1998,0,0,0,0,0,0,0,0,0,0
61728,1,1,1998,0,0,0,0,0,0,0,0,0,0
61729,1,1,1998,6,6,6,6,6,6,6,6,6,6
61730,0,1,1998,10,21,3,0,0,0,0,0,0,0
61730,1,1,1998,0,0,0,0,0,0,0,0,0,0
61731,0,1,1998,0,0,0,0,0,0,0,0,10,0
61731,1,1,1998,0,0,0,0,0,0,0,18,33,0
61732,0,1,1998,9,9,9,9,9,9,9,9,9,9
61732,1,1,1998,2,14,11,0,8,7,0,11,7,5
61733,1,1,1998,0,0,9,9,0,0,0,20,10,0
61734,1,1,1998,0,0,0,0,0,0,0,0,0,0
61734,2,1,1998,0,0,0,0,0,0,0,0,0,0
61735,1,1,1998,20,20,20,20,20,20,20,20,20,20
61736,1,1,1998,0,0,0,0,0,0,0,0,0,0
61737,0,1,1998,18,18,18,18,18,18,18,18,18,18
61737,1,1,1998,24,0,20,6,19,18,12,25,14,18
61738,1,1,1998,0,0,0,0,0,0,0,0,0,0
61739,1,1,1998,21,21,21,21,21,21,21,21,21,21
61740,1,1,1998,4,0,0,38,0,0,24,33,0,10
61741,1,1,1998,0,0,0,0,0,0,0,0,0,0
61742,1,1,1998,0,0,0,0,0,0,0,0,0,0
61743,0,1,1998,53,53,53,53,53,53,53,53,53,53
61743,1,1,1998,16,0,11,22,0,0,9,0,0,0
61744,1,1,1998,0,36,0,0,21,0,0,0,0,0
61745,1,1,1998,13,13,13,13,13,13,13,13,13,13
61746,1,1,1998,0,0,0,0,0,0,0,0,0,0
61747,0,1,1998,0,0,0,0,0,0,0,0,0,0
61747,1,1,1998,17,17,17,17,17,17,17,17,17,17
61748,0,1,1998,45,45,45,45,45,45,45,45,45,45
61748,1,1,1998,0,0,0,0,0,0,0,0,0,0
61750,1,1,1998,0,0,0,0,0,0,0,0,0,0
61751,1,1,1998,20,20,20,20,20,20,20,20,20,20
61752,1,1,1998,0,0,0,0,0,0,0,0,0,0
61753,0,1,1998,0,0,0,0,0,0,0,0,0,0
61753,1,1,1998,0,0,0,0,0,0,0,0,0,0
61754,1,1,1998,19,19,19,19,19,19,19,19,19,19
61755,0,1,1998,0,0,0,0,0,0,0,0,0,0
61755,1,1,1998,0,0,0,0,0,4,0,0,0,0
61756,0,1,1998,27,27,27,27,27,27,27,27,27,27
61756,1,1,1998,13,32,0,7,0,35,7,0,0,10
61757,1,1,1998,0,40,0,19,22,0,0,13,20,27
61758,1,1,1998,26,26,26,26,26,26,26,26,26,26
61759,0,1,1998,0,0,0,0,0,0,0,0,0,0
61759,1,1,1998,0,20,0,0,0,0,0,0,0,0
61760,1,1,1998,0,0,0,0,0,0,0,7,0,0
61761,1,1,1998,19,0,0,2,0,0,29,0,10,8
61762,1,1,1998,18,0,0,0,0,8,0,13,0,0
61763,1,1,1998,0,0,0,0,0,0,0,0,0,0
61764,1,1,1998,10,24,17,0,15,0,0,24,11,0
61765,1,1,1998,20,20,20,20,20,20,20,20,20,20
61766,1,1,1998,24,24,24,24,24,24,24,24,24,24
61767,1,1,1998,19,19,19,19,19,19,19,19,19,19
61768,0,1,1998,0,0,0,0,0,0,0,0,0,0
61768,1,1,1998,0,0,0,0,0,0,0,0,0,0
61769,1,1,1998,0,0,0,0,0,0,0,0,0,0
61770,1,1,1998,0,0,0,0,0,0,0,0,18,22
61771,1,1,1998,0,0,0,0,0,0,0,0,0,0
61772,1,1,1998,18,18,18,18,18,18,18,18,18,18
61773,0,1,1998,0,0,0,0,0,0,0,0,0,0
61773,1,1,1998,0,0,0,0,0,0,0,0,0,0
61774,1,1,1998,7,7,7,7,7,7,7,7,7,7
61775,1,1,1998,12,12,12,12,12,12,12,12,12,12
61775,2,1,1998,0,0,0,0,0,0,0,0,0,0
61776,1,1,1998,0,0,0,0,0,0,0,0,0,0
61776,2,1,1998,0,0,0,0,0,0,0,0,0,0
61776,3,1,1998,0,0,0,0,0,0,0,0,0,0
61777,1,1,1998,0,0,0,0,0,0,0,0,0,0
61777,2,1,1998,0,0,0,0,0,0,0,0,0,0
61778,1,1,1998,0,0,0,0,0,0,0,0,0,0
61778,2,1,1998,0,0,0,0,0,0,0,0,0,0
61779,0,1,1998,0,0,0,0,0,0,0,0,0,0
61779,1,1,1998,0,0,0,0,0,0,0,0,0,0
61780,1,1,1998,20,20,20,20,20,20,20,20,20,20
61781,0,1,1998,0,0,0,0,0,0,0,0,0,0
61781,1,1,1998,0,12,0,15,14,15,0,0,0,0
61782,1,1,1998,15,15,15,15,15,15,15,15,15,15
61783,1,1,1998,18,18,18,18,18,18,18,18,18,18
61784,1,1,1998,0,0,0,0,0,0,0,0,0,0
61785,1,1,1998,0,0,0,0,0,0,0,0,0,0
61785,2,1,1998,0,0,0,0,0,0,0,0,0,0
61786,1,1,1998,0,0,0,5,0,3,0,0,0,0
61786,2,1,1998,0,0,0,0,0,0,0,0,0,0
61787,1,1,1998,0,0,0,0,0,0,0,0,0,0
61787,2,1,1998,0,0,0,0,0,0,0,0,0,0
61788,1,1,1998,0,0,0,0,0,0,0,0,0,0
61788,2,1,1998,0,0,0,0,0,0,0,0,0,0
61789,1,1,1998,0,0,0,0,0,0,0,0,0,0
61789,2,1,1998,0,0,0,0,0,0,0,0,0,0
61789,3,1,1998,0,0,0,0,0,0,0,0,0,0
61790,0,1,1998,0,0,0,0,0,0,0,0,0,0
61790,1,1,1998,2,2,2,2,2,2,2,2,2,2
61791,1,1,1998,28,28,28,28,28,28,28,28,28,28
61791,2,1,1998,0,0,0,0,0,0,0,0,0,0
61792,1,1,1998,12,12,12,12,12,12,12,12,12,12
61792,2,1,1998,17,17,17,17,17,17,17,17,17,17
61793,1,1,1998,7,7,7,7,7,7,7,7,7,7
61794,1,1,1998,0,0,0,0,0,0,0,0,0,0
61794,2,1,1998,0,17,0,0,0,0,0,0,0,0
61795,1,1,1998,0,0,0,0,0,0,0,0,0,0
61795,2,1,1998,0,0,0,0,0,0,0,0,0,0
61796,1,1,1998,0,0,0,0,0,0,0,0,0,0
61796,2,1,1998,0,14,0,0,0,0,0,0,0,0
61797,1,1,1998,0,0,0,0,0,0,0,0,0,0
61797,2,1,1998,0,0,0,0,0,0,0,0,0,0
61797,3,1,1998,0,0,0,0,0,0,0,0,0,0
61797,4,1,1998,0,0,0,0,0,0,0,0,0,0
61798,1,1,1998,0,0,0,0,0,0,0,0,0,0
61798,2,1,1998,0,0,0,0,0,0,0,0,0,0
61799,1,1,1998,0,0,0,0,0,0,0,0,0,0
61799,2,1,1998,0,0,0,0,0,0,0,0,0,0
61799,3,1,1998,0,0,0,0,0,0,0,0,0,0
61800,1,1,1998,16,16,16,16,16,16,16,16,16,16
61801,0,1,1998,0,0,0,0,0,0,0,0,0,0
61801,1,1,1998,0,0,0,0,0,0,0,0,0,0
61802,0,1,1998,0,0,0,0,0,0,0,0,0,0
61802,1,1,1998,14,14,14,14,14,14,14,14,14,14
61803,1,1,1998,0,0,0,0,0,0,0,0,0,0
61804,1,1,1998,16,16,16,16,16,16,16,16,16,16
61805,0,1,1998,0,0,0,0,0,0,0,0,0,0
61805,1,1,1998,0,0,0,0,0,0,0,0,0,0
61806,1,1,1998,27,27,27,27,27,27,27,27,27,27
61807,0,1,1998,0,0,0,0,0,0,0,0,0,0
61807,1,1,1998,0,0,0,0,0,0,0,0,0,0
61808,1,1,1998,21,21,21,21,21,21,21,21,21,21
61809,0,1,1998,35,35,35,35,35,35,35,35,35,35
61809,1,1,1998,0,0,0,0,0,0,0,0,0,0
61810,1,1,1998,0,0,0,0,0,0,0,0,0,0
61811,0,1,1998,0,0,0,0,0,0,0,0,0,0
61811,1,1,1998,0,0,0,0,0,0,0,0,0,0
61812,1,1,1998,0,0,0,0,0,0,0,0,0,0
61813,1,1,1998,21,21,21,21,21,21,21,21,21,21
61814,1,1,1998,0,0,0,0,0,0,0,0,0,0
61815,1,1,1998,0,0,0,0,0,0,0,0,0,0
61816,1,1,1998,0,0,0,0,0,0,0,0,0,0
61817,1,1,1998,0,0,0,0,0,5,21,0,13,17
61818,1,1,1998,0,0,9,0,0,0,23,0,0,0
61819,1,1,1998,0,0,0,0,0,0,0,0,0,0
61820,1,1,1998,0,0,0,0,0,0,0,6,0,0
61821,0,1,1998,0,0,0,0,0,0,0,0,0,0
61821,0,2,1998,0,8,0,28,16,0,0,0,0,0
61821,1,1,1998,7,7,7,7,7,7,7,7,7,7
61822,0,1,1998,21,13,16,21,9,2,21,2,18,24
61822,1,1,1998,0,0,0,0,0,0,0,0,0,0
61823,0,1,1998,0,0,0,0,0,0,0,0,0,0
61823,1,1,1998,0,0,0,0,0,0,0,0,0,0
61824,1,1,1998,0,0,0,0,0,0,0,0,0,0
61825,1,1,1998,15,15,15,15,15,15,15,15,15,15
61826,1,1,1998,6,6,6,6,6,6,6,6,6,6
61827,1,1,1998,0,0,0,0,0,0,0,0,0,0
61827,2,1,1998,0,0,0,0,0,0,0,0,0,0
61827,3,1,1998,0,0,0,0,0,0,0,0,0,0
61827,4,1,1998,0,0,0,0,0,0,0,0,0,0
61828,1,1,1998,0,0,0,0,0,0,0,0,0,0
61828,2,1,1998,0,0,0,0,0,0,0,0,0,0
61829,1,1,1998,0,0,0,0,0,0,0,0,0,0
61829,2,1,1998,0,0,0,0,0,0,0,0,0,0
61830,1,1,1998,0,0,0,0,0,0,0,0,0,0
61830,2,1,1998,0,0,0,0,0,0,0,0,0,0
61831,0,1,1998,32,32,32,32,32,32,32,32,32,32
61831,1,1,1998,0,0,0,0,0,0,0,0,0,0
61831,2,1,1998,0,0,0,0,0,0,0,0,0,0
61831,3,1,1998,0,0,0,0,0,0,0,0,0,0
61831,4,1,1998,0,0,0,0,0,20,0,20,0,0
61831,5,1,1998,7,0,26,0,0,0,0,0,0,0
61832,1,1,1998,0,0,0,0,0,0,9,0,0,0
61832,2,1,1998,0,0,0,0,0,0,0,0,0,0
61833,1,1,1998,13,13,13,13,13,13,13,13,13,13
61833,2,1,1998,0,0,0,0,0,0,0,0,0,0
61834,1,1,1998,6,6,6,6,6,6,6,6,6,6
61834,2,1,1998,0,0,0,0,0,0,0,0,0,0
61835,1,1,1998,0,0,0,0,0,0,0,0,0,0
61836,1,1,1998,0,0,0,0,0,0,0,0,0,0
61836,2,1,1998,0,0,0,0,0,0,0,0,0,0
61837,1,1,1998,0,0,0,0,0,0,0,0,0,0
61837,2,1,1998,0,0,0,0,0,0,0,0,0,0
61838,0,1,1998,0,0,0,0,0,0,0,0,0,0
61838,1,1,1998,0,0,0,0,0,0,0,0,0,0
61839,1,1,1998,11,11,11,11,11,11,11,11,11,11
61839,2,1,1998,0,0,0,0,0,0,0,0,0,0
61840,1,1,1998,0,0,0,0,0,0,0,0,0,0
61840,2,1,1998,0,0,0,0,0,0,0,0,0,0
61841,1,1,1998,18,18,18,18,18,18,18,18,18,18
61842,1,1,1998,21,0,0,0,0,0,0,0,0,0
61842,2,1,1998,0,0,0,0,0,0,0,0,0,0
61842,3,1,1998,0,0,0,0,0,0,0,0,0,0
61843,1,1,1998,0,0,0,0,0,0,0,0,0,0
61843,2,1,1998,0,26,0,0,17,0,0,0,0,0
61844,1,1,1998,0,0,0,0,0,0,0,0,0,0
61844,2,1,1998,0,0,0,0,0,0,0,0,0,0
61845,1,1,1998,0,0,0,0,0,0,0,0,0,0
61845,2,1,1998,0,0,0,0,0,0,0,0,0,0
61846,1,1,1998,17,17,17,17,17,17,17,17,17,17
61846,2,1,1998,0,0,0,0,0,0,0,0,0,0
61847,1,1,1998,0,0,0,0,0,0,0,0,0,0
61847,2,1,1998,0,0,0,0,0,0,0,0,0,0
61848,1,1,1998,0,0,0,0,4,0,0,0,0,0
61848,2,1,1998,0,0,0,0,0,0,0,0,0,12
61849,1,1,1998,35,35,35,35,35,35,35,35,35,35
61849,2,1,1998,0,0,0,0,0,0,0,0,0,0
61850,1,1,1998,0,0,9,0,0,0,0,0,0,0
61850,2,1,1998,0,0,0,10,0,0,9,0,0,0
61851,1,1,1998,0,0,0,0,0,0,0,0,0,0
61851,2,1,1998,0,0,0,0,0,0,0,0,0,0
61851,3,1,1998,0,0,0,0,0,0,0,0,8,0
61851,4,1,1998,0,0,0,0,0,0,0,0,0,0
61852,1,1,1998,0,0,0,0,0,0,0,0,0,0
61852,2,1,1998,0,0,0,0,0,0,0,0,0,0
61853,1,1,1998,0,0,0,0,0,0,0,0,0,0
61853,2,1,1998,0,0,0,0,0,0,0,0,0,0
61854,1,1,1998,0,0,0,0,0,0,0,0,0,0
61854,2,1,1998,0,0,0,0,0,0,0,0,0,0
61855,1,1,1998,0,0,0,0,0,0,0,0,0,0