ST_CASE,VEH_NO,PER_NO,YEAR,P1,P2,P3,P4,P5,P6,P7,P8,P9,P10
61855,2,1,1998,0,0,0,0,0,0,0,0,0,0
61856,1,1,1998,0,0,0,0,0,0,0,0,0,0
61856,2,1,1998,0,0,0,0,0,0,0,0,0,0
61857,1,1,1998,10,10,10,10,10,10,10,10,10,10
61858,0,1,1998,0,0,0,0,0,0,0,0,0,0
61858,1,1,1998,0,0,0,0,0,0,0,0,0,0
61859,1,1,1998,10,10,10,10,10,10,10,10,10,10
61860,1,1,1998,19,19,19,19,19,19,19,19,19,19
61861,1,1,1998,0,0,0,0,0,0,0,0,0,0
61862,1,1,1998,0,0,0,0,0,0,0,0,0,0
61863,1,1,1998,20,20,20,20,20,20,20,20,20,20
61864,1,1,1998,0,0,0,0,5,0,0,0,0,0
61864,2,1,1998,0,0,0,0,0,0,0,0,0,0
61865,1,1,1998,0,0,0,0,0,0,0,0,0,0
61865,2,1,1998,3,3,3,3,3,3,3,3,3,3
61866,1,1,1998,0,0,0,0,0,5,0,0,0,0
61866,2,1,1998,0,0,0,0,4,0,0,0,0,0
61867,1,1,1998,21,21,21,21,21,21,21,21,21,21
61867,2,1,1998,0,0,0,0,0,0,0,0,0,18
61868,1,1,1998,0,0,0,0,0,0,0,0,0,0
61868,2,1,1998,0,0,0,0,0,0,0,0,0,0
61869,1,1,1998,19,19,19,19,19,19,19,19,19,19
61869,2,1,1998,0,0,0,0,0,0,0,0,0,0
61870,1,1,1998,0,0,0,0,4,0,15,0,0,0
61870,2,1,1998,0,0,0,0,0,0,0,0,0,0
61871,1,1,1998,10,18,2,7,25,0,15,22,27,19
61871,2,1,1998,0,13,0,0,0,0,0,0,0,20
61871,3,1,1998,0,0,0,0,0,0,0,0,0,0
61872,1,1,1998,0,0,0,0,0,0,0,0,0,0
61872,2,1,1998,0,0,0,0,0,0,0,0,0,0
61873,0,1,1998,19,12,10,0,8,13,0,12,17,0
61873,1,1,1998,0,20,6,0,0,0,0,0,0,0
61874,1,1,1998,0,0,0,0,0,0,0,0,0,0
61875,1,1,1998,0,0,0,0,0,0,0,0,0,0
61875,2,1,1998,0,0,0,0,0,0,0,0,0,0
61876,0,1,1998,0,0,0,0,0,0,0,0,0,0
61876,0,2,1998,0,0,0,0,0,0,0,0,0,0
61876,1,1,1998,0,0,0,0,0,0,0,0,0,0
61877,1,1,1998,2,2,2,2,2,2,2,2,2,2
61877,2,1,1998,0,0,0,0,0,0,0,0,0,0
61877,3,1,1998,0,0,0,0,0,0,0,0,0,0
61878,1,1,1998,0,0,0,0,0,0,0,0,0,0
61878,2,1,1998,0,0,0,0,0,0,0,0,0,0
61879,1,1,1998,9,9,9,9,9,9,9,9,9,9
61880,1,1,1998,0,0,0,0,0,0,0,0,0,0
61880,2,1,1998,0,0,0,0,0,0,0,0,0,0
61881,1,1,1998,0,0,0,0,0,0,0,0,0,0
61881,2,1,1998,0,0,0,0,0,0,0,0,0,0
61881,3,1,1998,0,0,0,0,0,0,0,0,0,0
61882,1,1,1998,0,0,0,0,0,0,0,0,0,0
61882,2,1,1998,0,0,0,0,0,0,0,0,0,0
61882,3,1,1998,0,0,0,0,0,0,0,0,0,0
61883,0,1,1998,0,0,0,0,0,0,0,0,0,0
61883,1,1,1998,0,0,0,0,0,0,0,0,0,0
61884,1,1,1998,0,0,0,0,0,0,0,0,0,0
61884,2,1,1998,0,0,0,0,0,0,0,0,0,0
61885,1,1,1998,0,0,0,0,0,0,0,0,0,0
61885,2,1,1998,0,0,0,0,0,0,0,0,0,0
61886,1,1,1998,0,0,0,0,0,0,0,0,0,0
61886,2,1,1998,0,0,0,0,0,0,0,0,0,0
61887,1,1,1998,0,0,0,0,0,13,0,0,0,0
61887,2,1,1998,0,0,0,0,0,0,0,0,0,0
61888,1,1,1998,0,0,0,0,0,0,0,0,0,0
61888,2,1,1998,0,0,0,0,0,0,0,0,0,0
61889,1,1,1998,16,16,16,16,16,16,16,16,16,16
61889,2,1,1998,0,0,0,0,0,0,0,0,0,0
61889,3,1,1998,0,0,0,0,0,0,0,0,0,0
61890,1,1,1998,0,0,0,0,0,0,0,0,0,0
61890,2,1,1998,0,0,0,0,0,0,0,0,0,0
61891,0,1,1998,0,0,0,0,0,0,0,0,0,0
61891,0,2,1998,0,0,0,0,0,0,0,0,0,0
61891,0,3,1998,0,0,0,0,0,0,0,0,0,0
61891,1,1,1998,0,0,0,0,0,0,0,0,0,0
61892,1,1,1998,0,0,0,0,0,0,0,0,0,0
61892,2,1,1998,0,0,0,0,0,0,0,0,0,0
61892,3,1,1998,0,0,0,0,0,0,0,0,0,0
61893,1,1,1998,0,0,0,0,0,0,0,0,0,0
61893,2,1,1998,0,0,0,0,0,0,0,0,0,0
61894,1,1,1998,21,0,0,0,0,0,0,0,0,0
61895,0,1,1998,18,18,18,18,18,18,18,18,18,18
61895,1,1,1998,0,0,0,0,0,0,0,0,0,0
61896,1,1,1998,24,24,24,24,24,24,24,24,24,24
61896,2,1,1998,0,0,0,0,0,0,0,0,0,0
61897,1,1,1998,0,0,0,0,0,0,0,0,0,0
61897,2,1,1998,0,0,0,0,0,0,0,0,0,0
61898,1,1,1998,0,0,0,0,0,0,0,0,0,0
61898,2,1,1998,0,0,0,0,0,0,0,0,0,0
61899,1,1,1998,0,8,0,0,0,0,0,0,0,0
61899,2,1,1998,0,0,0,0,0,0,0,0,0,0
61899,3,1,1998,0,0,0,0,0,0,0,0,0,0
61899,4,1,1998,0,0,0,0,0,0,0,0,0,0
61899,5,1,1998,0,0,0,0,0,0,0,0,0,0
61900,1,1,1998,0,0,0,0,0,0,0,0,0,0
61900,2,1,1998,0,0,0,0,0,0,0,0,0,16
61901,1,1,1998,0,0,0,0,0,0,0,0,0,0
61901,2,1,1998,0,0,0,0,0,0,0,0,0,0
61902,0,1,1998,7,7,7,7,7,7,7,7,7,7
61902,1,1,1998,0,0,0,0,0,0,0,0,0,0
61903,1,1,1998,7,7,7,7,7,7,7,7,7,7
61904,1,1,1998,0,0,0,0,0,0,0,0,0,0
61904,2,1,1998,0,0,0,0,0,0,0,0,0,0
61905,1,1,1998,15,15,15,15,15,15,15,15,15,15
61905,2,1,1998,0,18,20,0,9,0,0,0,7,0
61906,0,1,1998,0,0,0,0,0,0,0,0,0,0
61906,1,1,1998,0,0,0,0,0,0,0,0,0,0
61907,1,1,1998,0,0,0,0,0,0,0,0,0,0
61907,2,1,1998,0,0,0,0,0,0,0,0,0,0
61908,1,1,1998,0,0,0,0,0,0,0,0,0,0
61908,2,1,1998,0,0,0,0,0,0,0,0,0,0
61909,1,1,1998,6,6,6,6,6,6,6,6,6,6
61909,2,1,1998,0,0,0,0,0,0,0,0,0,0
61910,1,1,1998,18,18,18,18,18,18,18,18,18,18
61910,2,1,1998,8,8,8,8,8,8,8,8,8,8
61911,1,1,1998,0,0,0,0,0,0,0,0,0,0
61911,2,1,1998,0,0,0,0,0,0,0,0,0,0
61912,1,1,1998,0,0,0,0,0,0,0,0,0,0
61912,2,1,1998,15,15,15,15,15,15,15,15,15,15
61913,1,1,1998,2,2,2,2,2,2,2,2,2,2
61913,2,1,1998,0,0,0,0,0,0,0,0,0,0
61914,1,1,1998,0,18,0,0,0,0,0,0,31,0
61914,2,1,1998,0,0,0,0,0,0,0,0,0,0
61915,1,1,1998,0,0,0,0,0,0,0,0,0,0
61915,2,1,1998,0,0,0,0,0,0,0,0,0,0
61916,1,1,1998,20,20,20,20,20,20,20,20,20,20
61916,2,1,1998,0,0,0,0,0,0,0,0,0,0
61917,1,1,1998,0,0,0,0,0,0,0,0,0,0
61917,2,1,1998,0,0,0,0,0,0,0,0,0,0
61918,0,1,1998,0,0,0,0,0,0,0,0,0,0
61918,1,1,1998,0,0,20,9,0,9,0,12,0,0
61919,1,1,1998,0,0,0,0,0,0,0,0,0,0
61920,1,1,1998,0,0,0,0,0,0,0,0,0,0
61921,1,1,1998,0,0,0,0,0,0,0,0,0,0
61922,1,1,1998,0,0,0,0,0,0,0,0,0,0
61923,1,1,1998,0,0,0,0,0,0,0,0,0,0
61924,1,1,1998,6,6,6,6,6,6,6,6,6,6
61925,1,1,1998,0,0,0,0,0,0,0,0,0,0
61926,0,1,1998,40,40,40,40,40,40,40,40,40,40
61926,1,1,1998,0,0,0,0,0,0,0,0,0,0
61927,1,1,1998,0,0,0,0,0,0,0,0,0,0
61928,1,1,1998,0,0,0,0,0,0,0,0,0,0
61929,1,1,1998,0,0,0,0,0,0,0,0,0,0
61930,1,1,1998,0,0,0,0,0,0,0,0,0,0
61931,1,1,1998,30,30,30,30,30,30,30,30,30,30
61932,1,1,1998,0,0,0,0,0,0,0,0,0,0
61933,1,1,1998,3,3,3,3,3,3,3,3,3,3
61934,1,1,1998,0,0,0,0,0,0,0,0,0,0
61935,1,1,1998,2,2,2,2,2,2,2,2,2,2
61936,1,1,1998,0,0,0,0,0,0,0,0,0,0
61937,1,1,1998,24,24,24,24,24,24,24,24,24,24
61938,1,1,1998,19,19,19,19,19,19,19,19,19,19
61939,1,1,1998,0,0,0,0,0,0,0,0,0,0
61940,1,1,1998,12,12,12,12,12,12,12,12,12,12
61941,0,1,1998,7,7,7,7,7,7,7,7,7,7
61941,1,1,1998,0,0,0,0,0,0,0,0,0,0
61942,1,1,1998,0,0,0,0,0,0,0,0,0,0
61943,1,1,1998,6,6,6,6,6,6,6,6,6,6
61944,0,1,1998,0,0,0,0,0,0,0,0,0,0
61944,1,1,1998,0,0,0,0,0,0,0,0,0,0
61945,1,1,1998,0,0,0,0,0,0,0,0,0,0
61946,1,1,1998,7,26,12,17,29,9,12,6,12,4
61947,1,1,1998,0,0,0,0,0,0,0,0,0,0
61948,1,1,1998,19,19,19,19,19,19,19,19,19,19
61949,1,1,1998,19,19,19,19,19,19,19,19,19,19
61950,1,1,1998,0,0,0,0,0,0,0,0,0,0
61951,1,1,1998,16,16,16,16,16,16,16,16,16,16
61952,1,1,1998,0,0,0,0,0,0,0,0,0,0
61952,2,1,1998,0,0,0,0,0,0,0,0,0,0
61953,1,1,1998,14,14,14,14,14,14,14,14,14,14
61954,1,1,1998,0,0,0,0,0,0,0,0,0,0
61955,0,1,1998,25,25,25,25,25,25,25,25,25,25
61955,1,1,1998,0,0,0,0,0,0,0,0,0,0
61956,0,1,1998,0,0,0,0,0,0,0,0,0,0
61956,1,1,1998,0,0,0,0,0,0,0,0,0,0
61957,1,1,1998,2,2,2,2,2,2,2,2,2,2
61958,1,1,1998,0,11,0,0,0,0,0,0,0,0
61959,1,1,1998,16,16,16,16,16,16,16,16,16,16
61960,0,1,1998,0,0,0,0,0,0,0,0,0,0
61960,1,1,1998,0,0,0,0,0,0,0,0,18,0
61961,0,1,1998,0,0,0,0,0,0,0,0,0,0
61961,1,1,1998,0,0,0,0,0,0,0,0,0,0
61962,1,1,1998,0,0,0,0,0,0,0,11,0,0
61963,1,1,1998,0,0,0,0,0,0,0,0,0,0
61964,1,1,1998,47,47,47,47,47,47,47,47,47,47
61965,1,1,1998,0,0,0,0,0,0,0,0,0,0
61966,1,1,1998,20,20,20,20,20,20,20,20,20,20
61967,0,1,1998,0,0,0,0,0,0,0,0,0,0
61967,1,1,1998,0,0,0,0,0,0,0,0,0,0
61968,0,1,1998,0,0,0,0,0,0,0,0,0,0
61968,1,1,1998,0,0,0,0,0,0,0,0,0,0
61969,1,1,1998,0,0,0,0,0,0,0,0,0,0
61970,1,1,1998,0,0,0,0,0,0,0,0,0,0
61971,1,1,1998,0,0,0,0,0,0,0,0,0,0
61972,1,1,1998,17,17,17,17,17,17,17,17,17,17
61973,1,1,1998,23,23,23,23,23,23,23,23,23,23
61974,1,1,1998,4,4,4,4,4,4,4,4,4,4
61975,0,1,1998,15,15,15,15,15,15,15,15,15,15
61975,1,1,1998,0,0,0,0,0,0,0,0,0,0
61976,0,1,1998,0,0,0,0,0,0,0,0,0,0
61976,1,1,1998,0,0,0,0,0,0,0,0,0,0
61977,0,1,1998,21,21,21,21,21,21,21,21,21,21
61977,1,1,1998,0,0,0,0,0,0,0,0,0,0
61978,0,1,1998,0,0,0,0,0,0,0,0,0,10
61978,1,1,1998,0,0,0,0,0,0,0,0,0,0
61979,1,1,1998,25,25,25,25,25,25,25,25,25,25
61980,1,1,1998,0,0,0,0,0,0,0,0,0,0
61980,2,1,1998,0,0,0,0,0,0,0,0,0,0
61981,0,1,1998,0,0,0,0,0,0,0,0,0,0
61981,1,1,1998,0,0,0,0,0,0,0,0,0,0
61982,1,1,1998,0,0,0,0,0,0,0,0,0,0
61983,1,1,1998,0,0,0,0,0,0,0,0,0,0
61984,1,1,1998,0,0,0,0,0,0,0,0,0,0
61985,1,1,1998,0,0,0,0,0,0,0,0,0,0
61985,2,1,1998,0,0,0,0,0,0,0,0,0,0
61986,1,1,1998,15,15,15,15,15,15,15,15,15,15
61986,2,1,1998,0,0,0,0,0,0,0,0,0,0
61987,0,1,1998,0,0,0,0,0,0,0,0,0,0
61987,1,1,1998,0,0,0,0,0,0,0,0,0,0
61988,0,1,1998,15,0,14,30,20,0,0,17,0,3
61988,1,1,1998,0,0,0,5,0,0,20,9,10,10
61989,1,1,1998,7,7,7,7,7,7,7,7,7,7
61990,0,1,1998,0,0,0,0,0,0,0,0,0,0
61990,1,1,1998,12,4,0,0,19,0,27,21,0,0
61991,0,1,1998,23,23,23,23,23,23,23,23,23,23
61991,1,1,1998,12,12,12,12,12,12,12,12,12,12
61992,1,1,1998,4,4,4,4,4,4,4,4,4,4
61993,0,1,1998,21,21,21,21,21,21,21,21,21,21
61993,1,1,1998,5,0,0,0,0,0,0,0,0,0
61994,1,1,1998,2,2,2,2,2,2,2,2,2,2
61995,1,1,1998,24,24,24,24,24,24,24,24,24,24
61996,1,1,1998,16,16,16,16,16,16,16,16,16,16
61997,0,1,1998,25,25,25,25,25,25,25,25,25,25
61997,1,1,1998,0,0,0,0,0,0,0,10,0,18
61998,1,1,1998,27,27,27,27,27,27,27,27,27,27
61999,1,1,1998,0,0,0,0,0,0,0,0,0,0
62000,1,1,1998,0,0,0,0,0,0,0,0,0,0
62001,0,1,1998,0,0,0,0,0,0,0,0,0,0
62001,1,1,1998,0,0,16,13,0,0,0,0,0,0
62002,0,1,1998,0,0,0,0,0,0,0,0,0,0
62002,1,1,1998,0,0,0,0,0,0,0,0,0,0
62003,1,1,1998,0,0,0,0,0,0,0,0,0,0
62004,0,1,1998,0,0,0,0,0,0,0,0,0,0
62004,1,1,1998,0,0,0,0,0,0,0,0,0,0
62005,1,1,1998,0,0,0,0,0,0,0,0,0,0
62006,0,1,1998,26,26,26,26,26,26,26,26,26,26
62006,1,1,1998,0,0,0,0,0,0,0,0,0,0
62007,0,1,1998,0,0,0,0,0,0,0,0,0,0
62007,1,1,1998,0,0,0,0,0,0,0,0,0,0
62008,1,1,1998,0,0,0,0,0,0,0,0,0,0
62009,1,1,1998,7,7,7,7,7,7,7,7,7,7
62010,0,1,1998,0,0,0,0,0,0,0,0,0,0
62010,1,1,1998,0,13,0,9,0,0,0,0,0,0
62011,1,1,1998,17,17,17,17,17,17,17,17,17,17
62012,1,1,1998,0,0,0,0,0,0,0,0,0,0
62013,1,1,1998,10,10,10,10,10,10,10,10,10,10
62014,1,1,1998,15,15,15,15,15,15,15,15,15,15
62015,1,1,1998,0,0,0,0,0,0,0,0,0,0
62016,1,1,1998,0,0,0,0,0,0,0,0,0,0
62017,0,1,1998,0,0,0,0,0,0,0,0,0,0
62017,1,1,1998,17,0,0,11,0,28,0,14,5,18
62018,1,1,1998,13,13,13,13,13,13,13,13,13,13
62019,1,1,1998,34,34,34,34,34,34,34,34,34,34
62020,1,1,1998,0,0,0,0,0,0,0,0,0,0
62021,1,1,1998,15,15,15,15,15,15,15,15,15,15
62022,0,1,1998,0,0,0,0,0,0,0,0,0,0
62022,1,1,1998,0,0,0,0,0,0,0,0,0,0
62023,1,1,1998,12,12,12,12,12,12,12,12,12,12
62024,0,1,1998,38,38,38,38,38,38,38,38,38,38
62024,1,1,1998,0,0,0,0,0,0,0,0,0,0
62025,0,1,1998,0,0,0,0,0,0,0,0,0,0
62025,1,1,1998,0,0,0,0,0,20,0,0,0,0
62026,1,1,1998,2,2,2,2,2,2,2,2,2,2
62027,1,1,1998,19,19,19,19,19,19,19,19,19,19
62028,1,1,1998,0,0,0,0,0,0,0,0,0,0
62029,0,1,1998,0,0,0,0,0,0,0,0,0,0
62029,1,1,1998,0,0,0,0,0,0,0,0,0,0
62030,0,1,1998,0,0,5,0,0,0,16,0,0,0
62030,1,1,1998,0,0,0,0,0,0,0,0,0,0
62031,0,1,1998,0,0,0,0,0,0,0,0,0,0
62031,1,1,1998,0,0,0,0,0,0,0,0,0,0
62032,1,1,1998,0,0,0,0,0,0,0,0,0,0
62033,0,1,1998,0,0,0,0,0,0,0,0,0,0
62033,1,1,1998,0,0,0,0,0,0,0,0,0,0
62034,1,1,1998,0,0,0,0,0,0,0,0,0,0
62035,1,1,1998,0,0,0,0,0,0,0,0,0,0
62036,0,1,1998,0,0,0,0,0,0,0,0,0,0
62036,1,1,1998,0,0,0,0,0,0,0,0,0,0
62037,1,1,1998,0,0,0,0,0,0,0,0,0,0
62037,2,1,1998,16,0,0,0,13,0,0,0,0,7
62038,1,1,1998,10,10,10,10,10,10,10,10,10,10
62039,1,1,1998,0,0,0,0,0,0,0,0,0,0
62039,2,1,1998,0,0,0,0,0,0,0,0,0,0
62040,1,1,1998,0,0,0,0,0,0,0,0,0,0
62040,2,1,1998,0,0,0,0,0,0,0,0,0,0
62041,0,1,1998,27,22,7,12,29,31,9,26,44,14
62041,1,1,1998,4,4,4,4,4,4,4,4,4,4
62042,1,1,1998,17,17,17,17,17,17,17,17,17,17
62042,2,1,1998,0,0,0,0,0,0,0,0,0,0
62043,0,1,1998,24,24,24,24,24,24,24,24,24,24
62043,1,1,1998,11,11,11,11,11,11,11,11,11,11
62043,2,1,1998,0,0,0,0,0,16,28,14,8,6
62044,1,1,1998,0,0,0,0,0,0,0,0,0,0
62044,2,1,1998,0,0,0,0,0,0,0,0,0,0
62045,1,1,1998,13,13,13,13,13,13,13,13,13,13
62046,1,1,1998,0,0,0,0,0,0,0,0,0,0
62047,0,1,1998,0,0,0,0,0,0,0,0,0,0
62047,1,1,1998,0,0,0,0,0,0,0,0,0,0
62048,1,1,1998,0,0,0,0,0,0,0,0,0,0
62048,2,1,1998,5,5,5,5,5,5,5,5,5,5
62049,0,1,1998,50,50,50,50,50,50,50,50,50,50
62049,1,1,1998,0,0,0,0,0,0,0,0,0,0
62050,1,1,1998,0,0,0,0,0,0,0,0,0,0
62051,1,1,1998,0,0,0,0,0,0,0,0,0,0
62052,0,1,1998,36,36,36,36,36,36,36,36,36,36
62052,1,1,1998,7,9,0,0,0,0,0,0,0,23
62053,0,1,1998,28,28,28,28,28,28,28,28,28,28
62053,1,1,1998,4,4,4,4,4,4,4,4,4,4
62054,0,1,1998,0,0,0,0,0,0,0,0,0,0
62054,1,1,1998,0,0,0,0,0,0,0,0,0,0
62055,1,1,1998,22,22,22,22,22,22,22,22,22,22
62056,1,1,1998,18,18,18,18,18,18,18,18,18,18
62057,0,1,1998,0,0,0,0,0,0,0,0,0,0
62057,1,1,1998,0,0,14,0,0,0,0,0,0,0
62058,1,1,1998,0,11,13,0,0,0,0,0,0,0
62059,1,1,1998,0,0,0,0,0,0,0,0,0,0
62060,1,1,1998,13,0,16,45,19,21,4,11,0,18
62061,1,1,1998,0,0,0,0,0,0,0,0,0,0
62062,0,1,1998,13,13,13,13,13,13,13,13,13,13
62062,1,1,1998,0,22,0,8,12,18,25,0,0,0
62063,1,1,1998,0,0,0,0,0,0,0,0,0,0
62064,0,1,1998,0,0,0,0,0,0,0,0,0,0
62064,1,1,1998,0,0,0,0,0,0,0,0,0,9
62065,1,1,1998,0,0,0,0,0,0,0,0,0,0
62066,1,1,1998,6,6,6,6,6,6,6,6,6,6
62067,1,1,1998,15,15,15,15,15,15,15,15,15,15
62068,1,1,1998,20,20,20,20,20,20,20,20,20,20
62069,1,1,1998,15,15,15,15,15,15,15,15,15,15
62070,1,1,1998,0,0,0,0,0,0,0,0,0,0
62071,1,1,1998,0,0,0,0,0,0,0,0,0,0
62072,1,1,1998,0,0,0,0,0,0,0,0,0,0
62073,1,1,1998,16,16,16,16,16,16,16,16,16,16
62074,0,1,1998,37,37,37,37,37,37,37,37,37,37
62074,1,1,1998,0,0,0,0,0,0,0,0,0,0
62075,1,1,1998,27,27,27,27,27,27,27,27,27,27
62076,1,1,1998,0,0,0,0,0,0,0,0,0,0
62077,1,1,1998,0,0,0,0,0,0,0,0,0,0
62077,2,1,1998,0,0,0,0,0,0,0,0,0,0
62078,1,1,1998,0,0,0,0,0,0,0,0,0,0
62078,2,1,1998,0,0,0,0,0,0,0,0,0,0
62078,3,1,1998,7,0,0,0,0,0,0,0,0,0
62078,4,1,1998,2,2,2,2,2,2,2,2,2,2
62078,5,1,1998,0,0,0,0,0,0,0,0,0,0
62078,6,1,1998,0,0,0,0,0,0,0,0,0,0
62078,7,1,1998,0,0,0,0,0,0,0,0,0,0
62079,1,1,1998,0,0,0,0,0,0,0,0,0,0
62079,2,1,1998,0,0,0,0,0,0,0,0,0,0
62080,1,1,1998,0,0,0,0,0,0,0,0,0,0
62081,0,1,1998,0,0,0,0,0,0,0,0,0,0
62081,1,1,1998,0,0,0,0,0,0,0,0,0,0
62082,0,1,1998,0,0,0,0,0,0,0,0,0,0
62082,1,1,1998,0,0,0,0,0,0,0,0,0,0
62083,1,1,1998,20,20,20,20,20,20,20,20,20,20
62084,1,1,1998,2,2,2,2,2,2,2,2,2,2
62085,1,1,1998,0,0,0,0,0,0,0,0,0,0
62086,1,1,1998,0,0,0,0,0,0,0,0,0,0
62087,0,1,1998,0,0,0,0,0,0,0,0,0,0
62087,1,1,1998,0,0,0,0,0,0,0,0,0,0
62088,1,1,1998,15,15,15,15,15,15,15,15,15,15
62089,1,1,1998,19,19,19,19,19,19,19,19,19,19
62090,1,1,1998,0,0,0,0,0,0,0,0,0,0
62091,0,1,1998,6,6,6,6,6,6,6,6,6,6
62091,1,1,1998,18,18,18,18,18,18,18,18,18,18
62092,0,1,1998,0,0,0,0,0,0,0,0,0,0
62092,1,1,1998,0,0,0,0,0,0,0,0,0,0
62093,1,1,1998,0,0,0,0,0,0,0,0,0,0
62093,2,1,1998,0,0,0,0,0,0,0,0,0,0
62094,0,1,1998,26,26,26,26,26,26,26,26,26,26
62094,1,1,1998,11,11,11,11,11,11,11,11,11,11
62095,0,1,1998,0,0,0,0,0,0,0,0,0,0
62095,1,1,1998,11,11,11,11,11,11,11,11,11,11
62096,1,1,1998,2,2,2,2,2,2,2,2,2,2
62097,1,1,1998,0,0,0,7,0,0,0,0,0,0
62098,0,1,1998,34,34,34,34,34,34,34,34,34,34
62098,1,1,1998,0,0,0,11,0,5,0,0,0,0
62099,1,1,1998,23,23,23,23,23,23,23,23,23,23
62100,0,1,1998,0,0,0,0,0,0,0,0,0,0
62100,1,1,1998,8,8,8,8,8,8,8,8,8,8
62101,1,1,1998,23,23,23,23,23,23,23,23,23,23
62102,0,1,1998,17,17,17,17,17,17,17,17,17,17
62102,1,1,1998,0,0,0,0,0,0,0,0,0,0
62103,0,1,1998,20,20,20,20,20,20,20,20,20,20
62103,1,1,1998,0,0,0,9,0,0,0,0,0,0
62104,1,1,1998,27,27,27,27,27,27,27,27,27,27
62104,2,1,1998,0,0,0,0,0,0,0,0,0,0
62105,1,1,1998,0,0,0,0,0,0,0,0,0,0
62105,2,1,1998,0,0,0,0,0,0,0,0,0,0
62106,1,1,1998,0,0,0,0,0,0,0,0,0,0
62107,1,1,1998,0,0,0,0,0,0,0,0,0,0
62108,1,1,1998,0,0,0,0,0,0,0,0,0,0
62108,2,1,1998,0,0,0,0,0,0,0,0,0,0
62109,0,1,1998,0,0,0,0,0,0,0,0,0,0
62109,1,1,1998,0,0,0,0,0,0,0,0,0,0
62110,1,1,1998,14,14,14,14,14,14,14,14,14,14
62111,0,1,1998,0,0,0,0,33,0,0,16,0,0
62111,1,1,1998,0,0,0,0,0,0,0,0,0,0
62112,1,1,1998,0,0,0,0,0,0,0,0,0,0
62113,0,1,1998,18,18,18,18,18,18,18,18,18,18
62113,1,1,1998,12,15,15,16,6,12,0,13,3,23
62114,0,1,1998,0,0,0,0,0,0,0,0,0,0
62114,1,1,1998,0,0,0,0,0,0,0,0,0,0
62115,1,1,1998,9,9,9,9,9,9,9,9,9,9
62116,1,1,1998,0,0,0,0,0,0,0,0,0,0
62117,0,1,1998,0,0,0,0,0,0,0,0,0,0
62117,1,1,1998,21,25,0,24,23,0,0,7,18,11
62118,1,1,1998,7,7,7,7,7,7,7,7,7,7
62119,1,1,1998,0,0,0,0,0,0,0,0,0,0
62120,0,1,1998,0,0,0,0,0,0,0,0,0,0
62120,1,1,1998,0,0,0,0,0,0,0,0,0,0
62121,1,1,1998,2,2,2,2,2,2,2,2,2,2
62122,1,1,1998,13,13,13,13,13,13,13,13,13,13
62123,0,1,1998,0,0,0,0,0,0,0,0,0,0
62123,1,1,1998,0,0,0,0,0,0,0,0,0,0
62124,1,1,1998,0,0,0,0,0,0,0,0,0,0
62125,1,1,1998,18,18,18,18,18,18,18,18,18,18
62126,1,1,1998,0,0,0,0,0,0,0,0,0,0
62127,1,1,1998,0,0,23,0,33,0,0,0,0,0
62128,0,1,1998,0,0,0,0,0,0,0,0,0,0
62128,1,1,1998,0,0,0,0,0,0,0,0,0,0
62129,1,1,1998,0,0,0,0,0,0,0,0,0,0
62130,1,1,1998,9,9,9,9,9,9,9,9,9,9
62131,1,1,1998,0,0,0,0,0,0,0,0,0,0
62132,1,1,1998,0,0,0,0,11,0,0,0,0,0
62133,0,1,1998,29,5,8,27,29,15,19,22,0,34
62133,1,1,1998,0,0,0,0,0,0,0,0,0,9
62134,1,1,1998,0,0,0,0,0,0,0,0,0,0
62135,1,1,1998,0,0,0,0,0,0,0,0,0,0
62135,2,1,1998,0,0,0,0,0,5,0,0,0,0
62136,1,1,1998,0,0,0,0,0,0,0,0,0,0
62136,2,1,1998,0,6,6,0,0,0,0,0,5,0
62136,3,1,1998,0,0,0,0,0,0,0,0,0,0
62137,1,1,1998,0,0,0,0,0,0,0,0,0,0
62137,2,1,1998,0,0,0,0,0,0,0,0,0,0
62138,1,1,1998,0,0,0,0,0,0,0,0,0,0
62138,2,1,1998,0,0,0,0,0,0,0,0,0,0
62139,1,1,1998,0,0,0,0,0,0,0,0,0,0
62139,2,1,1998,0,0,0,0,0,0,0,0,0,0
62140,0,1,1998,0,0,0,0,0,0,0,0,0,0
62140,1,1,1998,0,0,0,0,12,0,0,0,0,0
62141,1,1,1998,0,0,0,0,0,0,0,0,0,0
62142,1,1,1998,0,0,0,0,0,0,0,0,0,0
62142,2,1,1998,0,0,0,0,0,0,0,0,0,0
62142,3,1,1998,0,0,0,0,15,0,0,0,0,0
62143,1,1,1998,0,0,0,0,0,0,0,0,0,0
62144,1,1,1998,0,0,0,0,0,0,0,0,0,0
62145,1,1,1998,0,0,0,0,0,0,0,0,0,0
62145,2,1,1998,0,0,0,0,0,0,0,0,0,0
62145,3,1,1998,0,0,0,0,0,0,0,0,0,0
62146,1,1,1998,0,0,0,0,0,0,0,0,0,0
62146,2,1,1998,0,0,0,0,0,0,0,0,0,0
62147,1,1,1998,0,0,0,0,0,0,0,0,0,0
62147,2,1,1998,0,0,0,0,0,0,0,0,0,0
62148,1,1,1998,0,0,0,0,0,0,0,0,0,0
62148,2,1,1998,0,0,0,0,0,0,0,0,0,0
62149,1,1,1998,0,0,0,0,0,0,0,0,0,0
62149,2,1,1998,0,4,0,0,0,0,0,0,9,0